Time Interval,Browse Path,Value Source,Data Type
0,Devices/[DemoWWTP]/Controller:Global/AI_DOP201_DATA.EnableIn,,Boolean
0,Devices/[DemoWWTP]/Controller:Global/AI_DOP201_DATA.EnableOut,,Boolean
0,Devices/[DemoWWTP]/Controller:Global/AI_DOP201_DATA.Raw,,Int16
0,Devices/[DemoWWTP]/Controller:Global/AI_DOP201_DATA.RawMin,,Int16
0,Devices/[DemoWWTP]/Controller:Global/AI_DOP201_DATA.RawMax,,Int16
0,Devices/[DemoWWTP]/Controller:Global/AI_DOP201_DATA.EngMin,,Float
0,Devices/[DemoWWTP]/Controller:Global/AI_DOP201_DATA.EngMax,,Float
0,Devices/[DemoWWTP]/Controller:Global/AI_DOP201_DATA.AI_Ext,,Boolean
0,Devices/[DemoWWTP]/Controller:Global/AI_DOP201_DATA.AI_En,,Boolean
0,Devices/[DemoWWTP]/Controller:Global/AI_DOP201_DATA.Sim,,Boolean
0,Devices/[DemoWWTP]/Controller:Global/AI_DOP201_DATA.Reset,,Boolean
0,Devices/[DemoWWTP]/Controller:Global/AI_DOP201_DATA.Scaled,,Float
0,Devices/[DemoWWTP]/Controller:Global/AI_DOP201_DATA.PV,,Float
0,Devices/[DemoWWTP]/Controller:Global/AI_DOP201_DATA.AvgCntSP,,Int32
0,Devices/[DemoWWTP]/Controller:Global/AI_DOP201_DATA.ResetPB,,Boolean
0,Devices/[DemoWWTP]/Controller:Global/AI_DOP201_DATA.HiHi_En,,Boolean
0,Devices/[DemoWWTP]/Controller:Global/AI_DOP201_DATA.Hi_En,,Boolean
0,Devices/[DemoWWTP]/Controller:Global/AI_DOP201_DATA.Lo_En,,Boolean
0,Devices/[DemoWWTP]/Controller:Global/AI_DOP201_DATA.LoLo_En,,Boolean
0,Devices/[DemoWWTP]/Controller:Global/AI_DOP201_DATA.HiHi_ASP,,Float
0,Devices/[DemoWWTP]/Controller:Global/AI_DOP201_DATA.Hi_ASP,,Float
0,Devices/[DemoWWTP]/Controller:Global/AI_DOP201_DATA.Lo_ASP,,Float
0,Devices/[DemoWWTP]/Controller:Global/AI_DOP201_DATA.LoLo_ASP,,Float
0,Devices/[DemoWWTP]/Controller:Global/AI_DOP201_DATA.TxFlt_Time,,Float
0,Devices/[DemoWWTP]/Controller:Global/AI_DOP201_DATA.HiHi_Time,,Float
0,Devices/[DemoWWTP]/Controller:Global/AI_DOP201_DATA.Hi_Time,,Float
0,Devices/[DemoWWTP]/Controller:Global/AI_DOP201_DATA.Lo_Time,,Float
0,Devices/[DemoWWTP]/Controller:Global/AI_DOP201_DATA.LoLo_Time,,Float
0,Devices/[DemoWWTP]/Controller:Global/AI_DOP201_DATA.Avail,,Boolean
0,Devices/[DemoWWTP]/Controller:Global/AI_DOP201_DATA.Alarms,,Int16
0,Devices/[DemoWWTP]/Controller:Global/AI_DOP201_DATA.Fault,,Boolean
0,Devices/[DemoWWTP]/Controller:Global/AI_DOP201_DATA.TxFlt,,Boolean
0,Devices/[DemoWWTP]/Controller:Global/AI_DOP201_DATA.HiHi,,Boolean
0,Devices/[DemoWWTP]/Controller:Global/AI_DOP201_DATA.Hi,,Boolean
0,Devices/[DemoWWTP]/Controller:Global/AI_DOP201_DATA.Lo,,Boolean
0,Devices/[DemoWWTP]/Controller:Global/AI_DOP201_DATA.LoLo,,Boolean
0,Devices/[DemoWWTP]/Controller:Global/AI_DOP201_DATA.FQ_Wrn,,Boolean
0,Devices/[DemoWWTP]/Controller:Global/AI_DOP201_DATA.Sim_Alm_En,,Boolean
0,Devices/[DemoWWTP]/Controller:Global/AI_DOP201_DATA.ExtReset,,Boolean
0,Devices/[DemoWWTP]/Controller:Global/AI_DOP201_DATA.Latch_Time,,Float
0,Devices/[DemoWWTP]/Controller:Global/AI_DOP201_DATA.RecordStats,,Boolean
0,Devices/[DemoWWTP]/Controller:Global/AI_DOP201_DATA.ResetStats,,Boolean
0,Devices/[DemoWWTP]/Controller:Global/AI_DOP201_DATA.RecMin,,Float
0,Devices/[DemoWWTP]/Controller:Global/AI_DOP201_DATA.RecMax,,Float
0,Devices/[DemoWWTP]/Controller:Global/AI_DOP201_DATA.RecAvg,,Float
0,Devices/[DemoWWTP]/Controller:Global/AI_DOP201_DATA.RecMinPrev,,Float
0,Devices/[DemoWWTP]/Controller:Global/AI_DOP201_DATA.RecMaxPrev,,Float
0,Devices/[DemoWWTP]/Controller:Global/AI_DOP201_DATA.RecAvgPrev,,Float
0,Devices/[DemoWWTP]/Controller:Global/AI_PLS102_DATA.EnableIn,,Boolean
0,Devices/[DemoWWTP]/Controller:Global/AI_PLS102_DATA.EnableOut,,Boolean
0,Devices/[DemoWWTP]/Controller:Global/AI_PLS102_DATA.Raw,,Int16
0,Devices/[DemoWWTP]/Controller:Global/AI_PLS102_DATA.RawMin,,Int16
0,Devices/[DemoWWTP]/Controller:Global/AI_PLS102_DATA.RawMax,,Int16
0,Devices/[DemoWWTP]/Controller:Global/AI_PLS102_DATA.EngMin,,Float
0,Devices/[DemoWWTP]/Controller:Global/AI_PLS102_DATA.EngMax,,Float
0,Devices/[DemoWWTP]/Controller:Global/AI_PLS102_DATA.AI_Ext,,Boolean
0,Devices/[DemoWWTP]/Controller:Global/AI_PLS102_DATA.AI_En,,Boolean
0,Devices/[DemoWWTP]/Controller:Global/AI_PLS102_DATA.Sim,,Boolean
0,Devices/[DemoWWTP]/Controller:Global/AI_PLS102_DATA.Reset,,Boolean
0,Devices/[DemoWWTP]/Controller:Global/AI_PLS102_DATA.Scaled,,Float
0,Devices/[DemoWWTP]/Controller:Global/AI_PLS102_DATA.PV,,Float
0,Devices/[DemoWWTP]/Controller:Global/AI_PLS102_DATA.AvgCntSP,,Int32
0,Devices/[DemoWWTP]/Controller:Global/AI_PLS102_DATA.ResetPB,,Boolean
0,Devices/[DemoWWTP]/Controller:Global/AI_PLS102_DATA.HiHi_En,,Boolean
0,Devices/[DemoWWTP]/Controller:Global/AI_PLS102_DATA.Hi_En,,Boolean
0,Devices/[DemoWWTP]/Controller:Global/AI_PLS102_DATA.Lo_En,,Boolean
0,Devices/[DemoWWTP]/Controller:Global/AI_PLS102_DATA.LoLo_En,,Boolean
0,Devices/[DemoWWTP]/Controller:Global/AI_PLS102_DATA.HiHi_ASP,,Float
0,Devices/[DemoWWTP]/Controller:Global/AI_PLS102_DATA.Hi_ASP,,Float
0,Devices/[DemoWWTP]/Controller:Global/AI_PLS102_DATA.Lo_ASP,,Float
0,Devices/[DemoWWTP]/Controller:Global/AI_PLS102_DATA.LoLo_ASP,,Float
0,Devices/[DemoWWTP]/Controller:Global/AI_PLS102_DATA.TxFlt_Time,,Float
0,Devices/[DemoWWTP]/Controller:Global/AI_PLS102_DATA.HiHi_Time,,Float
0,Devices/[DemoWWTP]/Controller:Global/AI_PLS102_DATA.Hi_Time,,Float
0,Devices/[DemoWWTP]/Controller:Global/AI_PLS102_DATA.Lo_Time,,Float
0,Devices/[DemoWWTP]/Controller:Global/AI_PLS102_DATA.LoLo_Time,,Float
0,Devices/[DemoWWTP]/Controller:Global/AI_PLS102_DATA.Avail,,Boolean
0,Devices/[DemoWWTP]/Controller:Global/AI_PLS102_DATA.Alarms,,Int16
0,Devices/[DemoWWTP]/Controller:Global/AI_PLS102_DATA.Fault,,Boolean
0,Devices/[DemoWWTP]/Controller:Global/AI_PLS102_DATA.TxFlt,,Boolean
0,Devices/[DemoWWTP]/Controller:Global/AI_PLS102_DATA.HiHi,,Boolean
0,Devices/[DemoWWTP]/Controller:Global/AI_PLS102_DATA.Hi,,Boolean
0,Devices/[DemoWWTP]/Controller:Global/AI_PLS102_DATA.Lo,,Boolean
0,Devices/[DemoWWTP]/Controller:Global/AI_PLS102_DATA.LoLo,,Boolean
0,Devices/[DemoWWTP]/Controller:Global/AI_PLS102_DATA.FQ_Wrn,,Boolean
0,Devices/[DemoWWTP]/Controller:Global/AI_PLS102_DATA.Sim_Alm_En,,Boolean
0,Devices/[DemoWWTP]/Controller:Global/AI_PLS102_DATA.ExtReset,,Boolean
0,Devices/[DemoWWTP]/Controller:Global/AI_PLS102_DATA.Latch_Time,,Float
0,Devices/[DemoWWTP]/Controller:Global/AI_PLS102_DATA.RecordStats,,Boolean
0,Devices/[DemoWWTP]/Controller:Global/AI_PLS102_DATA.ResetStats,,Boolean
0,Devices/[DemoWWTP]/Controller:Global/AI_PLS102_DATA.RecMin,,Float
0,Devices/[DemoWWTP]/Controller:Global/AI_PLS102_DATA.RecMax,,Float
0,Devices/[DemoWWTP]/Controller:Global/AI_PLS102_DATA.RecAvg,,Float
0,Devices/[DemoWWTP]/Controller:Global/AI_PLS102_DATA.RecMinPrev,,Float
0,Devices/[DemoWWTP]/Controller:Global/AI_PLS102_DATA.RecMaxPrev,,Float
0,Devices/[DemoWWTP]/Controller:Global/AI_PLS102_DATA.RecAvgPrev,,Float
0,Devices/[DemoWWTP]/Controller:Global/AI_PLS201_DATA.EnableIn,,Boolean
0,Devices/[DemoWWTP]/Controller:Global/AI_PLS201_DATA.EnableOut,,Boolean
0,Devices/[DemoWWTP]/Controller:Global/AI_PLS201_DATA.Raw,,Int16
0,Devices/[DemoWWTP]/Controller:Global/AI_PLS201_DATA.RawMin,,Int16
0,Devices/[DemoWWTP]/Controller:Global/AI_PLS201_DATA.RawMax,,Int16
0,Devices/[DemoWWTP]/Controller:Global/AI_PLS201_DATA.EngMin,,Float
0,Devices/[DemoWWTP]/Controller:Global/AI_PLS201_DATA.EngMax,,Float
0,Devices/[DemoWWTP]/Controller:Global/AI_PLS201_DATA.AI_Ext,,Boolean
0,Devices/[DemoWWTP]/Controller:Global/AI_PLS201_DATA.AI_En,,Boolean
0,Devices/[DemoWWTP]/Controller:Global/AI_PLS201_DATA.Sim,,Boolean
0,Devices/[DemoWWTP]/Controller:Global/AI_PLS201_DATA.Reset,,Boolean
0,Devices/[DemoWWTP]/Controller:Global/AI_PLS201_DATA.Scaled,,Float
0,Devices/[DemoWWTP]/Controller:Global/AI_PLS201_DATA.PV,,Float
0,Devices/[DemoWWTP]/Controller:Global/AI_PLS201_DATA.AvgCntSP,,Int32
0,Devices/[DemoWWTP]/Controller:Global/AI_PLS201_DATA.ResetPB,,Boolean
0,Devices/[DemoWWTP]/Controller:Global/AI_PLS201_DATA.HiHi_En,,Boolean
0,Devices/[DemoWWTP]/Controller:Global/AI_PLS201_DATA.Hi_En,,Boolean
0,Devices/[DemoWWTP]/Controller:Global/AI_PLS201_DATA.Lo_En,,Boolean
0,Devices/[DemoWWTP]/Controller:Global/AI_PLS201_DATA.LoLo_En,,Boolean
0,Devices/[DemoWWTP]/Controller:Global/AI_PLS201_DATA.HiHi_ASP,,Float
0,Devices/[DemoWWTP]/Controller:Global/AI_PLS201_DATA.Hi_ASP,,Float
0,Devices/[DemoWWTP]/Controller:Global/AI_PLS201_DATA.Lo_ASP,,Float
0,Devices/[DemoWWTP]/Controller:Global/AI_PLS201_DATA.LoLo_ASP,,Float
0,Devices/[DemoWWTP]/Controller:Global/AI_PLS201_DATA.TxFlt_Time,,Float
0,Devices/[DemoWWTP]/Controller:Global/AI_PLS201_DATA.HiHi_Time,,Float
0,Devices/[DemoWWTP]/Controller:Global/AI_PLS201_DATA.Hi_Time,,Float
0,Devices/[DemoWWTP]/Controller:Global/AI_PLS201_DATA.Lo_Time,,Float
0,Devices/[DemoWWTP]/Controller:Global/AI_PLS201_DATA.LoLo_Time,,Float
0,Devices/[DemoWWTP]/Controller:Global/AI_PLS201_DATA.Avail,,Boolean
0,Devices/[DemoWWTP]/Controller:Global/AI_PLS201_DATA.Alarms,,Int16
0,Devices/[DemoWWTP]/Controller:Global/AI_PLS201_DATA.Fault,,Boolean
0,Devices/[DemoWWTP]/Controller:Global/AI_PLS201_DATA.TxFlt,,Boolean
0,Devices/[DemoWWTP]/Controller:Global/AI_PLS201_DATA.HiHi,,Boolean
0,Devices/[DemoWWTP]/Controller:Global/AI_PLS201_DATA.Hi,,Boolean
0,Devices/[DemoWWTP]/Controller:Global/AI_PLS201_DATA.Lo,,Boolean
0,Devices/[DemoWWTP]/Controller:Global/AI_PLS201_DATA.LoLo,,Boolean
0,Devices/[DemoWWTP]/Controller:Global/AI_PLS201_DATA.FQ_Wrn,,Boolean
0,Devices/[DemoWWTP]/Controller:Global/AI_PLS201_DATA.Sim_Alm_En,,Boolean
0,Devices/[DemoWWTP]/Controller:Global/AI_PLS201_DATA.ExtReset,,Boolean
0,Devices/[DemoWWTP]/Controller:Global/AI_PLS201_DATA.Latch_Time,,Float
0,Devices/[DemoWWTP]/Controller:Global/AI_PLS201_DATA.RecordStats,,Boolean
0,Devices/[DemoWWTP]/Controller:Global/AI_PLS201_DATA.ResetStats,,Boolean
0,Devices/[DemoWWTP]/Controller:Global/AI_PLS201_DATA.RecMin,,Float
0,Devices/[DemoWWTP]/Controller:Global/AI_PLS201_DATA.RecMax,,Float
0,Devices/[DemoWWTP]/Controller:Global/AI_PLS201_DATA.RecAvg,,Float
0,Devices/[DemoWWTP]/Controller:Global/AI_PLS201_DATA.RecMinPrev,,Float
0,Devices/[DemoWWTP]/Controller:Global/AI_PLS201_DATA.RecMaxPrev,,Float
0,Devices/[DemoWWTP]/Controller:Global/AI_PLS201_DATA.RecAvgPrev,,Float
0,Devices/[DemoWWTP]/Controller:Global/AI_PLS202_DATA.EnableIn,,Boolean
0,Devices/[DemoWWTP]/Controller:Global/AI_PLS202_DATA.EnableOut,,Boolean
0,Devices/[DemoWWTP]/Controller:Global/AI_PLS202_DATA.Raw,,Int16
0,Devices/[DemoWWTP]/Controller:Global/AI_PLS202_DATA.RawMin,,Int16
0,Devices/[DemoWWTP]/Controller:Global/AI_PLS202_DATA.RawMax,,Int16
0,Devices/[DemoWWTP]/Controller:Global/AI_PLS202_DATA.EngMin,,Float
0,Devices/[DemoWWTP]/Controller:Global/AI_PLS202_DATA.EngMax,,Float
0,Devices/[DemoWWTP]/Controller:Global/AI_PLS202_DATA.AI_Ext,,Boolean
0,Devices/[DemoWWTP]/Controller:Global/AI_PLS202_DATA.AI_En,,Boolean
0,Devices/[DemoWWTP]/Controller:Global/AI_PLS202_DATA.Sim,,Boolean
0,Devices/[DemoWWTP]/Controller:Global/AI_PLS202_DATA.Reset,,Boolean
0,Devices/[DemoWWTP]/Controller:Global/AI_PLS202_DATA.Scaled,,Float
0,Devices/[DemoWWTP]/Controller:Global/AI_PLS202_DATA.PV,,Float
0,Devices/[DemoWWTP]/Controller:Global/AI_PLS202_DATA.AvgCntSP,,Int32
0,Devices/[DemoWWTP]/Controller:Global/AI_PLS202_DATA.ResetPB,,Boolean
0,Devices/[DemoWWTP]/Controller:Global/AI_PLS202_DATA.HiHi_En,,Boolean
0,Devices/[DemoWWTP]/Controller:Global/AI_PLS202_DATA.Hi_En,,Boolean
0,Devices/[DemoWWTP]/Controller:Global/AI_PLS202_DATA.Lo_En,,Boolean
0,Devices/[DemoWWTP]/Controller:Global/AI_PLS202_DATA.LoLo_En,,Boolean
0,Devices/[DemoWWTP]/Controller:Global/AI_PLS202_DATA.HiHi_ASP,,Float
0,Devices/[DemoWWTP]/Controller:Global/AI_PLS202_DATA.Hi_ASP,,Float
0,Devices/[DemoWWTP]/Controller:Global/AI_PLS202_DATA.Lo_ASP,,Float
0,Devices/[DemoWWTP]/Controller:Global/AI_PLS202_DATA.LoLo_ASP,,Float
0,Devices/[DemoWWTP]/Controller:Global/AI_PLS202_DATA.TxFlt_Time,,Float
0,Devices/[DemoWWTP]/Controller:Global/AI_PLS202_DATA.HiHi_Time,,Float
0,Devices/[DemoWWTP]/Controller:Global/AI_PLS202_DATA.Hi_Time,,Float
0,Devices/[DemoWWTP]/Controller:Global/AI_PLS202_DATA.Lo_Time,,Float
0,Devices/[DemoWWTP]/Controller:Global/AI_PLS202_DATA.LoLo_Time,,Float
0,Devices/[DemoWWTP]/Controller:Global/AI_PLS202_DATA.Avail,,Boolean
0,Devices/[DemoWWTP]/Controller:Global/AI_PLS202_DATA.Alarms,,Int16
0,Devices/[DemoWWTP]/Controller:Global/AI_PLS202_DATA.Fault,,Boolean
0,Devices/[DemoWWTP]/Controller:Global/AI_PLS202_DATA.TxFlt,,Boolean
0,Devices/[DemoWWTP]/Controller:Global/AI_PLS202_DATA.HiHi,,Boolean
0,Devices/[DemoWWTP]/Controller:Global/AI_PLS202_DATA.Hi,,Boolean
0,Devices/[DemoWWTP]/Controller:Global/AI_PLS202_DATA.Lo,,Boolean
0,Devices/[DemoWWTP]/Controller:Global/AI_PLS202_DATA.LoLo,,Boolean
0,Devices/[DemoWWTP]/Controller:Global/AI_PLS202_DATA.FQ_Wrn,,Boolean
0,Devices/[DemoWWTP]/Controller:Global/AI_PLS202_DATA.Sim_Alm_En,,Boolean
0,Devices/[DemoWWTP]/Controller:Global/AI_PLS202_DATA.ExtReset,,Boolean
0,Devices/[DemoWWTP]/Controller:Global/AI_PLS202_DATA.Latch_Time,,Float
0,Devices/[DemoWWTP]/Controller:Global/AI_PLS202_DATA.RecordStats,,Boolean
0,Devices/[DemoWWTP]/Controller:Global/AI_PLS202_DATA.ResetStats,,Boolean
0,Devices/[DemoWWTP]/Controller:Global/AI_PLS202_DATA.RecMin,,Float
0,Devices/[DemoWWTP]/Controller:Global/AI_PLS202_DATA.RecMax,,Float
0,Devices/[DemoWWTP]/Controller:Global/AI_PLS202_DATA.RecAvg,,Float
0,Devices/[DemoWWTP]/Controller:Global/AI_PLS202_DATA.RecMinPrev,,Float
0,Devices/[DemoWWTP]/Controller:Global/AI_PLS202_DATA.RecMaxPrev,,Float
0,Devices/[DemoWWTP]/Controller:Global/AI_PLS202_DATA.RecAvgPrev,,Float
0,Devices/[DemoWWTP]/Controller:Global/AI_PLS301_DATA.EnableIn,,Boolean
0,Devices/[DemoWWTP]/Controller:Global/AI_PLS301_DATA.EnableOut,,Boolean
0,Devices/[DemoWWTP]/Controller:Global/AI_PLS301_DATA.Raw,,Int16
0,Devices/[DemoWWTP]/Controller:Global/AI_PLS301_DATA.RawMin,,Int16
0,Devices/[DemoWWTP]/Controller:Global/AI_PLS301_DATA.RawMax,,Int16
0,Devices/[DemoWWTP]/Controller:Global/AI_PLS301_DATA.EngMin,,Float
0,Devices/[DemoWWTP]/Controller:Global/AI_PLS301_DATA.EngMax,,Float
0,Devices/[DemoWWTP]/Controller:Global/AI_PLS301_DATA.AI_Ext,,Boolean
0,Devices/[DemoWWTP]/Controller:Global/AI_PLS301_DATA.AI_En,,Boolean
0,Devices/[DemoWWTP]/Controller:Global/AI_PLS301_DATA.Sim,,Boolean
0,Devices/[DemoWWTP]/Controller:Global/AI_PLS301_DATA.Reset,,Boolean
0,Devices/[DemoWWTP]/Controller:Global/AI_PLS301_DATA.Scaled,,Float
0,Devices/[DemoWWTP]/Controller:Global/AI_PLS301_DATA.PV,,Float
0,Devices/[DemoWWTP]/Controller:Global/AI_PLS301_DATA.AvgCntSP,,Int32
0,Devices/[DemoWWTP]/Controller:Global/AI_PLS301_DATA.ResetPB,,Boolean
0,Devices/[DemoWWTP]/Controller:Global/AI_PLS301_DATA.HiHi_En,,Boolean
0,Devices/[DemoWWTP]/Controller:Global/AI_PLS301_DATA.Hi_En,,Boolean
0,Devices/[DemoWWTP]/Controller:Global/AI_PLS301_DATA.Lo_En,,Boolean
0,Devices/[DemoWWTP]/Controller:Global/AI_PLS301_DATA.LoLo_En,,Boolean
0,Devices/[DemoWWTP]/Controller:Global/AI_PLS301_DATA.HiHi_ASP,,Float
0,Devices/[DemoWWTP]/Controller:Global/AI_PLS301_DATA.Hi_ASP,,Float
0,Devices/[DemoWWTP]/Controller:Global/AI_PLS301_DATA.Lo_ASP,,Float
0,Devices/[DemoWWTP]/Controller:Global/AI_PLS301_DATA.LoLo_ASP,,Float
0,Devices/[DemoWWTP]/Controller:Global/AI_PLS301_DATA.TxFlt_Time,,Float
0,Devices/[DemoWWTP]/Controller:Global/AI_PLS301_DATA.HiHi_Time,,Float
0,Devices/[DemoWWTP]/Controller:Global/AI_PLS301_DATA.Hi_Time,,Float
0,Devices/[DemoWWTP]/Controller:Global/AI_PLS301_DATA.Lo_Time,,Float
0,Devices/[DemoWWTP]/Controller:Global/AI_PLS301_DATA.LoLo_Time,,Float
0,Devices/[DemoWWTP]/Controller:Global/AI_PLS301_DATA.Avail,,Boolean
0,Devices/[DemoWWTP]/Controller:Global/AI_PLS301_DATA.Alarms,,Int16
0,Devices/[DemoWWTP]/Controller:Global/AI_PLS301_DATA.Fault,,Boolean
0,Devices/[DemoWWTP]/Controller:Global/AI_PLS301_DATA.TxFlt,,Boolean
0,Devices/[DemoWWTP]/Controller:Global/AI_PLS301_DATA.HiHi,,Boolean
0,Devices/[DemoWWTP]/Controller:Global/AI_PLS301_DATA.Hi,,Boolean
0,Devices/[DemoWWTP]/Controller:Global/AI_PLS301_DATA.Lo,,Boolean
0,Devices/[DemoWWTP]/Controller:Global/AI_PLS301_DATA.LoLo,,Boolean
0,Devices/[DemoWWTP]/Controller:Global/AI_PLS301_DATA.FQ_Wrn,,Boolean
0,Devices/[DemoWWTP]/Controller:Global/AI_PLS301_DATA.Sim_Alm_En,,Boolean
0,Devices/[DemoWWTP]/Controller:Global/AI_PLS301_DATA.ExtReset,,Boolean
0,Devices/[DemoWWTP]/Controller:Global/AI_PLS301_DATA.Latch_Time,,Float
0,Devices/[DemoWWTP]/Controller:Global/AI_PLS301_DATA.RecordStats,,Boolean
0,Devices/[DemoWWTP]/Controller:Global/AI_PLS301_DATA.ResetStats,,Boolean
0,Devices/[DemoWWTP]/Controller:Global/AI_PLS301_DATA.RecMin,,Float
0,Devices/[DemoWWTP]/Controller:Global/AI_PLS301_DATA.RecMax,,Float
0,Devices/[DemoWWTP]/Controller:Global/AI_PLS301_DATA.RecAvg,,Float
0,Devices/[DemoWWTP]/Controller:Global/AI_PLS301_DATA.RecMinPrev,,Float
0,Devices/[DemoWWTP]/Controller:Global/AI_PLS301_DATA.RecMaxPrev,,Float
0,Devices/[DemoWWTP]/Controller:Global/AI_PLS301_DATA.RecAvgPrev,,Float
0,Devices/[DemoWWTP]/Controller:Global/AI_PLS401_DATA.EnableIn,,Boolean
0,Devices/[DemoWWTP]/Controller:Global/AI_PLS401_DATA.EnableOut,,Boolean
0,Devices/[DemoWWTP]/Controller:Global/AI_PLS401_DATA.Raw,,Int16
0,Devices/[DemoWWTP]/Controller:Global/AI_PLS401_DATA.RawMin,,Int16
0,Devices/[DemoWWTP]/Controller:Global/AI_PLS401_DATA.RawMax,,Int16
0,Devices/[DemoWWTP]/Controller:Global/AI_PLS401_DATA.EngMin,,Float
0,Devices/[DemoWWTP]/Controller:Global/AI_PLS401_DATA.EngMax,,Float
0,Devices/[DemoWWTP]/Controller:Global/AI_PLS401_DATA.AI_Ext,,Boolean
0,Devices/[DemoWWTP]/Controller:Global/AI_PLS401_DATA.AI_En,,Boolean
0,Devices/[DemoWWTP]/Controller:Global/AI_PLS401_DATA.Sim,,Boolean
0,Devices/[DemoWWTP]/Controller:Global/AI_PLS401_DATA.Reset,,Boolean
0,Devices/[DemoWWTP]/Controller:Global/AI_PLS401_DATA.Scaled,,Float
0,Devices/[DemoWWTP]/Controller:Global/AI_PLS401_DATA.PV,,Float
0,Devices/[DemoWWTP]/Controller:Global/AI_PLS401_DATA.AvgCntSP,,Int32
0,Devices/[DemoWWTP]/Controller:Global/AI_PLS401_DATA.ResetPB,,Boolean
0,Devices/[DemoWWTP]/Controller:Global/AI_PLS401_DATA.HiHi_En,,Boolean
0,Devices/[DemoWWTP]/Controller:Global/AI_PLS401_DATA.Hi_En,,Boolean
0,Devices/[DemoWWTP]/Controller:Global/AI_PLS401_DATA.Lo_En,,Boolean
0,Devices/[DemoWWTP]/Controller:Global/AI_PLS401_DATA.LoLo_En,,Boolean
0,Devices/[DemoWWTP]/Controller:Global/AI_PLS401_DATA.HiHi_ASP,,Float
0,Devices/[DemoWWTP]/Controller:Global/AI_PLS401_DATA.Hi_ASP,,Float
0,Devices/[DemoWWTP]/Controller:Global/AI_PLS401_DATA.Lo_ASP,,Float
0,Devices/[DemoWWTP]/Controller:Global/AI_PLS401_DATA.LoLo_ASP,,Float
0,Devices/[DemoWWTP]/Controller:Global/AI_PLS401_DATA.TxFlt_Time,,Float
0,Devices/[DemoWWTP]/Controller:Global/AI_PLS401_DATA.HiHi_Time,,Float
0,Devices/[DemoWWTP]/Controller:Global/AI_PLS401_DATA.Hi_Time,,Float
0,Devices/[DemoWWTP]/Controller:Global/AI_PLS401_DATA.Lo_Time,,Float
0,Devices/[DemoWWTP]/Controller:Global/AI_PLS401_DATA.LoLo_Time,,Float
0,Devices/[DemoWWTP]/Controller:Global/AI_PLS401_DATA.Avail,,Boolean
0,Devices/[DemoWWTP]/Controller:Global/AI_PLS401_DATA.Alarms,,Int16
0,Devices/[DemoWWTP]/Controller:Global/AI_PLS401_DATA.Fault,,Boolean
0,Devices/[DemoWWTP]/Controller:Global/AI_PLS401_DATA.TxFlt,,Boolean
0,Devices/[DemoWWTP]/Controller:Global/AI_PLS401_DATA.HiHi,,Boolean
0,Devices/[DemoWWTP]/Controller:Global/AI_PLS401_DATA.Hi,,Boolean
0,Devices/[DemoWWTP]/Controller:Global/AI_PLS401_DATA.Lo,,Boolean
0,Devices/[DemoWWTP]/Controller:Global/AI_PLS401_DATA.LoLo,,Boolean
0,Devices/[DemoWWTP]/Controller:Global/AI_PLS401_DATA.FQ_Wrn,,Boolean
0,Devices/[DemoWWTP]/Controller:Global/AI_PLS401_DATA.Sim_Alm_En,,Boolean
0,Devices/[DemoWWTP]/Controller:Global/AI_PLS401_DATA.ExtReset,,Boolean
0,Devices/[DemoWWTP]/Controller:Global/AI_PLS401_DATA.Latch_Time,,Float
0,Devices/[DemoWWTP]/Controller:Global/AI_PLS401_DATA.RecordStats,,Boolean
0,Devices/[DemoWWTP]/Controller:Global/AI_PLS401_DATA.ResetStats,,Boolean
0,Devices/[DemoWWTP]/Controller:Global/AI_PLS401_DATA.RecMin,,Float
0,Devices/[DemoWWTP]/Controller:Global/AI_PLS401_DATA.RecMax,,Float
0,Devices/[DemoWWTP]/Controller:Global/AI_PLS401_DATA.RecAvg,,Float
0,Devices/[DemoWWTP]/Controller:Global/AI_PLS401_DATA.RecMinPrev,,Float
0,Devices/[DemoWWTP]/Controller:Global/AI_PLS401_DATA.RecMaxPrev,,Float
0,Devices/[DemoWWTP]/Controller:Global/AI_PLS401_DATA.RecAvgPrev,,Float
0,Devices/[DemoWWTP]/Controller:Global/AI_PST101_DATA.EnableIn,,Boolean
0,Devices/[DemoWWTP]/Controller:Global/AI_PST101_DATA.EnableOut,,Boolean
0,Devices/[DemoWWTP]/Controller:Global/AI_PST101_DATA.Raw,,Int16
0,Devices/[DemoWWTP]/Controller:Global/AI_PST101_DATA.RawMin,,Int16
0,Devices/[DemoWWTP]/Controller:Global/AI_PST101_DATA.RawMax,,Int16
0,Devices/[DemoWWTP]/Controller:Global/AI_PST101_DATA.EngMin,,Float
0,Devices/[DemoWWTP]/Controller:Global/AI_PST101_DATA.EngMax,,Float
0,Devices/[DemoWWTP]/Controller:Global/AI_PST101_DATA.AI_Ext,,Boolean
0,Devices/[DemoWWTP]/Controller:Global/AI_PST101_DATA.AI_En,,Boolean
0,Devices/[DemoWWTP]/Controller:Global/AI_PST101_DATA.Sim,,Boolean
0,Devices/[DemoWWTP]/Controller:Global/AI_PST101_DATA.Reset,,Boolean
0,Devices/[DemoWWTP]/Controller:Global/AI_PST101_DATA.Scaled,,Float
0,Devices/[DemoWWTP]/Controller:Global/AI_PST101_DATA.PV,,Float
0,Devices/[DemoWWTP]/Controller:Global/AI_PST101_DATA.AvgCntSP,,Int32
0,Devices/[DemoWWTP]/Controller:Global/AI_PST101_DATA.ResetPB,,Boolean
0,Devices/[DemoWWTP]/Controller:Global/AI_PST101_DATA.HiHi_En,,Boolean
0,Devices/[DemoWWTP]/Controller:Global/AI_PST101_DATA.Hi_En,,Boolean
0,Devices/[DemoWWTP]/Controller:Global/AI_PST101_DATA.Lo_En,,Boolean
0,Devices/[DemoWWTP]/Controller:Global/AI_PST101_DATA.LoLo_En,,Boolean
0,Devices/[DemoWWTP]/Controller:Global/AI_PST101_DATA.HiHi_ASP,,Float
0,Devices/[DemoWWTP]/Controller:Global/AI_PST101_DATA.Hi_ASP,,Float
0,Devices/[DemoWWTP]/Controller:Global/AI_PST101_DATA.Lo_ASP,,Float
0,Devices/[DemoWWTP]/Controller:Global/AI_PST101_DATA.LoLo_ASP,,Float
0,Devices/[DemoWWTP]/Controller:Global/AI_PST101_DATA.TxFlt_Time,,Float
0,Devices/[DemoWWTP]/Controller:Global/AI_PST101_DATA.HiHi_Time,,Float
0,Devices/[DemoWWTP]/Controller:Global/AI_PST101_DATA.Hi_Time,,Float
0,Devices/[DemoWWTP]/Controller:Global/AI_PST101_DATA.Lo_Time,,Float
0,Devices/[DemoWWTP]/Controller:Global/AI_PST101_DATA.LoLo_Time,,Float
0,Devices/[DemoWWTP]/Controller:Global/AI_PST101_DATA.Avail,,Boolean
0,Devices/[DemoWWTP]/Controller:Global/AI_PST101_DATA.Alarms,,Int16
0,Devices/[DemoWWTP]/Controller:Global/AI_PST101_DATA.Fault,,Boolean
0,Devices/[DemoWWTP]/Controller:Global/AI_PST101_DATA.TxFlt,,Boolean
0,Devices/[DemoWWTP]/Controller:Global/AI_PST101_DATA.HiHi,,Boolean
0,Devices/[DemoWWTP]/Controller:Global/AI_PST101_DATA.Hi,,Boolean
0,Devices/[DemoWWTP]/Controller:Global/AI_PST101_DATA.Lo,,Boolean
0,Devices/[DemoWWTP]/Controller:Global/AI_PST101_DATA.LoLo,,Boolean
0,Devices/[DemoWWTP]/Controller:Global/AI_PST101_DATA.FQ_Wrn,,Boolean
0,Devices/[DemoWWTP]/Controller:Global/AI_PST101_DATA.Sim_Alm_En,,Boolean
0,Devices/[DemoWWTP]/Controller:Global/AI_PST101_DATA.ExtReset,,Boolean
0,Devices/[DemoWWTP]/Controller:Global/AI_PST101_DATA.Latch_Time,,Float
0,Devices/[DemoWWTP]/Controller:Global/AI_PST101_DATA.RecordStats,,Boolean
0,Devices/[DemoWWTP]/Controller:Global/AI_PST101_DATA.ResetStats,,Boolean
0,Devices/[DemoWWTP]/Controller:Global/AI_PST101_DATA.RecMin,,Float
0,Devices/[DemoWWTP]/Controller:Global/AI_PST101_DATA.RecMax,,Float
0,Devices/[DemoWWTP]/Controller:Global/AI_PST101_DATA.RecAvg,,Float
0,Devices/[DemoWWTP]/Controller:Global/AI_PST101_DATA.RecMinPrev,,Float
0,Devices/[DemoWWTP]/Controller:Global/AI_PST101_DATA.RecMaxPrev,,Float
0,Devices/[DemoWWTP]/Controller:Global/AI_PST101_DATA.RecAvgPrev,,Float
0,Devices/[DemoWWTP]/Controller:Global/AI_ULS201_DATA.EnableIn,,Boolean
0,Devices/[DemoWWTP]/Controller:Global/AI_ULS201_DATA.EnableOut,,Boolean
0,Devices/[DemoWWTP]/Controller:Global/AI_ULS201_DATA.Raw,,Int16
0,Devices/[DemoWWTP]/Controller:Global/AI_ULS201_DATA.RawMin,,Int16
0,Devices/[DemoWWTP]/Controller:Global/AI_ULS201_DATA.RawMax,,Int16
0,Devices/[DemoWWTP]/Controller:Global/AI_ULS201_DATA.EngMin,,Float
0,Devices/[DemoWWTP]/Controller:Global/AI_ULS201_DATA.EngMax,,Float
0,Devices/[DemoWWTP]/Controller:Global/AI_ULS201_DATA.AI_Ext,,Boolean
0,Devices/[DemoWWTP]/Controller:Global/AI_ULS201_DATA.AI_En,,Boolean
0,Devices/[DemoWWTP]/Controller:Global/AI_ULS201_DATA.Sim,,Boolean
0,Devices/[DemoWWTP]/Controller:Global/AI_ULS201_DATA.Reset,,Boolean
0,Devices/[DemoWWTP]/Controller:Global/AI_ULS201_DATA.Scaled,,Float
0,Devices/[DemoWWTP]/Controller:Global/AI_ULS201_DATA.PV,,Float
0,Devices/[DemoWWTP]/Controller:Global/AI_ULS201_DATA.AvgCntSP,,Int32
0,Devices/[DemoWWTP]/Controller:Global/AI_ULS201_DATA.ResetPB,,Boolean
0,Devices/[DemoWWTP]/Controller:Global/AI_ULS201_DATA.HiHi_En,,Boolean
0,Devices/[DemoWWTP]/Controller:Global/AI_ULS201_DATA.Hi_En,,Boolean
0,Devices/[DemoWWTP]/Controller:Global/AI_ULS201_DATA.Lo_En,,Boolean
0,Devices/[DemoWWTP]/Controller:Global/AI_ULS201_DATA.LoLo_En,,Boolean
0,Devices/[DemoWWTP]/Controller:Global/AI_ULS201_DATA.HiHi_ASP,,Float
0,Devices/[DemoWWTP]/Controller:Global/AI_ULS201_DATA.Hi_ASP,,Float
0,Devices/[DemoWWTP]/Controller:Global/AI_ULS201_DATA.Lo_ASP,,Float
0,Devices/[DemoWWTP]/Controller:Global/AI_ULS201_DATA.LoLo_ASP,,Float
0,Devices/[DemoWWTP]/Controller:Global/AI_ULS201_DATA.TxFlt_Time,,Float
0,Devices/[DemoWWTP]/Controller:Global/AI_ULS201_DATA.HiHi_Time,,Float
0,Devices/[DemoWWTP]/Controller:Global/AI_ULS201_DATA.Hi_Time,,Float
0,Devices/[DemoWWTP]/Controller:Global/AI_ULS201_DATA.Lo_Time,,Float
0,Devices/[DemoWWTP]/Controller:Global/AI_ULS201_DATA.LoLo_Time,,Float
0,Devices/[DemoWWTP]/Controller:Global/AI_ULS201_DATA.Avail,,Boolean
0,Devices/[DemoWWTP]/Controller:Global/AI_ULS201_DATA.Alarms,,Int16
0,Devices/[DemoWWTP]/Controller:Global/AI_ULS201_DATA.Fault,,Boolean
0,Devices/[DemoWWTP]/Controller:Global/AI_ULS201_DATA.TxFlt,,Boolean
0,Devices/[DemoWWTP]/Controller:Global/AI_ULS201_DATA.HiHi,,Boolean
0,Devices/[DemoWWTP]/Controller:Global/AI_ULS201_DATA.Hi,,Boolean
0,Devices/[DemoWWTP]/Controller:Global/AI_ULS201_DATA.Lo,,Boolean
0,Devices/[DemoWWTP]/Controller:Global/AI_ULS201_DATA.LoLo,,Boolean
0,Devices/[DemoWWTP]/Controller:Global/AI_ULS201_DATA.FQ_Wrn,,Boolean
0,Devices/[DemoWWTP]/Controller:Global/AI_ULS201_DATA.Sim_Alm_En,,Boolean
0,Devices/[DemoWWTP]/Controller:Global/AI_ULS201_DATA.ExtReset,,Boolean
0,Devices/[DemoWWTP]/Controller:Global/AI_ULS201_DATA.Latch_Time,,Float
0,Devices/[DemoWWTP]/Controller:Global/AI_ULS201_DATA.RecordStats,,Boolean
0,Devices/[DemoWWTP]/Controller:Global/AI_ULS201_DATA.ResetStats,,Boolean
0,Devices/[DemoWWTP]/Controller:Global/AI_ULS201_DATA.RecMin,,Float
0,Devices/[DemoWWTP]/Controller:Global/AI_ULS201_DATA.RecMax,,Float
0,Devices/[DemoWWTP]/Controller:Global/AI_ULS201_DATA.RecAvg,,Float
0,Devices/[DemoWWTP]/Controller:Global/AI_ULS201_DATA.RecMinPrev,,Float
0,Devices/[DemoWWTP]/Controller:Global/AI_ULS201_DATA.RecMaxPrev,,Float
0,Devices/[DemoWWTP]/Controller:Global/AI_ULS201_DATA.RecAvgPrev,,Float
0,Devices/[DemoWWTP]/Controller:Global/ALARMS_SCADA.ESTOP_TRIPPED,,Boolean
0,Devices/[DemoWWTP]/Controller:Global/ALARMS_SCADA.PHASE_FAIL,,Boolean
0,Devices/[DemoWWTP]/Controller:Global/ALARMS_SCADA.PLC_FAULT,,Boolean
0,Devices/[DemoWWTP]/Controller:Global/ALARMS_SCADA.PLC_LOW_BATTERY,,Boolean
0,Devices/[DemoWWTP]/Controller:Global/ALARMS_SCADA.POWER_FAILED,,Boolean
0,Devices/[DemoWWTP]/Controller:Global/ALARMS_SCADA._24DC_PSUPPLY_FAIL,,Boolean
0,Devices/[DemoWWTP]/Controller:Global/ALARM_CRITICAL_ACTIVE,,Boolean
0,Devices/[DemoWWTP]/Controller:Global/ALARM_GENERAL_ACTIVE,,Boolean
0,Devices/[DemoWWTP]/Controller:Global/ALARM_RESET,,Boolean
0,Devices/[DemoWWTP]/Controller:Global/ALARM_RETRIGGER,,Boolean
0,Devices/[DemoWWTP]/Controller:Global/ALARM_RETRIGGER_INTERVAL.DN,,Boolean
0,Devices/[DemoWWTP]/Controller:Global/ALARM_RETRIGGER_INTERVAL.EN,,Boolean
0,Devices/[DemoWWTP]/Controller:Global/ALARM_RETRIGGER_INTERVAL.TT,,Boolean
0,Devices/[DemoWWTP]/Controller:Global/ALARM_RETRIGGER_INTERVAL.PRE,,Int32
0,Devices/[DemoWWTP]/Controller:Global/ALARM_RETRIGGER_INTERVAL.ACC,,Int32
0,Devices/[DemoWWTP]/Controller:Global/ALARM_WARNING_ACTIVE,,Boolean
0,Devices/[DemoWWTP]/Controller:Global/AL_I_SBR1_DO.ENABLE,,Boolean
0,Devices/[DemoWWTP]/Controller:Global/AL_I_SBR1_DO.OUT,,Float
0,Devices/[DemoWWTP]/Controller:Global/AL_I_SBR1_DO.ALARM_RANGE,,Boolean
0,Devices/[DemoWWTP]/Controller:Global/AL_I_SBR1_DO.ALARM_FAIL_TO_RISE,,Boolean
0,Devices/[DemoWWTP]/Controller:Global/AL_I_SBR1_DO.SCADA_DISPLAY,,Float
0,Devices/[DemoWWTP]/Controller:Global/AL_I_SBR1_DO.SCADA_ALM_Range,,Boolean
0,Devices/[DemoWWTP]/Controller:Global/AL_I_SBR1_DO.SCADA_ALM_FAIL_TO_RISE,,Boolean
0,Devices/[DemoWWTP]/Controller:Global/AL_I_SBR1_DO.RANGE_DELAY.DN,,Boolean
0,Devices/[DemoWWTP]/Controller:Global/AL_I_SBR1_DO.RANGE_DELAY.EN,,Boolean
0,Devices/[DemoWWTP]/Controller:Global/AL_I_SBR1_DO.RANGE_DELAY.TT,,Boolean
0,Devices/[DemoWWTP]/Controller:Global/AL_I_SBR1_DO.RANGE_DELAY.PRE,,Int32
0,Devices/[DemoWWTP]/Controller:Global/AL_I_SBR1_DO.RANGE_DELAY.ACC,,Int32
0,Devices/[DemoWWTP]/Controller:Global/AL_I_SBR1_DO.FAIL_TO_RISE.CU,,Boolean
0,Devices/[DemoWWTP]/Controller:Global/AL_I_SBR1_DO.FAIL_TO_RISE.CD,,Boolean
0,Devices/[DemoWWTP]/Controller:Global/AL_I_SBR1_DO.FAIL_TO_RISE.DN,,Boolean
0,Devices/[DemoWWTP]/Controller:Global/AL_I_SBR1_DO.FAIL_TO_RISE.OV,,Boolean
0,Devices/[DemoWWTP]/Controller:Global/AL_I_SBR1_DO.FAIL_TO_RISE.UN,,Boolean
0,Devices/[DemoWWTP]/Controller:Global/AL_I_SBR1_DO.FAIL_TO_RISE.PRE,,Int32
0,Devices/[DemoWWTP]/Controller:Global/AL_I_SBR1_DO.FAIL_TO_RISE.ACC,,Int32
0,Devices/[DemoWWTP]/Controller:Global/AL_I_SBR1_DO.ONS,,Boolean
0,Devices/[DemoWWTP]/Controller:Global/AL_SBR_LEVEL_DIFF_SP,,Int16
0,Devices/[DemoWWTP]/Controller:Global/AV101.EnableIn,,Boolean
0,Devices/[DemoWWTP]/Controller:Global/AV101.EnableOut,,Boolean
0,Devices/[DemoWWTP]/Controller:Global/AV101.OpnFb,,Boolean
0,Devices/[DemoWWTP]/Controller:Global/AV101.OpnFbEn,,Boolean
0,Devices/[DemoWWTP]/Controller:Global/AV101.ClsFb,,Boolean
0,Devices/[DemoWWTP]/Controller:Global/AV101.ClsFbEn,,Boolean
0,Devices/[DemoWWTP]/Controller:Global/AV101.ESt_OK,,Boolean
0,Devices/[DemoWWTP]/Controller:Global/AV101.Reset,,Boolean
0,Devices/[DemoWWTP]/Controller:Global/AV101.RESET_AUTO_EN,,Boolean
0,Devices/[DemoWWTP]/Controller:Global/AV101.RESET_AUTO_SP,,Int32
0,Devices/[DemoWWTP]/Controller:Global/AV101.Sim,,Boolean
0,Devices/[DemoWWTP]/Controller:Global/AV101.Alarms,,Int16
0,Devices/[DemoWWTP]/Controller:Global/AV101.Man,,Boolean
0,Devices/[DemoWWTP]/Controller:Global/AV101.AutoOpen,,Boolean
0,Devices/[DemoWWTP]/Controller:Global/AV101.Manual_Open,,Boolean
0,Devices/[DemoWWTP]/Controller:Global/AV101.ResetPB,,Boolean
0,Devices/[DemoWWTP]/Controller:Global/AV101.IL_Open,,Boolean
0,Devices/[DemoWWTP]/Controller:Global/AV101.IL_Close,,Boolean
0,Devices/[DemoWWTP]/Controller:Global/AV101.OpenPB,,Boolean
0,Devices/[DemoWWTP]/Controller:Global/AV101.ClosePB,,Boolean
0,Devices/[DemoWWTP]/Controller:Global/AV101.Sts,,Int32
0,Devices/[DemoWWTP]/Controller:Global/AV101.Opened,,Boolean
0,Devices/[DemoWWTP]/Controller:Global/AV101.Closed,,Boolean
0,Devices/[DemoWWTP]/Controller:Global/AV101.Fault,,Boolean
0,Devices/[DemoWWTP]/Controller:Global/AV101.Avail,,Boolean
0,Devices/[DemoWWTP]/Controller:Global/AV101.OpenTime,,Float
0,Devices/[DemoWWTP]/Controller:Global/AV101.CloseTime,,Float
0,Devices/[DemoWWTP]/Controller:Global/AV101.Open_WD,,Float
0,Devices/[DemoWWTP]/Controller:Global/AV101.Close_WD,,Float
0,Devices/[DemoWWTP]/Controller:Global/AV101.OpenDel_SP,,Float
0,Devices/[DemoWWTP]/Controller:Global/AV101.ClosedDel_SP,,Float
0,Devices/[DemoWWTP]/Controller:Global/AV101.OpenDel,,Boolean
0,Devices/[DemoWWTP]/Controller:Global/AV101.ClosedDel,,Boolean
0,Devices/[DemoWWTP]/Controller:Global/AV101.Opn_FLT,,Boolean
0,Devices/[DemoWWTP]/Controller:Global/AV101.Cls_FLT,,Boolean
0,Devices/[DemoWWTP]/Controller:Global/AV101.FB_FLT,,Boolean
0,Devices/[DemoWWTP]/Controller:Global/AV101.RETRY_EN,,Boolean
0,Devices/[DemoWWTP]/Controller:Global/AV101.OPENS,,Int32
0,Devices/[DemoWWTP]/Controller:Global/AV101.HOUR,,Int32
0,Devices/[DemoWWTP]/Controller:Global/AV101.MIN,,Int32
0,Devices/[DemoWWTP]/Controller:Global/AV101.Opn_En,,Boolean
0,Devices/[DemoWWTP]/Controller:Global/AV101_MAX_OPEN_SP,,Int32
0,Devices/[DemoWWTP]/Controller:Global/AV101_OPEN_DURATION.DN,,Boolean
0,Devices/[DemoWWTP]/Controller:Global/AV101_OPEN_DURATION.EN,,Boolean
0,Devices/[DemoWWTP]/Controller:Global/AV101_OPEN_DURATION.TT,,Boolean
0,Devices/[DemoWWTP]/Controller:Global/AV101_OPEN_DURATION.PRE,,Int32
0,Devices/[DemoWWTP]/Controller:Global/AV101_OPEN_DURATION.ACC,,Int32
0,Devices/[DemoWWTP]/Controller:Global/AV101_OPEN_WD.DN,,Boolean
0,Devices/[DemoWWTP]/Controller:Global/AV101_OPEN_WD.EN,,Boolean
0,Devices/[DemoWWTP]/Controller:Global/AV101_OPEN_WD.TT,,Boolean
0,Devices/[DemoWWTP]/Controller:Global/AV101_OPEN_WD.PRE,,Int32
0,Devices/[DemoWWTP]/Controller:Global/AV101_OPEN_WD.ACC,,Int32
0,Devices/[DemoWWTP]/Controller:Global/AV102.EnableIn,,Boolean
0,Devices/[DemoWWTP]/Controller:Global/AV102.EnableOut,,Boolean
0,Devices/[DemoWWTP]/Controller:Global/AV102.OpnFb,,Boolean
0,Devices/[DemoWWTP]/Controller:Global/AV102.OpnFbEn,,Boolean
0,Devices/[DemoWWTP]/Controller:Global/AV102.ClsFb,,Boolean
0,Devices/[DemoWWTP]/Controller:Global/AV102.ClsFbEn,,Boolean
0,Devices/[DemoWWTP]/Controller:Global/AV102.ESt_OK,,Boolean
0,Devices/[DemoWWTP]/Controller:Global/AV102.Reset,,Boolean
0,Devices/[DemoWWTP]/Controller:Global/AV102.RESET_AUTO_EN,,Boolean
0,Devices/[DemoWWTP]/Controller:Global/AV102.RESET_AUTO_SP,,Int32
0,Devices/[DemoWWTP]/Controller:Global/AV102.Sim,,Boolean
0,Devices/[DemoWWTP]/Controller:Global/AV102.Alarms,,Int16
0,Devices/[DemoWWTP]/Controller:Global/AV102.Man,,Boolean
0,Devices/[DemoWWTP]/Controller:Global/AV102.AutoOpen,,Boolean
0,Devices/[DemoWWTP]/Controller:Global/AV102.Manual_Open,,Boolean
0,Devices/[DemoWWTP]/Controller:Global/AV102.ResetPB,,Boolean
0,Devices/[DemoWWTP]/Controller:Global/AV102.IL_Open,,Boolean
0,Devices/[DemoWWTP]/Controller:Global/AV102.IL_Close,,Boolean
0,Devices/[DemoWWTP]/Controller:Global/AV102.OpenPB,,Boolean
0,Devices/[DemoWWTP]/Controller:Global/AV102.ClosePB,,Boolean
0,Devices/[DemoWWTP]/Controller:Global/AV102.Sts,,Int32
0,Devices/[DemoWWTP]/Controller:Global/AV102.Opened,,Boolean
0,Devices/[DemoWWTP]/Controller:Global/AV102.Closed,,Boolean
0,Devices/[DemoWWTP]/Controller:Global/AV102.Fault,,Boolean
0,Devices/[DemoWWTP]/Controller:Global/AV102.Avail,,Boolean
0,Devices/[DemoWWTP]/Controller:Global/AV102.OpenTime,,Float
0,Devices/[DemoWWTP]/Controller:Global/AV102.CloseTime,,Float
0,Devices/[DemoWWTP]/Controller:Global/AV102.Open_WD,,Float
0,Devices/[DemoWWTP]/Controller:Global/AV102.Close_WD,,Float
0,Devices/[DemoWWTP]/Controller:Global/AV102.OpenDel_SP,,Float
0,Devices/[DemoWWTP]/Controller:Global/AV102.ClosedDel_SP,,Float
0,Devices/[DemoWWTP]/Controller:Global/AV102.OpenDel,,Boolean
0,Devices/[DemoWWTP]/Controller:Global/AV102.ClosedDel,,Boolean
0,Devices/[DemoWWTP]/Controller:Global/AV102.Opn_FLT,,Boolean
0,Devices/[DemoWWTP]/Controller:Global/AV102.Cls_FLT,,Boolean
0,Devices/[DemoWWTP]/Controller:Global/AV102.FB_FLT,,Boolean
0,Devices/[DemoWWTP]/Controller:Global/AV102.RETRY_EN,,Boolean
0,Devices/[DemoWWTP]/Controller:Global/AV102.OPENS,,Int32
0,Devices/[DemoWWTP]/Controller:Global/AV102.HOUR,,Int32
0,Devices/[DemoWWTP]/Controller:Global/AV102.MIN,,Int32
0,Devices/[DemoWWTP]/Controller:Global/AV102.Opn_En,,Boolean
0,Devices/[DemoWWTP]/Controller:Global/AV201.EnableIn,,Boolean
0,Devices/[DemoWWTP]/Controller:Global/AV201.EnableOut,,Boolean
0,Devices/[DemoWWTP]/Controller:Global/AV201.OpnFb,,Boolean
0,Devices/[DemoWWTP]/Controller:Global/AV201.OpnFbEn,,Boolean
0,Devices/[DemoWWTP]/Controller:Global/AV201.ClsFb,,Boolean
0,Devices/[DemoWWTP]/Controller:Global/AV201.ClsFbEn,,Boolean
0,Devices/[DemoWWTP]/Controller:Global/AV201.ESt_OK,,Boolean
0,Devices/[DemoWWTP]/Controller:Global/AV201.Reset,,Boolean
0,Devices/[DemoWWTP]/Controller:Global/AV201.RESET_AUTO_EN,,Boolean
0,Devices/[DemoWWTP]/Controller:Global/AV201.RESET_AUTO_SP,,Int32
0,Devices/[DemoWWTP]/Controller:Global/AV201.Sim,,Boolean
0,Devices/[DemoWWTP]/Controller:Global/AV201.Alarms,,Int16
0,Devices/[DemoWWTP]/Controller:Global/AV201.Man,,Boolean
0,Devices/[DemoWWTP]/Controller:Global/AV201.AutoOpen,,Boolean
0,Devices/[DemoWWTP]/Controller:Global/AV201.Manual_Open,,Boolean
0,Devices/[DemoWWTP]/Controller:Global/AV201.ResetPB,,Boolean
0,Devices/[DemoWWTP]/Controller:Global/AV201.IL_Open,,Boolean
0,Devices/[DemoWWTP]/Controller:Global/AV201.IL_Close,,Boolean
0,Devices/[DemoWWTP]/Controller:Global/AV201.OpenPB,,Boolean
0,Devices/[DemoWWTP]/Controller:Global/AV201.ClosePB,,Boolean
0,Devices/[DemoWWTP]/Controller:Global/AV201.Sts,,Int32
0,Devices/[DemoWWTP]/Controller:Global/AV201.Opened,,Boolean
0,Devices/[DemoWWTP]/Controller:Global/AV201.Closed,,Boolean
0,Devices/[DemoWWTP]/Controller:Global/AV201.Fault,,Boolean
0,Devices/[DemoWWTP]/Controller:Global/AV201.Avail,,Boolean
0,Devices/[DemoWWTP]/Controller:Global/AV201.OpenTime,,Float
0,Devices/[DemoWWTP]/Controller:Global/AV201.CloseTime,,Float
0,Devices/[DemoWWTP]/Controller:Global/AV201.Open_WD,,Float
0,Devices/[DemoWWTP]/Controller:Global/AV201.Close_WD,,Float
0,Devices/[DemoWWTP]/Controller:Global/AV201.OpenDel_SP,,Float
0,Devices/[DemoWWTP]/Controller:Global/AV201.ClosedDel_SP,,Float
0,Devices/[DemoWWTP]/Controller:Global/AV201.OpenDel,,Boolean
0,Devices/[DemoWWTP]/Controller:Global/AV201.ClosedDel,,Boolean
0,Devices/[DemoWWTP]/Controller:Global/AV201.Opn_FLT,,Boolean
0,Devices/[DemoWWTP]/Controller:Global/AV201.Cls_FLT,,Boolean
0,Devices/[DemoWWTP]/Controller:Global/AV201.FB_FLT,,Boolean
0,Devices/[DemoWWTP]/Controller:Global/AV201.RETRY_EN,,Boolean
0,Devices/[DemoWWTP]/Controller:Global/AV201.OPENS,,Int32
0,Devices/[DemoWWTP]/Controller:Global/AV201.HOUR,,Int32
0,Devices/[DemoWWTP]/Controller:Global/AV201.MIN,,Int32
0,Devices/[DemoWWTP]/Controller:Global/AV201.Opn_En,,Boolean
0,Devices/[DemoWWTP]/Controller:Global/AV202.EnableIn,,Boolean
0,Devices/[DemoWWTP]/Controller:Global/AV202.EnableOut,,Boolean
0,Devices/[DemoWWTP]/Controller:Global/AV202.OpnFb,,Boolean
0,Devices/[DemoWWTP]/Controller:Global/AV202.OpnFbEn,,Boolean
0,Devices/[DemoWWTP]/Controller:Global/AV202.ClsFb,,Boolean
0,Devices/[DemoWWTP]/Controller:Global/AV202.ClsFbEn,,Boolean
0,Devices/[DemoWWTP]/Controller:Global/AV202.ESt_OK,,Boolean
0,Devices/[DemoWWTP]/Controller:Global/AV202.Reset,,Boolean
0,Devices/[DemoWWTP]/Controller:Global/AV202.RESET_AUTO_EN,,Boolean
0,Devices/[DemoWWTP]/Controller:Global/AV202.RESET_AUTO_SP,,Int32
0,Devices/[DemoWWTP]/Controller:Global/AV202.Sim,,Boolean
0,Devices/[DemoWWTP]/Controller:Global/AV202.Alarms,,Int16
0,Devices/[DemoWWTP]/Controller:Global/AV202.Man,,Boolean
0,Devices/[DemoWWTP]/Controller:Global/AV202.AutoOpen,,Boolean
0,Devices/[DemoWWTP]/Controller:Global/AV202.Manual_Open,,Boolean
0,Devices/[DemoWWTP]/Controller:Global/AV202.ResetPB,,Boolean
0,Devices/[DemoWWTP]/Controller:Global/AV202.IL_Open,,Boolean
0,Devices/[DemoWWTP]/Controller:Global/AV202.IL_Close,,Boolean
0,Devices/[DemoWWTP]/Controller:Global/AV202.OpenPB,,Boolean
0,Devices/[DemoWWTP]/Controller:Global/AV202.ClosePB,,Boolean
0,Devices/[DemoWWTP]/Controller:Global/AV202.Sts,,Int32
0,Devices/[DemoWWTP]/Controller:Global/AV202.Opened,,Boolean
0,Devices/[DemoWWTP]/Controller:Global/AV202.Closed,,Boolean
0,Devices/[DemoWWTP]/Controller:Global/AV202.Fault,,Boolean
0,Devices/[DemoWWTP]/Controller:Global/AV202.Avail,,Boolean
0,Devices/[DemoWWTP]/Controller:Global/AV202.OpenTime,,Float
0,Devices/[DemoWWTP]/Controller:Global/AV202.CloseTime,,Float
0,Devices/[DemoWWTP]/Controller:Global/AV202.Open_WD,,Float
0,Devices/[DemoWWTP]/Controller:Global/AV202.Close_WD,,Float
0,Devices/[DemoWWTP]/Controller:Global/AV202.OpenDel_SP,,Float
0,Devices/[DemoWWTP]/Controller:Global/AV202.ClosedDel_SP,,Float
0,Devices/[DemoWWTP]/Controller:Global/AV202.OpenDel,,Boolean
0,Devices/[DemoWWTP]/Controller:Global/AV202.ClosedDel,,Boolean
0,Devices/[DemoWWTP]/Controller:Global/AV202.Opn_FLT,,Boolean
0,Devices/[DemoWWTP]/Controller:Global/AV202.Cls_FLT,,Boolean
0,Devices/[DemoWWTP]/Controller:Global/AV202.FB_FLT,,Boolean
0,Devices/[DemoWWTP]/Controller:Global/AV202.RETRY_EN,,Boolean
0,Devices/[DemoWWTP]/Controller:Global/AV202.OPENS,,Int32
0,Devices/[DemoWWTP]/Controller:Global/AV202.HOUR,,Int32
0,Devices/[DemoWWTP]/Controller:Global/AV202.MIN,,Int32
0,Devices/[DemoWWTP]/Controller:Global/AV202.Opn_En,,Boolean
0,Devices/[DemoWWTP]/Controller:Global/AV203.EnableIn,,Boolean
0,Devices/[DemoWWTP]/Controller:Global/AV203.EnableOut,,Boolean
0,Devices/[DemoWWTP]/Controller:Global/AV203.OpnFb,,Boolean
0,Devices/[DemoWWTP]/Controller:Global/AV203.OpnFbEn,,Boolean
0,Devices/[DemoWWTP]/Controller:Global/AV203.ClsFb,,Boolean
0,Devices/[DemoWWTP]/Controller:Global/AV203.ClsFbEn,,Boolean
0,Devices/[DemoWWTP]/Controller:Global/AV203.ESt_OK,,Boolean
0,Devices/[DemoWWTP]/Controller:Global/AV203.Reset,,Boolean
0,Devices/[DemoWWTP]/Controller:Global/AV203.RESET_AUTO_EN,,Boolean
0,Devices/[DemoWWTP]/Controller:Global/AV203.RESET_AUTO_SP,,Int32
0,Devices/[DemoWWTP]/Controller:Global/AV203.Sim,,Boolean
0,Devices/[DemoWWTP]/Controller:Global/AV203.Alarms,,Int16
0,Devices/[DemoWWTP]/Controller:Global/AV203.Man,,Boolean
0,Devices/[DemoWWTP]/Controller:Global/AV203.AutoOpen,,Boolean
0,Devices/[DemoWWTP]/Controller:Global/AV203.Manual_Open,,Boolean
0,Devices/[DemoWWTP]/Controller:Global/AV203.ResetPB,,Boolean
0,Devices/[DemoWWTP]/Controller:Global/AV203.IL_Open,,Boolean
0,Devices/[DemoWWTP]/Controller:Global/AV203.IL_Close,,Boolean
0,Devices/[DemoWWTP]/Controller:Global/AV203.OpenPB,,Boolean
0,Devices/[DemoWWTP]/Controller:Global/AV203.ClosePB,,Boolean
0,Devices/[DemoWWTP]/Controller:Global/AV203.Sts,,Int32
0,Devices/[DemoWWTP]/Controller:Global/AV203.Opened,,Boolean
0,Devices/[DemoWWTP]/Controller:Global/AV203.Closed,,Boolean
0,Devices/[DemoWWTP]/Controller:Global/AV203.Fault,,Boolean
0,Devices/[DemoWWTP]/Controller:Global/AV203.Avail,,Boolean
0,Devices/[DemoWWTP]/Controller:Global/AV203.OpenTime,,Float
0,Devices/[DemoWWTP]/Controller:Global/AV203.CloseTime,,Float
0,Devices/[DemoWWTP]/Controller:Global/AV203.Open_WD,,Float
0,Devices/[DemoWWTP]/Controller:Global/AV203.Close_WD,,Float
0,Devices/[DemoWWTP]/Controller:Global/AV203.OpenDel_SP,,Float
0,Devices/[DemoWWTP]/Controller:Global/AV203.ClosedDel_SP,,Float
0,Devices/[DemoWWTP]/Controller:Global/AV203.OpenDel,,Boolean
0,Devices/[DemoWWTP]/Controller:Global/AV203.ClosedDel,,Boolean
0,Devices/[DemoWWTP]/Controller:Global/AV203.Opn_FLT,,Boolean
0,Devices/[DemoWWTP]/Controller:Global/AV203.Cls_FLT,,Boolean
0,Devices/[DemoWWTP]/Controller:Global/AV203.FB_FLT,,Boolean
0,Devices/[DemoWWTP]/Controller:Global/AV203.RETRY_EN,,Boolean
0,Devices/[DemoWWTP]/Controller:Global/AV203.OPENS,,Int32
0,Devices/[DemoWWTP]/Controller:Global/AV203.HOUR,,Int32
0,Devices/[DemoWWTP]/Controller:Global/AV203.MIN,,Int32
0,Devices/[DemoWWTP]/Controller:Global/AV203.Opn_En,,Boolean
0,Devices/[DemoWWTP]/Controller:Global/AV204.EnableIn,,Boolean
0,Devices/[DemoWWTP]/Controller:Global/AV204.EnableOut,,Boolean
0,Devices/[DemoWWTP]/Controller:Global/AV204.OpnFb,,Boolean
0,Devices/[DemoWWTP]/Controller:Global/AV204.OpnFbEn,,Boolean
0,Devices/[DemoWWTP]/Controller:Global/AV204.ClsFb,,Boolean
0,Devices/[DemoWWTP]/Controller:Global/AV204.ClsFbEn,,Boolean
0,Devices/[DemoWWTP]/Controller:Global/AV204.ESt_OK,,Boolean
0,Devices/[DemoWWTP]/Controller:Global/AV204.Reset,,Boolean
0,Devices/[DemoWWTP]/Controller:Global/AV204.RESET_AUTO_EN,,Boolean
0,Devices/[DemoWWTP]/Controller:Global/AV204.RESET_AUTO_SP,,Int32
0,Devices/[DemoWWTP]/Controller:Global/AV204.Sim,,Boolean
0,Devices/[DemoWWTP]/Controller:Global/AV204.Alarms,,Int16
0,Devices/[DemoWWTP]/Controller:Global/AV204.Man,,Boolean
0,Devices/[DemoWWTP]/Controller:Global/AV204.AutoOpen,,Boolean
0,Devices/[DemoWWTP]/Controller:Global/AV204.Manual_Open,,Boolean
0,Devices/[DemoWWTP]/Controller:Global/AV204.ResetPB,,Boolean
0,Devices/[DemoWWTP]/Controller:Global/AV204.IL_Open,,Boolean
0,Devices/[DemoWWTP]/Controller:Global/AV204.IL_Close,,Boolean
0,Devices/[DemoWWTP]/Controller:Global/AV204.OpenPB,,Boolean
0,Devices/[DemoWWTP]/Controller:Global/AV204.ClosePB,,Boolean
0,Devices/[DemoWWTP]/Controller:Global/AV204.Sts,,Int32
0,Devices/[DemoWWTP]/Controller:Global/AV204.Opened,,Boolean
0,Devices/[DemoWWTP]/Controller:Global/AV204.Closed,,Boolean
0,Devices/[DemoWWTP]/Controller:Global/AV204.Fault,,Boolean
0,Devices/[DemoWWTP]/Controller:Global/AV204.Avail,,Boolean
0,Devices/[DemoWWTP]/Controller:Global/AV204.OpenTime,,Float
0,Devices/[DemoWWTP]/Controller:Global/AV204.CloseTime,,Float
0,Devices/[DemoWWTP]/Controller:Global/AV204.Open_WD,,Float
0,Devices/[DemoWWTP]/Controller:Global/AV204.Close_WD,,Float
0,Devices/[DemoWWTP]/Controller:Global/AV204.OpenDel_SP,,Float
0,Devices/[DemoWWTP]/Controller:Global/AV204.ClosedDel_SP,,Float
0,Devices/[DemoWWTP]/Controller:Global/AV204.OpenDel,,Boolean
0,Devices/[DemoWWTP]/Controller:Global/AV204.ClosedDel,,Boolean
0,Devices/[DemoWWTP]/Controller:Global/AV204.Opn_FLT,,Boolean
0,Devices/[DemoWWTP]/Controller:Global/AV204.Cls_FLT,,Boolean
0,Devices/[DemoWWTP]/Controller:Global/AV204.FB_FLT,,Boolean
0,Devices/[DemoWWTP]/Controller:Global/AV204.RETRY_EN,,Boolean
0,Devices/[DemoWWTP]/Controller:Global/AV204.OPENS,,Int32
0,Devices/[DemoWWTP]/Controller:Global/AV204.HOUR,,Int32
0,Devices/[DemoWWTP]/Controller:Global/AV204.MIN,,Int32
0,Devices/[DemoWWTP]/Controller:Global/AV204.Opn_En,,Boolean
0,Devices/[DemoWWTP]/Controller:Global/AV205.EnableIn,,Boolean
0,Devices/[DemoWWTP]/Controller:Global/AV205.EnableOut,,Boolean
0,Devices/[DemoWWTP]/Controller:Global/AV205.OpnFb,,Boolean
0,Devices/[DemoWWTP]/Controller:Global/AV205.OpnFbEn,,Boolean
0,Devices/[DemoWWTP]/Controller:Global/AV205.ClsFb,,Boolean
0,Devices/[DemoWWTP]/Controller:Global/AV205.ClsFbEn,,Boolean
0,Devices/[DemoWWTP]/Controller:Global/AV205.ESt_OK,,Boolean
0,Devices/[DemoWWTP]/Controller:Global/AV205.Reset,,Boolean
0,Devices/[DemoWWTP]/Controller:Global/AV205.RESET_AUTO_EN,,Boolean
0,Devices/[DemoWWTP]/Controller:Global/AV205.RESET_AUTO_SP,,Int32
0,Devices/[DemoWWTP]/Controller:Global/AV205.Sim,,Boolean
0,Devices/[DemoWWTP]/Controller:Global/AV205.Alarms,,Int16
0,Devices/[DemoWWTP]/Controller:Global/AV205.Man,,Boolean
0,Devices/[DemoWWTP]/Controller:Global/AV205.AutoOpen,,Boolean
0,Devices/[DemoWWTP]/Controller:Global/AV205.Manual_Open,,Boolean
0,Devices/[DemoWWTP]/Controller:Global/AV205.ResetPB,,Boolean
0,Devices/[DemoWWTP]/Controller:Global/AV205.IL_Open,,Boolean
0,Devices/[DemoWWTP]/Controller:Global/AV205.IL_Close,,Boolean
0,Devices/[DemoWWTP]/Controller:Global/AV205.OpenPB,,Boolean
0,Devices/[DemoWWTP]/Controller:Global/AV205.ClosePB,,Boolean
0,Devices/[DemoWWTP]/Controller:Global/AV205.Sts,,Int32
0,Devices/[DemoWWTP]/Controller:Global/AV205.Opened,,Boolean
0,Devices/[DemoWWTP]/Controller:Global/AV205.Closed,,Boolean
0,Devices/[DemoWWTP]/Controller:Global/AV205.Fault,,Boolean
0,Devices/[DemoWWTP]/Controller:Global/AV205.Avail,,Boolean
0,Devices/[DemoWWTP]/Controller:Global/AV205.OpenTime,,Float
0,Devices/[DemoWWTP]/Controller:Global/AV205.CloseTime,,Float
0,Devices/[DemoWWTP]/Controller:Global/AV205.Open_WD,,Float
0,Devices/[DemoWWTP]/Controller:Global/AV205.Close_WD,,Float
0,Devices/[DemoWWTP]/Controller:Global/AV205.OpenDel_SP,,Float
0,Devices/[DemoWWTP]/Controller:Global/AV205.ClosedDel_SP,,Float
0,Devices/[DemoWWTP]/Controller:Global/AV205.OpenDel,,Boolean
0,Devices/[DemoWWTP]/Controller:Global/AV205.ClosedDel,,Boolean
0,Devices/[DemoWWTP]/Controller:Global/AV205.Opn_FLT,,Boolean
0,Devices/[DemoWWTP]/Controller:Global/AV205.Cls_FLT,,Boolean
0,Devices/[DemoWWTP]/Controller:Global/AV205.FB_FLT,,Boolean
0,Devices/[DemoWWTP]/Controller:Global/AV205.RETRY_EN,,Boolean
0,Devices/[DemoWWTP]/Controller:Global/AV205.OPENS,,Int32
0,Devices/[DemoWWTP]/Controller:Global/AV205.HOUR,,Int32
0,Devices/[DemoWWTP]/Controller:Global/AV205.MIN,,Int32
0,Devices/[DemoWWTP]/Controller:Global/AV205.Opn_En,,Boolean
0,Devices/[DemoWWTP]/Controller:Global/AV206.EnableIn,,Boolean
0,Devices/[DemoWWTP]/Controller:Global/AV206.EnableOut,,Boolean
0,Devices/[DemoWWTP]/Controller:Global/AV206.OpnFb,,Boolean
0,Devices/[DemoWWTP]/Controller:Global/AV206.OpnFbEn,,Boolean
0,Devices/[DemoWWTP]/Controller:Global/AV206.ClsFb,,Boolean
0,Devices/[DemoWWTP]/Controller:Global/AV206.ClsFbEn,,Boolean
0,Devices/[DemoWWTP]/Controller:Global/AV206.ESt_OK,,Boolean
0,Devices/[DemoWWTP]/Controller:Global/AV206.Reset,,Boolean
0,Devices/[DemoWWTP]/Controller:Global/AV206.RESET_AUTO_EN,,Boolean
0,Devices/[DemoWWTP]/Controller:Global/AV206.RESET_AUTO_SP,,Int32
0,Devices/[DemoWWTP]/Controller:Global/AV206.Sim,,Boolean
0,Devices/[DemoWWTP]/Controller:Global/AV206.Alarms,,Int16
0,Devices/[DemoWWTP]/Controller:Global/AV206.Man,,Boolean
0,Devices/[DemoWWTP]/Controller:Global/AV206.AutoOpen,,Boolean
0,Devices/[DemoWWTP]/Controller:Global/AV206.Manual_Open,,Boolean
0,Devices/[DemoWWTP]/Controller:Global/AV206.ResetPB,,Boolean
0,Devices/[DemoWWTP]/Controller:Global/AV206.IL_Open,,Boolean
0,Devices/[DemoWWTP]/Controller:Global/AV206.IL_Close,,Boolean
0,Devices/[DemoWWTP]/Controller:Global/AV206.OpenPB,,Boolean
0,Devices/[DemoWWTP]/Controller:Global/AV206.ClosePB,,Boolean
0,Devices/[DemoWWTP]/Controller:Global/AV206.Sts,,Int32
0,Devices/[DemoWWTP]/Controller:Global/AV206.Opened,,Boolean
0,Devices/[DemoWWTP]/Controller:Global/AV206.Closed,,Boolean
0,Devices/[DemoWWTP]/Controller:Global/AV206.Fault,,Boolean
0,Devices/[DemoWWTP]/Controller:Global/AV206.Avail,,Boolean
0,Devices/[DemoWWTP]/Controller:Global/AV206.OpenTime,,Float
0,Devices/[DemoWWTP]/Controller:Global/AV206.CloseTime,,Float
0,Devices/[DemoWWTP]/Controller:Global/AV206.Open_WD,,Float
0,Devices/[DemoWWTP]/Controller:Global/AV206.Close_WD,,Float
0,Devices/[DemoWWTP]/Controller:Global/AV206.OpenDel_SP,,Float
0,Devices/[DemoWWTP]/Controller:Global/AV206.ClosedDel_SP,,Float
0,Devices/[DemoWWTP]/Controller:Global/AV206.OpenDel,,Boolean
0,Devices/[DemoWWTP]/Controller:Global/AV206.ClosedDel,,Boolean
0,Devices/[DemoWWTP]/Controller:Global/AV206.Opn_FLT,,Boolean
0,Devices/[DemoWWTP]/Controller:Global/AV206.Cls_FLT,,Boolean
0,Devices/[DemoWWTP]/Controller:Global/AV206.FB_FLT,,Boolean
0,Devices/[DemoWWTP]/Controller:Global/AV206.RETRY_EN,,Boolean
0,Devices/[DemoWWTP]/Controller:Global/AV206.OPENS,,Int32
0,Devices/[DemoWWTP]/Controller:Global/AV206.HOUR,,Int32
0,Devices/[DemoWWTP]/Controller:Global/AV206.MIN,,Int32
0,Devices/[DemoWWTP]/Controller:Global/AV206.Opn_En,,Boolean
0,Devices/[DemoWWTP]/Controller:Global/AV207.EnableIn,,Boolean
0,Devices/[DemoWWTP]/Controller:Global/AV207.EnableOut,,Boolean
0,Devices/[DemoWWTP]/Controller:Global/AV207.OpnFb,,Boolean
0,Devices/[DemoWWTP]/Controller:Global/AV207.OpnFbEn,,Boolean
0,Devices/[DemoWWTP]/Controller:Global/AV207.ClsFb,,Boolean
0,Devices/[DemoWWTP]/Controller:Global/AV207.ClsFbEn,,Boolean
0,Devices/[DemoWWTP]/Controller:Global/AV207.ESt_OK,,Boolean
0,Devices/[DemoWWTP]/Controller:Global/AV207.Reset,,Boolean
0,Devices/[DemoWWTP]/Controller:Global/AV207.RESET_AUTO_EN,,Boolean
0,Devices/[DemoWWTP]/Controller:Global/AV207.RESET_AUTO_SP,,Int32
0,Devices/[DemoWWTP]/Controller:Global/AV207.Sim,,Boolean
0,Devices/[DemoWWTP]/Controller:Global/AV207.Alarms,,Int16
0,Devices/[DemoWWTP]/Controller:Global/AV207.Man,,Boolean
0,Devices/[DemoWWTP]/Controller:Global/AV207.AutoOpen,,Boolean
0,Devices/[DemoWWTP]/Controller:Global/AV207.Manual_Open,,Boolean
0,Devices/[DemoWWTP]/Controller:Global/AV207.ResetPB,,Boolean
0,Devices/[DemoWWTP]/Controller:Global/AV207.IL_Open,,Boolean
0,Devices/[DemoWWTP]/Controller:Global/AV207.IL_Close,,Boolean
0,Devices/[DemoWWTP]/Controller:Global/AV207.OpenPB,,Boolean
0,Devices/[DemoWWTP]/Controller:Global/AV207.ClosePB,,Boolean
0,Devices/[DemoWWTP]/Controller:Global/AV207.Sts,,Int32
0,Devices/[DemoWWTP]/Controller:Global/AV207.Opened,,Boolean
0,Devices/[DemoWWTP]/Controller:Global/AV207.Closed,,Boolean
0,Devices/[DemoWWTP]/Controller:Global/AV207.Fault,,Boolean
0,Devices/[DemoWWTP]/Controller:Global/AV207.Avail,,Boolean
0,Devices/[DemoWWTP]/Controller:Global/AV207.OpenTime,,Float
0,Devices/[DemoWWTP]/Controller:Global/AV207.CloseTime,,Float
0,Devices/[DemoWWTP]/Controller:Global/AV207.Open_WD,,Float
0,Devices/[DemoWWTP]/Controller:Global/AV207.Close_WD,,Float
0,Devices/[DemoWWTP]/Controller:Global/AV207.OpenDel_SP,,Float
0,Devices/[DemoWWTP]/Controller:Global/AV207.ClosedDel_SP,,Float
0,Devices/[DemoWWTP]/Controller:Global/AV207.OpenDel,,Boolean
0,Devices/[DemoWWTP]/Controller:Global/AV207.ClosedDel,,Boolean
0,Devices/[DemoWWTP]/Controller:Global/AV207.Opn_FLT,,Boolean
0,Devices/[DemoWWTP]/Controller:Global/AV207.Cls_FLT,,Boolean
0,Devices/[DemoWWTP]/Controller:Global/AV207.FB_FLT,,Boolean
0,Devices/[DemoWWTP]/Controller:Global/AV207.RETRY_EN,,Boolean
0,Devices/[DemoWWTP]/Controller:Global/AV207.OPENS,,Int32
0,Devices/[DemoWWTP]/Controller:Global/AV207.HOUR,,Int32
0,Devices/[DemoWWTP]/Controller:Global/AV207.MIN,,Int32
0,Devices/[DemoWWTP]/Controller:Global/AV207.Opn_En,,Boolean
0,Devices/[DemoWWTP]/Controller:Global/AV208.EnableIn,,Boolean
0,Devices/[DemoWWTP]/Controller:Global/AV208.EnableOut,,Boolean
0,Devices/[DemoWWTP]/Controller:Global/AV208.OpnFb,,Boolean
0,Devices/[DemoWWTP]/Controller:Global/AV208.OpnFbEn,,Boolean
0,Devices/[DemoWWTP]/Controller:Global/AV208.ClsFb,,Boolean
0,Devices/[DemoWWTP]/Controller:Global/AV208.ClsFbEn,,Boolean
0,Devices/[DemoWWTP]/Controller:Global/AV208.ESt_OK,,Boolean
0,Devices/[DemoWWTP]/Controller:Global/AV208.Reset,,Boolean
0,Devices/[DemoWWTP]/Controller:Global/AV208.RESET_AUTO_EN,,Boolean
0,Devices/[DemoWWTP]/Controller:Global/AV208.RESET_AUTO_SP,,Int32
0,Devices/[DemoWWTP]/Controller:Global/AV208.Sim,,Boolean
0,Devices/[DemoWWTP]/Controller:Global/AV208.Alarms,,Int16
0,Devices/[DemoWWTP]/Controller:Global/AV208.Man,,Boolean
0,Devices/[DemoWWTP]/Controller:Global/AV208.AutoOpen,,Boolean
0,Devices/[DemoWWTP]/Controller:Global/AV208.Manual_Open,,Boolean
0,Devices/[DemoWWTP]/Controller:Global/AV208.ResetPB,,Boolean
0,Devices/[DemoWWTP]/Controller:Global/AV208.IL_Open,,Boolean
0,Devices/[DemoWWTP]/Controller:Global/AV208.IL_Close,,Boolean
0,Devices/[DemoWWTP]/Controller:Global/AV208.OpenPB,,Boolean
0,Devices/[DemoWWTP]/Controller:Global/AV208.ClosePB,,Boolean
0,Devices/[DemoWWTP]/Controller:Global/AV208.Sts,,Int32
0,Devices/[DemoWWTP]/Controller:Global/AV208.Opened,,Boolean
0,Devices/[DemoWWTP]/Controller:Global/AV208.Closed,,Boolean
0,Devices/[DemoWWTP]/Controller:Global/AV208.Fault,,Boolean
0,Devices/[DemoWWTP]/Controller:Global/AV208.Avail,,Boolean
0,Devices/[DemoWWTP]/Controller:Global/AV208.OpenTime,,Float
0,Devices/[DemoWWTP]/Controller:Global/AV208.CloseTime,,Float
0,Devices/[DemoWWTP]/Controller:Global/AV208.Open_WD,,Float
0,Devices/[DemoWWTP]/Controller:Global/AV208.Close_WD,,Float
0,Devices/[DemoWWTP]/Controller:Global/AV208.OpenDel_SP,,Float
0,Devices/[DemoWWTP]/Controller:Global/AV208.ClosedDel_SP,,Float
0,Devices/[DemoWWTP]/Controller:Global/AV208.OpenDel,,Boolean
0,Devices/[DemoWWTP]/Controller:Global/AV208.ClosedDel,,Boolean
0,Devices/[DemoWWTP]/Controller:Global/AV208.Opn_FLT,,Boolean
0,Devices/[DemoWWTP]/Controller:Global/AV208.Cls_FLT,,Boolean
0,Devices/[DemoWWTP]/Controller:Global/AV208.FB_FLT,,Boolean
0,Devices/[DemoWWTP]/Controller:Global/AV208.RETRY_EN,,Boolean
0,Devices/[DemoWWTP]/Controller:Global/AV208.OPENS,,Int32
0,Devices/[DemoWWTP]/Controller:Global/AV208.HOUR,,Int32
0,Devices/[DemoWWTP]/Controller:Global/AV208.MIN,,Int32
0,Devices/[DemoWWTP]/Controller:Global/AV208.Opn_En,,Boolean
0,Devices/[DemoWWTP]/Controller:Global/AV209.EnableIn,,Boolean
0,Devices/[DemoWWTP]/Controller:Global/AV209.EnableOut,,Boolean
0,Devices/[DemoWWTP]/Controller:Global/AV209.OpnFb,,Boolean
0,Devices/[DemoWWTP]/Controller:Global/AV209.OpnFbEn,,Boolean
0,Devices/[DemoWWTP]/Controller:Global/AV209.ClsFb,,Boolean
0,Devices/[DemoWWTP]/Controller:Global/AV209.ClsFbEn,,Boolean
0,Devices/[DemoWWTP]/Controller:Global/AV209.ESt_OK,,Boolean
0,Devices/[DemoWWTP]/Controller:Global/AV209.Reset,,Boolean
0,Devices/[DemoWWTP]/Controller:Global/AV209.RESET_AUTO_EN,,Boolean
0,Devices/[DemoWWTP]/Controller:Global/AV209.RESET_AUTO_SP,,Int32
0,Devices/[DemoWWTP]/Controller:Global/AV209.Sim,,Boolean
0,Devices/[DemoWWTP]/Controller:Global/AV209.Alarms,,Int16
0,Devices/[DemoWWTP]/Controller:Global/AV209.Man,,Boolean
0,Devices/[DemoWWTP]/Controller:Global/AV209.AutoOpen,,Boolean
0,Devices/[DemoWWTP]/Controller:Global/AV209.Manual_Open,,Boolean
0,Devices/[DemoWWTP]/Controller:Global/AV209.ResetPB,,Boolean
0,Devices/[DemoWWTP]/Controller:Global/AV209.IL_Open,,Boolean
0,Devices/[DemoWWTP]/Controller:Global/AV209.IL_Close,,Boolean
0,Devices/[DemoWWTP]/Controller:Global/AV209.OpenPB,,Boolean
0,Devices/[DemoWWTP]/Controller:Global/AV209.ClosePB,,Boolean
0,Devices/[DemoWWTP]/Controller:Global/AV209.Sts,,Int32
0,Devices/[DemoWWTP]/Controller:Global/AV209.Opened,,Boolean
0,Devices/[DemoWWTP]/Controller:Global/AV209.Closed,,Boolean
0,Devices/[DemoWWTP]/Controller:Global/AV209.Fault,,Boolean
0,Devices/[DemoWWTP]/Controller:Global/AV209.Avail,,Boolean
0,Devices/[DemoWWTP]/Controller:Global/AV209.OpenTime,,Float
0,Devices/[DemoWWTP]/Controller:Global/AV209.CloseTime,,Float
0,Devices/[DemoWWTP]/Controller:Global/AV209.Open_WD,,Float
0,Devices/[DemoWWTP]/Controller:Global/AV209.Close_WD,,Float
0,Devices/[DemoWWTP]/Controller:Global/AV209.OpenDel_SP,,Float
0,Devices/[DemoWWTP]/Controller:Global/AV209.ClosedDel_SP,,Float
0,Devices/[DemoWWTP]/Controller:Global/AV209.OpenDel,,Boolean
0,Devices/[DemoWWTP]/Controller:Global/AV209.ClosedDel,,Boolean
0,Devices/[DemoWWTP]/Controller:Global/AV209.Opn_FLT,,Boolean
0,Devices/[DemoWWTP]/Controller:Global/AV209.Cls_FLT,,Boolean
0,Devices/[DemoWWTP]/Controller:Global/AV209.FB_FLT,,Boolean
0,Devices/[DemoWWTP]/Controller:Global/AV209.RETRY_EN,,Boolean
0,Devices/[DemoWWTP]/Controller:Global/AV209.OPENS,,Int32
0,Devices/[DemoWWTP]/Controller:Global/AV209.HOUR,,Int32
0,Devices/[DemoWWTP]/Controller:Global/AV209.MIN,,Int32
0,Devices/[DemoWWTP]/Controller:Global/AV209.Opn_En,,Boolean
0,Devices/[DemoWWTP]/Controller:Global/AV210.EnableIn,,Boolean
0,Devices/[DemoWWTP]/Controller:Global/AV210.EnableOut,,Boolean
0,Devices/[DemoWWTP]/Controller:Global/AV210.OpnFb,,Boolean
0,Devices/[DemoWWTP]/Controller:Global/AV210.OpnFbEn,,Boolean
0,Devices/[DemoWWTP]/Controller:Global/AV210.ClsFb,,Boolean
0,Devices/[DemoWWTP]/Controller:Global/AV210.ClsFbEn,,Boolean
0,Devices/[DemoWWTP]/Controller:Global/AV210.ESt_OK,,Boolean
0,Devices/[DemoWWTP]/Controller:Global/AV210.Reset,,Boolean
0,Devices/[DemoWWTP]/Controller:Global/AV210.RESET_AUTO_EN,,Boolean
0,Devices/[DemoWWTP]/Controller:Global/AV210.RESET_AUTO_SP,,Int32
0,Devices/[DemoWWTP]/Controller:Global/AV210.Sim,,Boolean
0,Devices/[DemoWWTP]/Controller:Global/AV210.Alarms,,Int16
0,Devices/[DemoWWTP]/Controller:Global/AV210.Man,,Boolean
0,Devices/[DemoWWTP]/Controller:Global/AV210.AutoOpen,,Boolean
0,Devices/[DemoWWTP]/Controller:Global/AV210.Manual_Open,,Boolean
0,Devices/[DemoWWTP]/Controller:Global/AV210.ResetPB,,Boolean
0,Devices/[DemoWWTP]/Controller:Global/AV210.IL_Open,,Boolean
0,Devices/[DemoWWTP]/Controller:Global/AV210.IL_Close,,Boolean
0,Devices/[DemoWWTP]/Controller:Global/AV210.OpenPB,,Boolean
0,Devices/[DemoWWTP]/Controller:Global/AV210.ClosePB,,Boolean
0,Devices/[DemoWWTP]/Controller:Global/AV210.Sts,,Int32
0,Devices/[DemoWWTP]/Controller:Global/AV210.Opened,,Boolean
0,Devices/[DemoWWTP]/Controller:Global/AV210.Closed,,Boolean
0,Devices/[DemoWWTP]/Controller:Global/AV210.Fault,,Boolean
0,Devices/[DemoWWTP]/Controller:Global/AV210.Avail,,Boolean
0,Devices/[DemoWWTP]/Controller:Global/AV210.OpenTime,,Float
0,Devices/[DemoWWTP]/Controller:Global/AV210.CloseTime,,Float
0,Devices/[DemoWWTP]/Controller:Global/AV210.Open_WD,,Float
0,Devices/[DemoWWTP]/Controller:Global/AV210.Close_WD,,Float
0,Devices/[DemoWWTP]/Controller:Global/AV210.OpenDel_SP,,Float
0,Devices/[DemoWWTP]/Controller:Global/AV210.ClosedDel_SP,,Float
0,Devices/[DemoWWTP]/Controller:Global/AV210.OpenDel,,Boolean
0,Devices/[DemoWWTP]/Controller:Global/AV210.ClosedDel,,Boolean
0,Devices/[DemoWWTP]/Controller:Global/AV210.Opn_FLT,,Boolean
0,Devices/[DemoWWTP]/Controller:Global/AV210.Cls_FLT,,Boolean
0,Devices/[DemoWWTP]/Controller:Global/AV210.FB_FLT,,Boolean
0,Devices/[DemoWWTP]/Controller:Global/AV210.RETRY_EN,,Boolean
0,Devices/[DemoWWTP]/Controller:Global/AV210.OPENS,,Int32
0,Devices/[DemoWWTP]/Controller:Global/AV210.HOUR,,Int32
0,Devices/[DemoWWTP]/Controller:Global/AV210.MIN,,Int32
0,Devices/[DemoWWTP]/Controller:Global/AV210.Opn_En,,Boolean
0,Devices/[DemoWWTP]/Controller:Global/AV211.EnableIn,,Boolean
0,Devices/[DemoWWTP]/Controller:Global/AV211.EnableOut,,Boolean
0,Devices/[DemoWWTP]/Controller:Global/AV211.OpnFb,,Boolean
0,Devices/[DemoWWTP]/Controller:Global/AV211.OpnFbEn,,Boolean
0,Devices/[DemoWWTP]/Controller:Global/AV211.ClsFb,,Boolean
0,Devices/[DemoWWTP]/Controller:Global/AV211.ClsFbEn,,Boolean
0,Devices/[DemoWWTP]/Controller:Global/AV211.ESt_OK,,Boolean
0,Devices/[DemoWWTP]/Controller:Global/AV211.Reset,,Boolean
0,Devices/[DemoWWTP]/Controller:Global/AV211.RESET_AUTO_EN,,Boolean
0,Devices/[DemoWWTP]/Controller:Global/AV211.RESET_AUTO_SP,,Int32
0,Devices/[DemoWWTP]/Controller:Global/AV211.Sim,,Boolean
0,Devices/[DemoWWTP]/Controller:Global/AV211.Alarms,,Int16
0,Devices/[DemoWWTP]/Controller:Global/AV211.Man,,Boolean
0,Devices/[DemoWWTP]/Controller:Global/AV211.AutoOpen,,Boolean
0,Devices/[DemoWWTP]/Controller:Global/AV211.Manual_Open,,Boolean
0,Devices/[DemoWWTP]/Controller:Global/AV211.ResetPB,,Boolean
0,Devices/[DemoWWTP]/Controller:Global/AV211.IL_Open,,Boolean
0,Devices/[DemoWWTP]/Controller:Global/AV211.IL_Close,,Boolean
0,Devices/[DemoWWTP]/Controller:Global/AV211.OpenPB,,Boolean
0,Devices/[DemoWWTP]/Controller:Global/AV211.ClosePB,,Boolean
0,Devices/[DemoWWTP]/Controller:Global/AV211.Sts,,Int32
0,Devices/[DemoWWTP]/Controller:Global/AV211.Opened,,Boolean
0,Devices/[DemoWWTP]/Controller:Global/AV211.Closed,,Boolean
0,Devices/[DemoWWTP]/Controller:Global/AV211.Fault,,Boolean
0,Devices/[DemoWWTP]/Controller:Global/AV211.Avail,,Boolean
0,Devices/[DemoWWTP]/Controller:Global/AV211.OpenTime,,Float
0,Devices/[DemoWWTP]/Controller:Global/AV211.CloseTime,,Float
0,Devices/[DemoWWTP]/Controller:Global/AV211.Open_WD,,Float
0,Devices/[DemoWWTP]/Controller:Global/AV211.Close_WD,,Float
0,Devices/[DemoWWTP]/Controller:Global/AV211.OpenDel_SP,,Float
0,Devices/[DemoWWTP]/Controller:Global/AV211.ClosedDel_SP,,Float
0,Devices/[DemoWWTP]/Controller:Global/AV211.OpenDel,,Boolean
0,Devices/[DemoWWTP]/Controller:Global/AV211.ClosedDel,,Boolean
0,Devices/[DemoWWTP]/Controller:Global/AV211.Opn_FLT,,Boolean
0,Devices/[DemoWWTP]/Controller:Global/AV211.Cls_FLT,,Boolean
0,Devices/[DemoWWTP]/Controller:Global/AV211.FB_FLT,,Boolean
0,Devices/[DemoWWTP]/Controller:Global/AV211.RETRY_EN,,Boolean
0,Devices/[DemoWWTP]/Controller:Global/AV211.OPENS,,Int32
0,Devices/[DemoWWTP]/Controller:Global/AV211.HOUR,,Int32
0,Devices/[DemoWWTP]/Controller:Global/AV211.MIN,,Int32
0,Devices/[DemoWWTP]/Controller:Global/AV211.Opn_En,,Boolean
0,Devices/[DemoWWTP]/Controller:Global/AV212.EnableIn,,Boolean
0,Devices/[DemoWWTP]/Controller:Global/AV212.EnableOut,,Boolean
0,Devices/[DemoWWTP]/Controller:Global/AV212.OpnFb,,Boolean
0,Devices/[DemoWWTP]/Controller:Global/AV212.OpnFbEn,,Boolean
0,Devices/[DemoWWTP]/Controller:Global/AV212.ClsFb,,Boolean
0,Devices/[DemoWWTP]/Controller:Global/AV212.ClsFbEn,,Boolean
0,Devices/[DemoWWTP]/Controller:Global/AV212.ESt_OK,,Boolean
0,Devices/[DemoWWTP]/Controller:Global/AV212.Reset,,Boolean
0,Devices/[DemoWWTP]/Controller:Global/AV212.RESET_AUTO_EN,,Boolean
0,Devices/[DemoWWTP]/Controller:Global/AV212.RESET_AUTO_SP,,Int32
0,Devices/[DemoWWTP]/Controller:Global/AV212.Sim,,Boolean
0,Devices/[DemoWWTP]/Controller:Global/AV212.Alarms,,Int16
0,Devices/[DemoWWTP]/Controller:Global/AV212.Man,,Boolean
0,Devices/[DemoWWTP]/Controller:Global/AV212.AutoOpen,,Boolean
0,Devices/[DemoWWTP]/Controller:Global/AV212.Manual_Open,,Boolean
0,Devices/[DemoWWTP]/Controller:Global/AV212.ResetPB,,Boolean
0,Devices/[DemoWWTP]/Controller:Global/AV212.IL_Open,,Boolean
0,Devices/[DemoWWTP]/Controller:Global/AV212.IL_Close,,Boolean
0,Devices/[DemoWWTP]/Controller:Global/AV212.OpenPB,,Boolean
0,Devices/[DemoWWTP]/Controller:Global/AV212.ClosePB,,Boolean
0,Devices/[DemoWWTP]/Controller:Global/AV212.Sts,,Int32
0,Devices/[DemoWWTP]/Controller:Global/AV212.Opened,,Boolean
0,Devices/[DemoWWTP]/Controller:Global/AV212.Closed,,Boolean
0,Devices/[DemoWWTP]/Controller:Global/AV212.Fault,,Boolean
0,Devices/[DemoWWTP]/Controller:Global/AV212.Avail,,Boolean
0,Devices/[DemoWWTP]/Controller:Global/AV212.OpenTime,,Float
0,Devices/[DemoWWTP]/Controller:Global/AV212.CloseTime,,Float
0,Devices/[DemoWWTP]/Controller:Global/AV212.Open_WD,,Float
0,Devices/[DemoWWTP]/Controller:Global/AV212.Close_WD,,Float
0,Devices/[DemoWWTP]/Controller:Global/AV212.OpenDel_SP,,Float
0,Devices/[DemoWWTP]/Controller:Global/AV212.ClosedDel_SP,,Float
0,Devices/[DemoWWTP]/Controller:Global/AV212.OpenDel,,Boolean
0,Devices/[DemoWWTP]/Controller:Global/AV212.ClosedDel,,Boolean
0,Devices/[DemoWWTP]/Controller:Global/AV212.Opn_FLT,,Boolean
0,Devices/[DemoWWTP]/Controller:Global/AV212.Cls_FLT,,Boolean
0,Devices/[DemoWWTP]/Controller:Global/AV212.FB_FLT,,Boolean
0,Devices/[DemoWWTP]/Controller:Global/AV212.RETRY_EN,,Boolean
0,Devices/[DemoWWTP]/Controller:Global/AV212.OPENS,,Int32
0,Devices/[DemoWWTP]/Controller:Global/AV212.HOUR,,Int32
0,Devices/[DemoWWTP]/Controller:Global/AV212.MIN,,Int32
0,Devices/[DemoWWTP]/Controller:Global/AV212.Opn_En,,Boolean
0,Devices/[DemoWWTP]/Controller:Global/AV301.EnableIn,,Boolean
0,Devices/[DemoWWTP]/Controller:Global/AV301.EnableOut,,Boolean
0,Devices/[DemoWWTP]/Controller:Global/AV301.OpnFb,,Boolean
0,Devices/[DemoWWTP]/Controller:Global/AV301.OpnFbEn,,Boolean
0,Devices/[DemoWWTP]/Controller:Global/AV301.ClsFb,,Boolean
0,Devices/[DemoWWTP]/Controller:Global/AV301.ClsFbEn,,Boolean
0,Devices/[DemoWWTP]/Controller:Global/AV301.ESt_OK,,Boolean
0,Devices/[DemoWWTP]/Controller:Global/AV301.Reset,,Boolean
0,Devices/[DemoWWTP]/Controller:Global/AV301.RESET_AUTO_EN,,Boolean
0,Devices/[DemoWWTP]/Controller:Global/AV301.RESET_AUTO_SP,,Int32
0,Devices/[DemoWWTP]/Controller:Global/AV301.Sim,,Boolean
0,Devices/[DemoWWTP]/Controller:Global/AV301.Alarms,,Int16
0,Devices/[DemoWWTP]/Controller:Global/AV301.Man,,Boolean
0,Devices/[DemoWWTP]/Controller:Global/AV301.AutoOpen,,Boolean
0,Devices/[DemoWWTP]/Controller:Global/AV301.Manual_Open,,Boolean
0,Devices/[DemoWWTP]/Controller:Global/AV301.ResetPB,,Boolean
0,Devices/[DemoWWTP]/Controller:Global/AV301.IL_Open,,Boolean
0,Devices/[DemoWWTP]/Controller:Global/AV301.IL_Close,,Boolean
0,Devices/[DemoWWTP]/Controller:Global/AV301.OpenPB,,Boolean
0,Devices/[DemoWWTP]/Controller:Global/AV301.ClosePB,,Boolean
0,Devices/[DemoWWTP]/Controller:Global/AV301.Sts,,Int32
0,Devices/[DemoWWTP]/Controller:Global/AV301.Opened,,Boolean
0,Devices/[DemoWWTP]/Controller:Global/AV301.Closed,,Boolean
0,Devices/[DemoWWTP]/Controller:Global/AV301.Fault,,Boolean
0,Devices/[DemoWWTP]/Controller:Global/AV301.Avail,,Boolean
0,Devices/[DemoWWTP]/Controller:Global/AV301.OpenTime,,Float
0,Devices/[DemoWWTP]/Controller:Global/AV301.CloseTime,,Float
0,Devices/[DemoWWTP]/Controller:Global/AV301.Open_WD,,Float
0,Devices/[DemoWWTP]/Controller:Global/AV301.Close_WD,,Float
0,Devices/[DemoWWTP]/Controller:Global/AV301.OpenDel_SP,,Float
0,Devices/[DemoWWTP]/Controller:Global/AV301.ClosedDel_SP,,Float
0,Devices/[DemoWWTP]/Controller:Global/AV301.OpenDel,,Boolean
0,Devices/[DemoWWTP]/Controller:Global/AV301.ClosedDel,,Boolean
0,Devices/[DemoWWTP]/Controller:Global/AV301.Opn_FLT,,Boolean
0,Devices/[DemoWWTP]/Controller:Global/AV301.Cls_FLT,,Boolean
0,Devices/[DemoWWTP]/Controller:Global/AV301.FB_FLT,,Boolean
0,Devices/[DemoWWTP]/Controller:Global/AV301.RETRY_EN,,Boolean
0,Devices/[DemoWWTP]/Controller:Global/AV301.OPENS,,Int32
0,Devices/[DemoWWTP]/Controller:Global/AV301.HOUR,,Int32
0,Devices/[DemoWWTP]/Controller:Global/AV301.MIN,,Int32
0,Devices/[DemoWWTP]/Controller:Global/AV301.Opn_En,,Boolean
0,Devices/[DemoWWTP]/Controller:Global/AV302.EnableIn,,Boolean
0,Devices/[DemoWWTP]/Controller:Global/AV302.EnableOut,,Boolean
0,Devices/[DemoWWTP]/Controller:Global/AV302.OpnFb,,Boolean
0,Devices/[DemoWWTP]/Controller:Global/AV302.OpnFbEn,,Boolean
0,Devices/[DemoWWTP]/Controller:Global/AV302.ClsFb,,Boolean
0,Devices/[DemoWWTP]/Controller:Global/AV302.ClsFbEn,,Boolean
0,Devices/[DemoWWTP]/Controller:Global/AV302.ESt_OK,,Boolean
0,Devices/[DemoWWTP]/Controller:Global/AV302.Reset,,Boolean
0,Devices/[DemoWWTP]/Controller:Global/AV302.RESET_AUTO_EN,,Boolean
0,Devices/[DemoWWTP]/Controller:Global/AV302.RESET_AUTO_SP,,Int32
0,Devices/[DemoWWTP]/Controller:Global/AV302.Sim,,Boolean
0,Devices/[DemoWWTP]/Controller:Global/AV302.Alarms,,Int16
0,Devices/[DemoWWTP]/Controller:Global/AV302.Man,,Boolean
0,Devices/[DemoWWTP]/Controller:Global/AV302.AutoOpen,,Boolean
0,Devices/[DemoWWTP]/Controller:Global/AV302.Manual_Open,,Boolean
0,Devices/[DemoWWTP]/Controller:Global/AV302.ResetPB,,Boolean
0,Devices/[DemoWWTP]/Controller:Global/AV302.IL_Open,,Boolean
0,Devices/[DemoWWTP]/Controller:Global/AV302.IL_Close,,Boolean
0,Devices/[DemoWWTP]/Controller:Global/AV302.OpenPB,,Boolean
0,Devices/[DemoWWTP]/Controller:Global/AV302.ClosePB,,Boolean
0,Devices/[DemoWWTP]/Controller:Global/AV302.Sts,,Int32
0,Devices/[DemoWWTP]/Controller:Global/AV302.Opened,,Boolean
0,Devices/[DemoWWTP]/Controller:Global/AV302.Closed,,Boolean
0,Devices/[DemoWWTP]/Controller:Global/AV302.Fault,,Boolean
0,Devices/[DemoWWTP]/Controller:Global/AV302.Avail,,Boolean
0,Devices/[DemoWWTP]/Controller:Global/AV302.OpenTime,,Float
0,Devices/[DemoWWTP]/Controller:Global/AV302.CloseTime,,Float
0,Devices/[DemoWWTP]/Controller:Global/AV302.Open_WD,,Float
0,Devices/[DemoWWTP]/Controller:Global/AV302.Close_WD,,Float
0,Devices/[DemoWWTP]/Controller:Global/AV302.OpenDel_SP,,Float
0,Devices/[DemoWWTP]/Controller:Global/AV302.ClosedDel_SP,,Float
0,Devices/[DemoWWTP]/Controller:Global/AV302.OpenDel,,Boolean
0,Devices/[DemoWWTP]/Controller:Global/AV302.ClosedDel,,Boolean
0,Devices/[DemoWWTP]/Controller:Global/AV302.Opn_FLT,,Boolean
0,Devices/[DemoWWTP]/Controller:Global/AV302.Cls_FLT,,Boolean
0,Devices/[DemoWWTP]/Controller:Global/AV302.FB_FLT,,Boolean
0,Devices/[DemoWWTP]/Controller:Global/AV302.RETRY_EN,,Boolean
0,Devices/[DemoWWTP]/Controller:Global/AV302.OPENS,,Int32
0,Devices/[DemoWWTP]/Controller:Global/AV302.HOUR,,Int32
0,Devices/[DemoWWTP]/Controller:Global/AV302.MIN,,Int32
0,Devices/[DemoWWTP]/Controller:Global/AV302.Opn_En,,Boolean
0,Devices/[DemoWWTP]/Controller:Global/AV303.EnableIn,,Boolean
0,Devices/[DemoWWTP]/Controller:Global/AV303.EnableOut,,Boolean
0,Devices/[DemoWWTP]/Controller:Global/AV303.OpnFb,,Boolean
0,Devices/[DemoWWTP]/Controller:Global/AV303.OpnFbEn,,Boolean
0,Devices/[DemoWWTP]/Controller:Global/AV303.ClsFb,,Boolean
0,Devices/[DemoWWTP]/Controller:Global/AV303.ClsFbEn,,Boolean
0,Devices/[DemoWWTP]/Controller:Global/AV303.ESt_OK,,Boolean
0,Devices/[DemoWWTP]/Controller:Global/AV303.Reset,,Boolean
0,Devices/[DemoWWTP]/Controller:Global/AV303.RESET_AUTO_EN,,Boolean
0,Devices/[DemoWWTP]/Controller:Global/AV303.RESET_AUTO_SP,,Int32
0,Devices/[DemoWWTP]/Controller:Global/AV303.Sim,,Boolean
0,Devices/[DemoWWTP]/Controller:Global/AV303.Alarms,,Int16
0,Devices/[DemoWWTP]/Controller:Global/AV303.Man,,Boolean
0,Devices/[DemoWWTP]/Controller:Global/AV303.AutoOpen,,Boolean
0,Devices/[DemoWWTP]/Controller:Global/AV303.Manual_Open,,Boolean
0,Devices/[DemoWWTP]/Controller:Global/AV303.ResetPB,,Boolean
0,Devices/[DemoWWTP]/Controller:Global/AV303.IL_Open,,Boolean
0,Devices/[DemoWWTP]/Controller:Global/AV303.IL_Close,,Boolean
0,Devices/[DemoWWTP]/Controller:Global/AV303.OpenPB,,Boolean
0,Devices/[DemoWWTP]/Controller:Global/AV303.ClosePB,,Boolean
0,Devices/[DemoWWTP]/Controller:Global/AV303.Sts,,Int32
0,Devices/[DemoWWTP]/Controller:Global/AV303.Opened,,Boolean
0,Devices/[DemoWWTP]/Controller:Global/AV303.Closed,,Boolean
0,Devices/[DemoWWTP]/Controller:Global/AV303.Fault,,Boolean
0,Devices/[DemoWWTP]/Controller:Global/AV303.Avail,,Boolean
0,Devices/[DemoWWTP]/Controller:Global/AV303.OpenTime,,Float
0,Devices/[DemoWWTP]/Controller:Global/AV303.CloseTime,,Float
0,Devices/[DemoWWTP]/Controller:Global/AV303.Open_WD,,Float
0,Devices/[DemoWWTP]/Controller:Global/AV303.Close_WD,,Float
0,Devices/[DemoWWTP]/Controller:Global/AV303.OpenDel_SP,,Float
0,Devices/[DemoWWTP]/Controller:Global/AV303.ClosedDel_SP,,Float
0,Devices/[DemoWWTP]/Controller:Global/AV303.OpenDel,,Boolean
0,Devices/[DemoWWTP]/Controller:Global/AV303.ClosedDel,,Boolean
0,Devices/[DemoWWTP]/Controller:Global/AV303.Opn_FLT,,Boolean
0,Devices/[DemoWWTP]/Controller:Global/AV303.Cls_FLT,,Boolean
0,Devices/[DemoWWTP]/Controller:Global/AV303.FB_FLT,,Boolean
0,Devices/[DemoWWTP]/Controller:Global/AV303.RETRY_EN,,Boolean
0,Devices/[DemoWWTP]/Controller:Global/AV303.OPENS,,Int32
0,Devices/[DemoWWTP]/Controller:Global/AV303.HOUR,,Int32
0,Devices/[DemoWWTP]/Controller:Global/AV303.MIN,,Int32
0,Devices/[DemoWWTP]/Controller:Global/AV303.Opn_En,,Boolean
0,Devices/[DemoWWTP]/Controller:Global/AV304.EnableIn,,Boolean
0,Devices/[DemoWWTP]/Controller:Global/AV304.EnableOut,,Boolean
0,Devices/[DemoWWTP]/Controller:Global/AV304.OpnFb,,Boolean
0,Devices/[DemoWWTP]/Controller:Global/AV304.OpnFbEn,,Boolean
0,Devices/[DemoWWTP]/Controller:Global/AV304.ClsFb,,Boolean
0,Devices/[DemoWWTP]/Controller:Global/AV304.ClsFbEn,,Boolean
0,Devices/[DemoWWTP]/Controller:Global/AV304.ESt_OK,,Boolean
0,Devices/[DemoWWTP]/Controller:Global/AV304.Reset,,Boolean
0,Devices/[DemoWWTP]/Controller:Global/AV304.RESET_AUTO_EN,,Boolean
0,Devices/[DemoWWTP]/Controller:Global/AV304.RESET_AUTO_SP,,Int32
0,Devices/[DemoWWTP]/Controller:Global/AV304.Sim,,Boolean
0,Devices/[DemoWWTP]/Controller:Global/AV304.Alarms,,Int16
0,Devices/[DemoWWTP]/Controller:Global/AV304.Man,,Boolean
0,Devices/[DemoWWTP]/Controller:Global/AV304.AutoOpen,,Boolean
0,Devices/[DemoWWTP]/Controller:Global/AV304.Manual_Open,,Boolean
0,Devices/[DemoWWTP]/Controller:Global/AV304.ResetPB,,Boolean
0,Devices/[DemoWWTP]/Controller:Global/AV304.IL_Open,,Boolean
0,Devices/[DemoWWTP]/Controller:Global/AV304.IL_Close,,Boolean
0,Devices/[DemoWWTP]/Controller:Global/AV304.OpenPB,,Boolean
0,Devices/[DemoWWTP]/Controller:Global/AV304.ClosePB,,Boolean
0,Devices/[DemoWWTP]/Controller:Global/AV304.Sts,,Int32
0,Devices/[DemoWWTP]/Controller:Global/AV304.Opened,,Boolean
0,Devices/[DemoWWTP]/Controller:Global/AV304.Closed,,Boolean
0,Devices/[DemoWWTP]/Controller:Global/AV304.Fault,,Boolean
0,Devices/[DemoWWTP]/Controller:Global/AV304.Avail,,Boolean
0,Devices/[DemoWWTP]/Controller:Global/AV304.OpenTime,,Float
0,Devices/[DemoWWTP]/Controller:Global/AV304.CloseTime,,Float
0,Devices/[DemoWWTP]/Controller:Global/AV304.Open_WD,,Float
0,Devices/[DemoWWTP]/Controller:Global/AV304.Close_WD,,Float
0,Devices/[DemoWWTP]/Controller:Global/AV304.OpenDel_SP,,Float
0,Devices/[DemoWWTP]/Controller:Global/AV304.ClosedDel_SP,,Float
0,Devices/[DemoWWTP]/Controller:Global/AV304.OpenDel,,Boolean
0,Devices/[DemoWWTP]/Controller:Global/AV304.ClosedDel,,Boolean
0,Devices/[DemoWWTP]/Controller:Global/AV304.Opn_FLT,,Boolean
0,Devices/[DemoWWTP]/Controller:Global/AV304.Cls_FLT,,Boolean
0,Devices/[DemoWWTP]/Controller:Global/AV304.FB_FLT,,Boolean
0,Devices/[DemoWWTP]/Controller:Global/AV304.RETRY_EN,,Boolean
0,Devices/[DemoWWTP]/Controller:Global/AV304.OPENS,,Int32
0,Devices/[DemoWWTP]/Controller:Global/AV304.HOUR,,Int32
0,Devices/[DemoWWTP]/Controller:Global/AV304.MIN,,Int32
0,Devices/[DemoWWTP]/Controller:Global/AV304.Opn_En,,Boolean
0,Devices/[DemoWWTP]/Controller:Global/AV305.EnableIn,,Boolean
0,Devices/[DemoWWTP]/Controller:Global/AV305.EnableOut,,Boolean
0,Devices/[DemoWWTP]/Controller:Global/AV305.OpnFb,,Boolean
0,Devices/[DemoWWTP]/Controller:Global/AV305.OpnFbEn,,Boolean
0,Devices/[DemoWWTP]/Controller:Global/AV305.ClsFb,,Boolean
0,Devices/[DemoWWTP]/Controller:Global/AV305.ClsFbEn,,Boolean
0,Devices/[DemoWWTP]/Controller:Global/AV305.ESt_OK,,Boolean
0,Devices/[DemoWWTP]/Controller:Global/AV305.Reset,,Boolean
0,Devices/[DemoWWTP]/Controller:Global/AV305.RESET_AUTO_EN,,Boolean
0,Devices/[DemoWWTP]/Controller:Global/AV305.RESET_AUTO_SP,,Int32
0,Devices/[DemoWWTP]/Controller:Global/AV305.Sim,,Boolean
0,Devices/[DemoWWTP]/Controller:Global/AV305.Alarms,,Int16
0,Devices/[DemoWWTP]/Controller:Global/AV305.Man,,Boolean
0,Devices/[DemoWWTP]/Controller:Global/AV305.AutoOpen,,Boolean
0,Devices/[DemoWWTP]/Controller:Global/AV305.Manual_Open,,Boolean
0,Devices/[DemoWWTP]/Controller:Global/AV305.ResetPB,,Boolean
0,Devices/[DemoWWTP]/Controller:Global/AV305.IL_Open,,Boolean
0,Devices/[DemoWWTP]/Controller:Global/AV305.IL_Close,,Boolean
0,Devices/[DemoWWTP]/Controller:Global/AV305.OpenPB,,Boolean
0,Devices/[DemoWWTP]/Controller:Global/AV305.ClosePB,,Boolean
0,Devices/[DemoWWTP]/Controller:Global/AV305.Sts,,Int32
0,Devices/[DemoWWTP]/Controller:Global/AV305.Opened,,Boolean
0,Devices/[DemoWWTP]/Controller:Global/AV305.Closed,,Boolean
0,Devices/[DemoWWTP]/Controller:Global/AV305.Fault,,Boolean
0,Devices/[DemoWWTP]/Controller:Global/AV305.Avail,,Boolean
0,Devices/[DemoWWTP]/Controller:Global/AV305.OpenTime,,Float
0,Devices/[DemoWWTP]/Controller:Global/AV305.CloseTime,,Float
0,Devices/[DemoWWTP]/Controller:Global/AV305.Open_WD,,Float
0,Devices/[DemoWWTP]/Controller:Global/AV305.Close_WD,,Float
0,Devices/[DemoWWTP]/Controller:Global/AV305.OpenDel_SP,,Float
0,Devices/[DemoWWTP]/Controller:Global/AV305.ClosedDel_SP,,Float
0,Devices/[DemoWWTP]/Controller:Global/AV305.OpenDel,,Boolean
0,Devices/[DemoWWTP]/Controller:Global/AV305.ClosedDel,,Boolean
0,Devices/[DemoWWTP]/Controller:Global/AV305.Opn_FLT,,Boolean
0,Devices/[DemoWWTP]/Controller:Global/AV305.Cls_FLT,,Boolean
0,Devices/[DemoWWTP]/Controller:Global/AV305.FB_FLT,,Boolean
0,Devices/[DemoWWTP]/Controller:Global/AV305.RETRY_EN,,Boolean
0,Devices/[DemoWWTP]/Controller:Global/AV305.OPENS,,Int32
0,Devices/[DemoWWTP]/Controller:Global/AV305.HOUR,,Int32
0,Devices/[DemoWWTP]/Controller:Global/AV305.MIN,,Int32
0,Devices/[DemoWWTP]/Controller:Global/AV305.Opn_En,,Boolean
0,Devices/[DemoWWTP]/Controller:Global/AV306.EnableIn,,Boolean
0,Devices/[DemoWWTP]/Controller:Global/AV306.EnableOut,,Boolean
0,Devices/[DemoWWTP]/Controller:Global/AV306.OpnFb,,Boolean
0,Devices/[DemoWWTP]/Controller:Global/AV306.OpnFbEn,,Boolean
0,Devices/[DemoWWTP]/Controller:Global/AV306.ClsFb,,Boolean
0,Devices/[DemoWWTP]/Controller:Global/AV306.ClsFbEn,,Boolean
0,Devices/[DemoWWTP]/Controller:Global/AV306.ESt_OK,,Boolean
0,Devices/[DemoWWTP]/Controller:Global/AV306.Reset,,Boolean
0,Devices/[DemoWWTP]/Controller:Global/AV306.RESET_AUTO_EN,,Boolean
0,Devices/[DemoWWTP]/Controller:Global/AV306.RESET_AUTO_SP,,Int32
0,Devices/[DemoWWTP]/Controller:Global/AV306.Sim,,Boolean
0,Devices/[DemoWWTP]/Controller:Global/AV306.Alarms,,Int16
0,Devices/[DemoWWTP]/Controller:Global/AV306.Man,,Boolean
0,Devices/[DemoWWTP]/Controller:Global/AV306.AutoOpen,,Boolean
0,Devices/[DemoWWTP]/Controller:Global/AV306.Manual_Open,,Boolean
0,Devices/[DemoWWTP]/Controller:Global/AV306.ResetPB,,Boolean
0,Devices/[DemoWWTP]/Controller:Global/AV306.IL_Open,,Boolean
0,Devices/[DemoWWTP]/Controller:Global/AV306.IL_Close,,Boolean
0,Devices/[DemoWWTP]/Controller:Global/AV306.OpenPB,,Boolean
0,Devices/[DemoWWTP]/Controller:Global/AV306.ClosePB,,Boolean
0,Devices/[DemoWWTP]/Controller:Global/AV306.Sts,,Int32
0,Devices/[DemoWWTP]/Controller:Global/AV306.Opened,,Boolean
0,Devices/[DemoWWTP]/Controller:Global/AV306.Closed,,Boolean
0,Devices/[DemoWWTP]/Controller:Global/AV306.Fault,,Boolean
0,Devices/[DemoWWTP]/Controller:Global/AV306.Avail,,Boolean
0,Devices/[DemoWWTP]/Controller:Global/AV306.OpenTime,,Float
0,Devices/[DemoWWTP]/Controller:Global/AV306.CloseTime,,Float
0,Devices/[DemoWWTP]/Controller:Global/AV306.Open_WD,,Float
0,Devices/[DemoWWTP]/Controller:Global/AV306.Close_WD,,Float
0,Devices/[DemoWWTP]/Controller:Global/AV306.OpenDel_SP,,Float
0,Devices/[DemoWWTP]/Controller:Global/AV306.ClosedDel_SP,,Float
0,Devices/[DemoWWTP]/Controller:Global/AV306.OpenDel,,Boolean
0,Devices/[DemoWWTP]/Controller:Global/AV306.ClosedDel,,Boolean
0,Devices/[DemoWWTP]/Controller:Global/AV306.Opn_FLT,,Boolean
0,Devices/[DemoWWTP]/Controller:Global/AV306.Cls_FLT,,Boolean
0,Devices/[DemoWWTP]/Controller:Global/AV306.FB_FLT,,Boolean
0,Devices/[DemoWWTP]/Controller:Global/AV306.RETRY_EN,,Boolean
0,Devices/[DemoWWTP]/Controller:Global/AV306.OPENS,,Int32
0,Devices/[DemoWWTP]/Controller:Global/AV306.HOUR,,Int32
0,Devices/[DemoWWTP]/Controller:Global/AV306.MIN,,Int32
0,Devices/[DemoWWTP]/Controller:Global/AV306.Opn_En,,Boolean
0,Devices/[DemoWWTP]/Controller:Global/AV307.EnableIn,,Boolean
0,Devices/[DemoWWTP]/Controller:Global/AV307.EnableOut,,Boolean
0,Devices/[DemoWWTP]/Controller:Global/AV307.OpnFb,,Boolean
0,Devices/[DemoWWTP]/Controller:Global/AV307.OpnFbEn,,Boolean
0,Devices/[DemoWWTP]/Controller:Global/AV307.ClsFb,,Boolean
0,Devices/[DemoWWTP]/Controller:Global/AV307.ClsFbEn,,Boolean
0,Devices/[DemoWWTP]/Controller:Global/AV307.ESt_OK,,Boolean
0,Devices/[DemoWWTP]/Controller:Global/AV307.Reset,,Boolean
0,Devices/[DemoWWTP]/Controller:Global/AV307.RESET_AUTO_EN,,Boolean
0,Devices/[DemoWWTP]/Controller:Global/AV307.RESET_AUTO_SP,,Int32
0,Devices/[DemoWWTP]/Controller:Global/AV307.Sim,,Boolean
0,Devices/[DemoWWTP]/Controller:Global/AV307.Alarms,,Int16
0,Devices/[DemoWWTP]/Controller:Global/AV307.Man,,Boolean
0,Devices/[DemoWWTP]/Controller:Global/AV307.AutoOpen,,Boolean
0,Devices/[DemoWWTP]/Controller:Global/AV307.Manual_Open,,Boolean
0,Devices/[DemoWWTP]/Controller:Global/AV307.ResetPB,,Boolean
0,Devices/[DemoWWTP]/Controller:Global/AV307.IL_Open,,Boolean
0,Devices/[DemoWWTP]/Controller:Global/AV307.IL_Close,,Boolean
0,Devices/[DemoWWTP]/Controller:Global/AV307.OpenPB,,Boolean
0,Devices/[DemoWWTP]/Controller:Global/AV307.ClosePB,,Boolean
0,Devices/[DemoWWTP]/Controller:Global/AV307.Sts,,Int32
0,Devices/[DemoWWTP]/Controller:Global/AV307.Opened,,Boolean
0,Devices/[DemoWWTP]/Controller:Global/AV307.Closed,,Boolean
0,Devices/[DemoWWTP]/Controller:Global/AV307.Fault,,Boolean
0,Devices/[DemoWWTP]/Controller:Global/AV307.Avail,,Boolean
0,Devices/[DemoWWTP]/Controller:Global/AV307.OpenTime,,Float
0,Devices/[DemoWWTP]/Controller:Global/AV307.CloseTime,,Float
0,Devices/[DemoWWTP]/Controller:Global/AV307.Open_WD,,Float
0,Devices/[DemoWWTP]/Controller:Global/AV307.Close_WD,,Float
0,Devices/[DemoWWTP]/Controller:Global/AV307.OpenDel_SP,,Float
0,Devices/[DemoWWTP]/Controller:Global/AV307.ClosedDel_SP,,Float
0,Devices/[DemoWWTP]/Controller:Global/AV307.OpenDel,,Boolean
0,Devices/[DemoWWTP]/Controller:Global/AV307.ClosedDel,,Boolean
0,Devices/[DemoWWTP]/Controller:Global/AV307.Opn_FLT,,Boolean
0,Devices/[DemoWWTP]/Controller:Global/AV307.Cls_FLT,,Boolean
0,Devices/[DemoWWTP]/Controller:Global/AV307.FB_FLT,,Boolean
0,Devices/[DemoWWTP]/Controller:Global/AV307.RETRY_EN,,Boolean
0,Devices/[DemoWWTP]/Controller:Global/AV307.OPENS,,Int32
0,Devices/[DemoWWTP]/Controller:Global/AV307.HOUR,,Int32
0,Devices/[DemoWWTP]/Controller:Global/AV307.MIN,,Int32
0,Devices/[DemoWWTP]/Controller:Global/AV307.Opn_En,,Boolean
0,Devices/[DemoWWTP]/Controller:Global/AV308.EnableIn,,Boolean
0,Devices/[DemoWWTP]/Controller:Global/AV308.EnableOut,,Boolean
0,Devices/[DemoWWTP]/Controller:Global/AV308.OpnFb,,Boolean
0,Devices/[DemoWWTP]/Controller:Global/AV308.OpnFbEn,,Boolean
0,Devices/[DemoWWTP]/Controller:Global/AV308.ClsFb,,Boolean
0,Devices/[DemoWWTP]/Controller:Global/AV308.ClsFbEn,,Boolean
0,Devices/[DemoWWTP]/Controller:Global/AV308.ESt_OK,,Boolean
0,Devices/[DemoWWTP]/Controller:Global/AV308.Reset,,Boolean
0,Devices/[DemoWWTP]/Controller:Global/AV308.RESET_AUTO_EN,,Boolean
0,Devices/[DemoWWTP]/Controller:Global/AV308.RESET_AUTO_SP,,Int32
0,Devices/[DemoWWTP]/Controller:Global/AV308.Sim,,Boolean
0,Devices/[DemoWWTP]/Controller:Global/AV308.Alarms,,Int16
0,Devices/[DemoWWTP]/Controller:Global/AV308.Man,,Boolean
0,Devices/[DemoWWTP]/Controller:Global/AV308.AutoOpen,,Boolean
0,Devices/[DemoWWTP]/Controller:Global/AV308.Manual_Open,,Boolean
0,Devices/[DemoWWTP]/Controller:Global/AV308.ResetPB,,Boolean
0,Devices/[DemoWWTP]/Controller:Global/AV308.IL_Open,,Boolean
0,Devices/[DemoWWTP]/Controller:Global/AV308.IL_Close,,Boolean
0,Devices/[DemoWWTP]/Controller:Global/AV308.OpenPB,,Boolean
0,Devices/[DemoWWTP]/Controller:Global/AV308.ClosePB,,Boolean
0,Devices/[DemoWWTP]/Controller:Global/AV308.Sts,,Int32
0,Devices/[DemoWWTP]/Controller:Global/AV308.Opened,,Boolean
0,Devices/[DemoWWTP]/Controller:Global/AV308.Closed,,Boolean
0,Devices/[DemoWWTP]/Controller:Global/AV308.Fault,,Boolean
0,Devices/[DemoWWTP]/Controller:Global/AV308.Avail,,Boolean
0,Devices/[DemoWWTP]/Controller:Global/AV308.OpenTime,,Float
0,Devices/[DemoWWTP]/Controller:Global/AV308.CloseTime,,Float
0,Devices/[DemoWWTP]/Controller:Global/AV308.Open_WD,,Float
0,Devices/[DemoWWTP]/Controller:Global/AV308.Close_WD,,Float
0,Devices/[DemoWWTP]/Controller:Global/AV308.OpenDel_SP,,Float
0,Devices/[DemoWWTP]/Controller:Global/AV308.ClosedDel_SP,,Float
0,Devices/[DemoWWTP]/Controller:Global/AV308.OpenDel,,Boolean
0,Devices/[DemoWWTP]/Controller:Global/AV308.ClosedDel,,Boolean
0,Devices/[DemoWWTP]/Controller:Global/AV308.Opn_FLT,,Boolean
0,Devices/[DemoWWTP]/Controller:Global/AV308.Cls_FLT,,Boolean
0,Devices/[DemoWWTP]/Controller:Global/AV308.FB_FLT,,Boolean
0,Devices/[DemoWWTP]/Controller:Global/AV308.RETRY_EN,,Boolean
0,Devices/[DemoWWTP]/Controller:Global/AV308.OPENS,,Int32
0,Devices/[DemoWWTP]/Controller:Global/AV308.HOUR,,Int32
0,Devices/[DemoWWTP]/Controller:Global/AV308.MIN,,Int32
0,Devices/[DemoWWTP]/Controller:Global/AV308.Opn_En,,Boolean
0,Devices/[DemoWWTP]/Controller:Global/AV309.EnableIn,,Boolean
0,Devices/[DemoWWTP]/Controller:Global/AV309.EnableOut,,Boolean
0,Devices/[DemoWWTP]/Controller:Global/AV309.OpnFb,,Boolean
0,Devices/[DemoWWTP]/Controller:Global/AV309.OpnFbEn,,Boolean
0,Devices/[DemoWWTP]/Controller:Global/AV309.ClsFb,,Boolean
0,Devices/[DemoWWTP]/Controller:Global/AV309.ClsFbEn,,Boolean
0,Devices/[DemoWWTP]/Controller:Global/AV309.ESt_OK,,Boolean
0,Devices/[DemoWWTP]/Controller:Global/AV309.Reset,,Boolean
0,Devices/[DemoWWTP]/Controller:Global/AV309.RESET_AUTO_EN,,Boolean
0,Devices/[DemoWWTP]/Controller:Global/AV309.RESET_AUTO_SP,,Int32
0,Devices/[DemoWWTP]/Controller:Global/AV309.Sim,,Boolean
0,Devices/[DemoWWTP]/Controller:Global/AV309.Alarms,,Int16
0,Devices/[DemoWWTP]/Controller:Global/AV309.Man,,Boolean
0,Devices/[DemoWWTP]/Controller:Global/AV309.AutoOpen,,Boolean
0,Devices/[DemoWWTP]/Controller:Global/AV309.Manual_Open,,Boolean
0,Devices/[DemoWWTP]/Controller:Global/AV309.ResetPB,,Boolean
0,Devices/[DemoWWTP]/Controller:Global/AV309.IL_Open,,Boolean
0,Devices/[DemoWWTP]/Controller:Global/AV309.IL_Close,,Boolean
0,Devices/[DemoWWTP]/Controller:Global/AV309.OpenPB,,Boolean
0,Devices/[DemoWWTP]/Controller:Global/AV309.ClosePB,,Boolean
0,Devices/[DemoWWTP]/Controller:Global/AV309.Sts,,Int32
0,Devices/[DemoWWTP]/Controller:Global/AV309.Opened,,Boolean
0,Devices/[DemoWWTP]/Controller:Global/AV309.Closed,,Boolean
0,Devices/[DemoWWTP]/Controller:Global/AV309.Fault,,Boolean
0,Devices/[DemoWWTP]/Controller:Global/AV309.Avail,,Boolean
0,Devices/[DemoWWTP]/Controller:Global/AV309.OpenTime,,Float
0,Devices/[DemoWWTP]/Controller:Global/AV309.CloseTime,,Float
0,Devices/[DemoWWTP]/Controller:Global/AV309.Open_WD,,Float
0,Devices/[DemoWWTP]/Controller:Global/AV309.Close_WD,,Float
0,Devices/[DemoWWTP]/Controller:Global/AV309.OpenDel_SP,,Float
0,Devices/[DemoWWTP]/Controller:Global/AV309.ClosedDel_SP,,Float
0,Devices/[DemoWWTP]/Controller:Global/AV309.OpenDel,,Boolean
0,Devices/[DemoWWTP]/Controller:Global/AV309.ClosedDel,,Boolean
0,Devices/[DemoWWTP]/Controller:Global/AV309.Opn_FLT,,Boolean
0,Devices/[DemoWWTP]/Controller:Global/AV309.Cls_FLT,,Boolean
0,Devices/[DemoWWTP]/Controller:Global/AV309.FB_FLT,,Boolean
0,Devices/[DemoWWTP]/Controller:Global/AV309.RETRY_EN,,Boolean
0,Devices/[DemoWWTP]/Controller:Global/AV309.OPENS,,Int32
0,Devices/[DemoWWTP]/Controller:Global/AV309.HOUR,,Int32
0,Devices/[DemoWWTP]/Controller:Global/AV309.MIN,,Int32
0,Devices/[DemoWWTP]/Controller:Global/AV309.Opn_En,,Boolean
0,Devices/[DemoWWTP]/Controller:Global/AV310.EnableIn,,Boolean
0,Devices/[DemoWWTP]/Controller:Global/AV310.EnableOut,,Boolean
0,Devices/[DemoWWTP]/Controller:Global/AV310.OpnFb,,Boolean
0,Devices/[DemoWWTP]/Controller:Global/AV310.OpnFbEn,,Boolean
0,Devices/[DemoWWTP]/Controller:Global/AV310.ClsFb,,Boolean
0,Devices/[DemoWWTP]/Controller:Global/AV310.ClsFbEn,,Boolean
0,Devices/[DemoWWTP]/Controller:Global/AV310.ESt_OK,,Boolean
0,Devices/[DemoWWTP]/Controller:Global/AV310.Reset,,Boolean
0,Devices/[DemoWWTP]/Controller:Global/AV310.RESET_AUTO_EN,,Boolean
0,Devices/[DemoWWTP]/Controller:Global/AV310.RESET_AUTO_SP,,Int32
0,Devices/[DemoWWTP]/Controller:Global/AV310.Sim,,Boolean
0,Devices/[DemoWWTP]/Controller:Global/AV310.Alarms,,Int16
0,Devices/[DemoWWTP]/Controller:Global/AV310.Man,,Boolean
0,Devices/[DemoWWTP]/Controller:Global/AV310.AutoOpen,,Boolean
0,Devices/[DemoWWTP]/Controller:Global/AV310.Manual_Open,,Boolean
0,Devices/[DemoWWTP]/Controller:Global/AV310.ResetPB,,Boolean
0,Devices/[DemoWWTP]/Controller:Global/AV310.IL_Open,,Boolean
0,Devices/[DemoWWTP]/Controller:Global/AV310.IL_Close,,Boolean
0,Devices/[DemoWWTP]/Controller:Global/AV310.OpenPB,,Boolean
0,Devices/[DemoWWTP]/Controller:Global/AV310.ClosePB,,Boolean
0,Devices/[DemoWWTP]/Controller:Global/AV310.Sts,,Int32
0,Devices/[DemoWWTP]/Controller:Global/AV310.Opened,,Boolean
0,Devices/[DemoWWTP]/Controller:Global/AV310.Closed,,Boolean
0,Devices/[DemoWWTP]/Controller:Global/AV310.Fault,,Boolean
0,Devices/[DemoWWTP]/Controller:Global/AV310.Avail,,Boolean
0,Devices/[DemoWWTP]/Controller:Global/AV310.OpenTime,,Float
0,Devices/[DemoWWTP]/Controller:Global/AV310.CloseTime,,Float
0,Devices/[DemoWWTP]/Controller:Global/AV310.Open_WD,,Float
0,Devices/[DemoWWTP]/Controller:Global/AV310.Close_WD,,Float
0,Devices/[DemoWWTP]/Controller:Global/AV310.OpenDel_SP,,Float
0,Devices/[DemoWWTP]/Controller:Global/AV310.ClosedDel_SP,,Float
0,Devices/[DemoWWTP]/Controller:Global/AV310.OpenDel,,Boolean
0,Devices/[DemoWWTP]/Controller:Global/AV310.ClosedDel,,Boolean
0,Devices/[DemoWWTP]/Controller:Global/AV310.Opn_FLT,,Boolean
0,Devices/[DemoWWTP]/Controller:Global/AV310.Cls_FLT,,Boolean
0,Devices/[DemoWWTP]/Controller:Global/AV310.FB_FLT,,Boolean
0,Devices/[DemoWWTP]/Controller:Global/AV310.RETRY_EN,,Boolean
0,Devices/[DemoWWTP]/Controller:Global/AV310.OPENS,,Int32
0,Devices/[DemoWWTP]/Controller:Global/AV310.HOUR,,Int32
0,Devices/[DemoWWTP]/Controller:Global/AV310.MIN,,Int32
0,Devices/[DemoWWTP]/Controller:Global/AV310.Opn_En,,Boolean
0,Devices/[DemoWWTP]/Controller:Global/AV401.EnableIn,,Boolean
0,Devices/[DemoWWTP]/Controller:Global/AV401.EnableOut,,Boolean
0,Devices/[DemoWWTP]/Controller:Global/AV401.OpnFb,,Boolean
0,Devices/[DemoWWTP]/Controller:Global/AV401.OpnFbEn,,Boolean
0,Devices/[DemoWWTP]/Controller:Global/AV401.ClsFb,,Boolean
0,Devices/[DemoWWTP]/Controller:Global/AV401.ClsFbEn,,Boolean
0,Devices/[DemoWWTP]/Controller:Global/AV401.ESt_OK,,Boolean
0,Devices/[DemoWWTP]/Controller:Global/AV401.Reset,,Boolean
0,Devices/[DemoWWTP]/Controller:Global/AV401.RESET_AUTO_EN,,Boolean
0,Devices/[DemoWWTP]/Controller:Global/AV401.RESET_AUTO_SP,,Int32
0,Devices/[DemoWWTP]/Controller:Global/AV401.Sim,,Boolean
0,Devices/[DemoWWTP]/Controller:Global/AV401.Alarms,,Int16
0,Devices/[DemoWWTP]/Controller:Global/AV401.Man,,Boolean
0,Devices/[DemoWWTP]/Controller:Global/AV401.AutoOpen,,Boolean
0,Devices/[DemoWWTP]/Controller:Global/AV401.Manual_Open,,Boolean
0,Devices/[DemoWWTP]/Controller:Global/AV401.ResetPB,,Boolean
0,Devices/[DemoWWTP]/Controller:Global/AV401.IL_Open,,Boolean
0,Devices/[DemoWWTP]/Controller:Global/AV401.IL_Close,,Boolean
0,Devices/[DemoWWTP]/Controller:Global/AV401.OpenPB,,Boolean
0,Devices/[DemoWWTP]/Controller:Global/AV401.ClosePB,,Boolean
0,Devices/[DemoWWTP]/Controller:Global/AV401.Sts,,Int32
0,Devices/[DemoWWTP]/Controller:Global/AV401.Opened,,Boolean
0,Devices/[DemoWWTP]/Controller:Global/AV401.Closed,,Boolean
0,Devices/[DemoWWTP]/Controller:Global/AV401.Fault,,Boolean
0,Devices/[DemoWWTP]/Controller:Global/AV401.Avail,,Boolean
0,Devices/[DemoWWTP]/Controller:Global/AV401.OpenTime,,Float
0,Devices/[DemoWWTP]/Controller:Global/AV401.CloseTime,,Float
0,Devices/[DemoWWTP]/Controller:Global/AV401.Open_WD,,Float
0,Devices/[DemoWWTP]/Controller:Global/AV401.Close_WD,,Float
0,Devices/[DemoWWTP]/Controller:Global/AV401.OpenDel_SP,,Float
0,Devices/[DemoWWTP]/Controller:Global/AV401.ClosedDel_SP,,Float
0,Devices/[DemoWWTP]/Controller:Global/AV401.OpenDel,,Boolean
0,Devices/[DemoWWTP]/Controller:Global/AV401.ClosedDel,,Boolean
0,Devices/[DemoWWTP]/Controller:Global/AV401.Opn_FLT,,Boolean
0,Devices/[DemoWWTP]/Controller:Global/AV401.Cls_FLT,,Boolean
0,Devices/[DemoWWTP]/Controller:Global/AV401.FB_FLT,,Boolean
0,Devices/[DemoWWTP]/Controller:Global/AV401.RETRY_EN,,Boolean
0,Devices/[DemoWWTP]/Controller:Global/AV401.OPENS,,Int32
0,Devices/[DemoWWTP]/Controller:Global/AV401.HOUR,,Int32
0,Devices/[DemoWWTP]/Controller:Global/AV401.MIN,,Int32
0,Devices/[DemoWWTP]/Controller:Global/AV401.Opn_En,,Boolean
0,Devices/[DemoWWTP]/Controller:Global/AV402.EnableIn,,Boolean
0,Devices/[DemoWWTP]/Controller:Global/AV402.EnableOut,,Boolean
0,Devices/[DemoWWTP]/Controller:Global/AV402.OpnFb,,Boolean
0,Devices/[DemoWWTP]/Controller:Global/AV402.OpnFbEn,,Boolean
0,Devices/[DemoWWTP]/Controller:Global/AV402.ClsFb,,Boolean
0,Devices/[DemoWWTP]/Controller:Global/AV402.ClsFbEn,,Boolean
0,Devices/[DemoWWTP]/Controller:Global/AV402.ESt_OK,,Boolean
0,Devices/[DemoWWTP]/Controller:Global/AV402.Reset,,Boolean
0,Devices/[DemoWWTP]/Controller:Global/AV402.RESET_AUTO_EN,,Boolean
0,Devices/[DemoWWTP]/Controller:Global/AV402.RESET_AUTO_SP,,Int32
0,Devices/[DemoWWTP]/Controller:Global/AV402.Sim,,Boolean
0,Devices/[DemoWWTP]/Controller:Global/AV402.Alarms,,Int16
0,Devices/[DemoWWTP]/Controller:Global/AV402.Man,,Boolean
0,Devices/[DemoWWTP]/Controller:Global/AV402.AutoOpen,,Boolean
0,Devices/[DemoWWTP]/Controller:Global/AV402.Manual_Open,,Boolean
0,Devices/[DemoWWTP]/Controller:Global/AV402.ResetPB,,Boolean
0,Devices/[DemoWWTP]/Controller:Global/AV402.IL_Open,,Boolean
0,Devices/[DemoWWTP]/Controller:Global/AV402.IL_Close,,Boolean
0,Devices/[DemoWWTP]/Controller:Global/AV402.OpenPB,,Boolean
0,Devices/[DemoWWTP]/Controller:Global/AV402.ClosePB,,Boolean
0,Devices/[DemoWWTP]/Controller:Global/AV402.Sts,,Int32
0,Devices/[DemoWWTP]/Controller:Global/AV402.Opened,,Boolean
0,Devices/[DemoWWTP]/Controller:Global/AV402.Closed,,Boolean
0,Devices/[DemoWWTP]/Controller:Global/AV402.Fault,,Boolean
0,Devices/[DemoWWTP]/Controller:Global/AV402.Avail,,Boolean
0,Devices/[DemoWWTP]/Controller:Global/AV402.OpenTime,,Float
0,Devices/[DemoWWTP]/Controller:Global/AV402.CloseTime,,Float
0,Devices/[DemoWWTP]/Controller:Global/AV402.Open_WD,,Float
0,Devices/[DemoWWTP]/Controller:Global/AV402.Close_WD,,Float
0,Devices/[DemoWWTP]/Controller:Global/AV402.OpenDel_SP,,Float
0,Devices/[DemoWWTP]/Controller:Global/AV402.ClosedDel_SP,,Float
0,Devices/[DemoWWTP]/Controller:Global/AV402.OpenDel,,Boolean
0,Devices/[DemoWWTP]/Controller:Global/AV402.ClosedDel,,Boolean
0,Devices/[DemoWWTP]/Controller:Global/AV402.Opn_FLT,,Boolean
0,Devices/[DemoWWTP]/Controller:Global/AV402.Cls_FLT,,Boolean
0,Devices/[DemoWWTP]/Controller:Global/AV402.FB_FLT,,Boolean
0,Devices/[DemoWWTP]/Controller:Global/AV402.RETRY_EN,,Boolean
0,Devices/[DemoWWTP]/Controller:Global/AV402.OPENS,,Int32
0,Devices/[DemoWWTP]/Controller:Global/AV402.HOUR,,Int32
0,Devices/[DemoWWTP]/Controller:Global/AV402.MIN,,Int32
0,Devices/[DemoWWTP]/Controller:Global/AV402.Opn_En,,Boolean
0,Devices/[DemoWWTP]/Controller:Global/AV403.EnableIn,,Boolean
0,Devices/[DemoWWTP]/Controller:Global/AV403.EnableOut,,Boolean
0,Devices/[DemoWWTP]/Controller:Global/AV403.OpnFb,,Boolean
0,Devices/[DemoWWTP]/Controller:Global/AV403.OpnFbEn,,Boolean
0,Devices/[DemoWWTP]/Controller:Global/AV403.ClsFb,,Boolean
0,Devices/[DemoWWTP]/Controller:Global/AV403.ClsFbEn,,Boolean
0,Devices/[DemoWWTP]/Controller:Global/AV403.ESt_OK,,Boolean
0,Devices/[DemoWWTP]/Controller:Global/AV403.Reset,,Boolean
0,Devices/[DemoWWTP]/Controller:Global/AV403.RESET_AUTO_EN,,Boolean
0,Devices/[DemoWWTP]/Controller:Global/AV403.RESET_AUTO_SP,,Int32
0,Devices/[DemoWWTP]/Controller:Global/AV403.Sim,,Boolean
0,Devices/[DemoWWTP]/Controller:Global/AV403.Alarms,,Int16
0,Devices/[DemoWWTP]/Controller:Global/AV403.Man,,Boolean
0,Devices/[DemoWWTP]/Controller:Global/AV403.AutoOpen,,Boolean
0,Devices/[DemoWWTP]/Controller:Global/AV403.Manual_Open,,Boolean
0,Devices/[DemoWWTP]/Controller:Global/AV403.ResetPB,,Boolean
0,Devices/[DemoWWTP]/Controller:Global/AV403.IL_Open,,Boolean
0,Devices/[DemoWWTP]/Controller:Global/AV403.IL_Close,,Boolean
0,Devices/[DemoWWTP]/Controller:Global/AV403.OpenPB,,Boolean
0,Devices/[DemoWWTP]/Controller:Global/AV403.ClosePB,,Boolean
0,Devices/[DemoWWTP]/Controller:Global/AV403.Sts,,Int32
0,Devices/[DemoWWTP]/Controller:Global/AV403.Opened,,Boolean
0,Devices/[DemoWWTP]/Controller:Global/AV403.Closed,,Boolean
0,Devices/[DemoWWTP]/Controller:Global/AV403.Fault,,Boolean
0,Devices/[DemoWWTP]/Controller:Global/AV403.Avail,,Boolean
0,Devices/[DemoWWTP]/Controller:Global/AV403.OpenTime,,Float
0,Devices/[DemoWWTP]/Controller:Global/AV403.CloseTime,,Float
0,Devices/[DemoWWTP]/Controller:Global/AV403.Open_WD,,Float
0,Devices/[DemoWWTP]/Controller:Global/AV403.Close_WD,,Float
0,Devices/[DemoWWTP]/Controller:Global/AV403.OpenDel_SP,,Float
0,Devices/[DemoWWTP]/Controller:Global/AV403.ClosedDel_SP,,Float
0,Devices/[DemoWWTP]/Controller:Global/AV403.OpenDel,,Boolean
0,Devices/[DemoWWTP]/Controller:Global/AV403.ClosedDel,,Boolean
0,Devices/[DemoWWTP]/Controller:Global/AV403.Opn_FLT,,Boolean
0,Devices/[DemoWWTP]/Controller:Global/AV403.Cls_FLT,,Boolean
0,Devices/[DemoWWTP]/Controller:Global/AV403.FB_FLT,,Boolean
0,Devices/[DemoWWTP]/Controller:Global/AV403.RETRY_EN,,Boolean
0,Devices/[DemoWWTP]/Controller:Global/AV403.OPENS,,Int32
0,Devices/[DemoWWTP]/Controller:Global/AV403.HOUR,,Int32
0,Devices/[DemoWWTP]/Controller:Global/AV403.MIN,,Int32
0,Devices/[DemoWWTP]/Controller:Global/AV403.Opn_En,,Boolean
0,Devices/[DemoWWTP]/Controller:Global/AV501.EnableIn,,Boolean
0,Devices/[DemoWWTP]/Controller:Global/AV501.EnableOut,,Boolean
0,Devices/[DemoWWTP]/Controller:Global/AV501.OpnFb,,Boolean
0,Devices/[DemoWWTP]/Controller:Global/AV501.OpnFbEn,,Boolean
0,Devices/[DemoWWTP]/Controller:Global/AV501.ClsFb,,Boolean
0,Devices/[DemoWWTP]/Controller:Global/AV501.ClsFbEn,,Boolean
0,Devices/[DemoWWTP]/Controller:Global/AV501.ESt_OK,,Boolean
0,Devices/[DemoWWTP]/Controller:Global/AV501.Reset,,Boolean
0,Devices/[DemoWWTP]/Controller:Global/AV501.RESET_AUTO_EN,,Boolean
0,Devices/[DemoWWTP]/Controller:Global/AV501.RESET_AUTO_SP,,Int32
0,Devices/[DemoWWTP]/Controller:Global/AV501.Sim,,Boolean
0,Devices/[DemoWWTP]/Controller:Global/AV501.Alarms,,Int16
0,Devices/[DemoWWTP]/Controller:Global/AV501.Man,,Boolean
0,Devices/[DemoWWTP]/Controller:Global/AV501.AutoOpen,,Boolean
0,Devices/[DemoWWTP]/Controller:Global/AV501.Manual_Open,,Boolean
0,Devices/[DemoWWTP]/Controller:Global/AV501.ResetPB,,Boolean
0,Devices/[DemoWWTP]/Controller:Global/AV501.IL_Open,,Boolean
0,Devices/[DemoWWTP]/Controller:Global/AV501.IL_Close,,Boolean
0,Devices/[DemoWWTP]/Controller:Global/AV501.OpenPB,,Boolean
0,Devices/[DemoWWTP]/Controller:Global/AV501.ClosePB,,Boolean
0,Devices/[DemoWWTP]/Controller:Global/AV501.Sts,,Int32
0,Devices/[DemoWWTP]/Controller:Global/AV501.Opened,,Boolean
0,Devices/[DemoWWTP]/Controller:Global/AV501.Closed,,Boolean
0,Devices/[DemoWWTP]/Controller:Global/AV501.Fault,,Boolean
0,Devices/[DemoWWTP]/Controller:Global/AV501.Avail,,Boolean
0,Devices/[DemoWWTP]/Controller:Global/AV501.OpenTime,,Float
0,Devices/[DemoWWTP]/Controller:Global/AV501.CloseTime,,Float
0,Devices/[DemoWWTP]/Controller:Global/AV501.Open_WD,,Float
0,Devices/[DemoWWTP]/Controller:Global/AV501.Close_WD,,Float
0,Devices/[DemoWWTP]/Controller:Global/AV501.OpenDel_SP,,Float
0,Devices/[DemoWWTP]/Controller:Global/AV501.ClosedDel_SP,,Float
0,Devices/[DemoWWTP]/Controller:Global/AV501.OpenDel,,Boolean
0,Devices/[DemoWWTP]/Controller:Global/AV501.ClosedDel,,Boolean
0,Devices/[DemoWWTP]/Controller:Global/AV501.Opn_FLT,,Boolean
0,Devices/[DemoWWTP]/Controller:Global/AV501.Cls_FLT,,Boolean
0,Devices/[DemoWWTP]/Controller:Global/AV501.FB_FLT,,Boolean
0,Devices/[DemoWWTP]/Controller:Global/AV501.RETRY_EN,,Boolean
0,Devices/[DemoWWTP]/Controller:Global/AV501.OPENS,,Int32
0,Devices/[DemoWWTP]/Controller:Global/AV501.HOUR,,Int32
0,Devices/[DemoWWTP]/Controller:Global/AV501.MIN,,Int32
0,Devices/[DemoWWTP]/Controller:Global/AV501.Opn_En,,Boolean
0,Devices/[DemoWWTP]/Controller:Global/AV502.EnableIn,,Boolean
0,Devices/[DemoWWTP]/Controller:Global/AV502.EnableOut,,Boolean
0,Devices/[DemoWWTP]/Controller:Global/AV502.OpnFb,,Boolean
0,Devices/[DemoWWTP]/Controller:Global/AV502.OpnFbEn,,Boolean
0,Devices/[DemoWWTP]/Controller:Global/AV502.ClsFb,,Boolean
0,Devices/[DemoWWTP]/Controller:Global/AV502.ClsFbEn,,Boolean
0,Devices/[DemoWWTP]/Controller:Global/AV502.ESt_OK,,Boolean
0,Devices/[DemoWWTP]/Controller:Global/AV502.Reset,,Boolean
0,Devices/[DemoWWTP]/Controller:Global/AV502.RESET_AUTO_EN,,Boolean
0,Devices/[DemoWWTP]/Controller:Global/AV502.RESET_AUTO_SP,,Int32
0,Devices/[DemoWWTP]/Controller:Global/AV502.Sim,,Boolean
0,Devices/[DemoWWTP]/Controller:Global/AV502.Alarms,,Int16
0,Devices/[DemoWWTP]/Controller:Global/AV502.Man,,Boolean
0,Devices/[DemoWWTP]/Controller:Global/AV502.AutoOpen,,Boolean
0,Devices/[DemoWWTP]/Controller:Global/AV502.Manual_Open,,Boolean
0,Devices/[DemoWWTP]/Controller:Global/AV502.ResetPB,,Boolean
0,Devices/[DemoWWTP]/Controller:Global/AV502.IL_Open,,Boolean
0,Devices/[DemoWWTP]/Controller:Global/AV502.IL_Close,,Boolean
0,Devices/[DemoWWTP]/Controller:Global/AV502.OpenPB,,Boolean
0,Devices/[DemoWWTP]/Controller:Global/AV502.ClosePB,,Boolean
0,Devices/[DemoWWTP]/Controller:Global/AV502.Sts,,Int32
0,Devices/[DemoWWTP]/Controller:Global/AV502.Opened,,Boolean
0,Devices/[DemoWWTP]/Controller:Global/AV502.Closed,,Boolean
0,Devices/[DemoWWTP]/Controller:Global/AV502.Fault,,Boolean
0,Devices/[DemoWWTP]/Controller:Global/AV502.Avail,,Boolean
0,Devices/[DemoWWTP]/Controller:Global/AV502.OpenTime,,Float
0,Devices/[DemoWWTP]/Controller:Global/AV502.CloseTime,,Float
0,Devices/[DemoWWTP]/Controller:Global/AV502.Open_WD,,Float
0,Devices/[DemoWWTP]/Controller:Global/AV502.Close_WD,,Float
0,Devices/[DemoWWTP]/Controller:Global/AV502.OpenDel_SP,,Float
0,Devices/[DemoWWTP]/Controller:Global/AV502.ClosedDel_SP,,Float
0,Devices/[DemoWWTP]/Controller:Global/AV502.OpenDel,,Boolean
0,Devices/[DemoWWTP]/Controller:Global/AV502.ClosedDel,,Boolean
0,Devices/[DemoWWTP]/Controller:Global/AV502.Opn_FLT,,Boolean
0,Devices/[DemoWWTP]/Controller:Global/AV502.Cls_FLT,,Boolean
0,Devices/[DemoWWTP]/Controller:Global/AV502.FB_FLT,,Boolean
0,Devices/[DemoWWTP]/Controller:Global/AV502.RETRY_EN,,Boolean
0,Devices/[DemoWWTP]/Controller:Global/AV502.OPENS,,Int32
0,Devices/[DemoWWTP]/Controller:Global/AV502.HOUR,,Int32
0,Devices/[DemoWWTP]/Controller:Global/AV502.MIN,,Int32
0,Devices/[DemoWWTP]/Controller:Global/AV502.Opn_En,,Boolean
0,Devices/[DemoWWTP]/Controller:Global/AV503.EnableIn,,Boolean
0,Devices/[DemoWWTP]/Controller:Global/AV503.EnableOut,,Boolean
0,Devices/[DemoWWTP]/Controller:Global/AV503.OpnFb,,Boolean
0,Devices/[DemoWWTP]/Controller:Global/AV503.OpnFbEn,,Boolean
0,Devices/[DemoWWTP]/Controller:Global/AV503.ClsFb,,Boolean
0,Devices/[DemoWWTP]/Controller:Global/AV503.ClsFbEn,,Boolean
0,Devices/[DemoWWTP]/Controller:Global/AV503.ESt_OK,,Boolean
0,Devices/[DemoWWTP]/Controller:Global/AV503.Reset,,Boolean
0,Devices/[DemoWWTP]/Controller:Global/AV503.RESET_AUTO_EN,,Boolean
0,Devices/[DemoWWTP]/Controller:Global/AV503.RESET_AUTO_SP,,Int32
0,Devices/[DemoWWTP]/Controller:Global/AV503.Sim,,Boolean
0,Devices/[DemoWWTP]/Controller:Global/AV503.Alarms,,Int16
0,Devices/[DemoWWTP]/Controller:Global/AV503.Man,,Boolean
0,Devices/[DemoWWTP]/Controller:Global/AV503.AutoOpen,,Boolean
0,Devices/[DemoWWTP]/Controller:Global/AV503.Manual_Open,,Boolean
0,Devices/[DemoWWTP]/Controller:Global/AV503.ResetPB,,Boolean
0,Devices/[DemoWWTP]/Controller:Global/AV503.IL_Open,,Boolean
0,Devices/[DemoWWTP]/Controller:Global/AV503.IL_Close,,Boolean
0,Devices/[DemoWWTP]/Controller:Global/AV503.OpenPB,,Boolean
0,Devices/[DemoWWTP]/Controller:Global/AV503.ClosePB,,Boolean
0,Devices/[DemoWWTP]/Controller:Global/AV503.Sts,,Int32
0,Devices/[DemoWWTP]/Controller:Global/AV503.Opened,,Boolean
0,Devices/[DemoWWTP]/Controller:Global/AV503.Closed,,Boolean
0,Devices/[DemoWWTP]/Controller:Global/AV503.Fault,,Boolean
0,Devices/[DemoWWTP]/Controller:Global/AV503.Avail,,Boolean
0,Devices/[DemoWWTP]/Controller:Global/AV503.OpenTime,,Float
0,Devices/[DemoWWTP]/Controller:Global/AV503.CloseTime,,Float
0,Devices/[DemoWWTP]/Controller:Global/AV503.Open_WD,,Float
0,Devices/[DemoWWTP]/Controller:Global/AV503.Close_WD,,Float
0,Devices/[DemoWWTP]/Controller:Global/AV503.OpenDel_SP,,Float
0,Devices/[DemoWWTP]/Controller:Global/AV503.ClosedDel_SP,,Float
0,Devices/[DemoWWTP]/Controller:Global/AV503.OpenDel,,Boolean
0,Devices/[DemoWWTP]/Controller:Global/AV503.ClosedDel,,Boolean
0,Devices/[DemoWWTP]/Controller:Global/AV503.Opn_FLT,,Boolean
0,Devices/[DemoWWTP]/Controller:Global/AV503.Cls_FLT,,Boolean
0,Devices/[DemoWWTP]/Controller:Global/AV503.FB_FLT,,Boolean
0,Devices/[DemoWWTP]/Controller:Global/AV503.RETRY_EN,,Boolean
0,Devices/[DemoWWTP]/Controller:Global/AV503.OPENS,,Int32
0,Devices/[DemoWWTP]/Controller:Global/AV503.HOUR,,Int32
0,Devices/[DemoWWTP]/Controller:Global/AV503.MIN,,Int32
0,Devices/[DemoWWTP]/Controller:Global/AV503.Opn_En,,Boolean
0,Devices/[DemoWWTP]/Controller:Global/AV504.EnableIn,,Boolean
0,Devices/[DemoWWTP]/Controller:Global/AV504.EnableOut,,Boolean
0,Devices/[DemoWWTP]/Controller:Global/AV504.OpnFb,,Boolean
0,Devices/[DemoWWTP]/Controller:Global/AV504.OpnFbEn,,Boolean
0,Devices/[DemoWWTP]/Controller:Global/AV504.ClsFb,,Boolean
0,Devices/[DemoWWTP]/Controller:Global/AV504.ClsFbEn,,Boolean
0,Devices/[DemoWWTP]/Controller:Global/AV504.ESt_OK,,Boolean
0,Devices/[DemoWWTP]/Controller:Global/AV504.Reset,,Boolean
0,Devices/[DemoWWTP]/Controller:Global/AV504.RESET_AUTO_EN,,Boolean
0,Devices/[DemoWWTP]/Controller:Global/AV504.RESET_AUTO_SP,,Int32
0,Devices/[DemoWWTP]/Controller:Global/AV504.Sim,,Boolean
0,Devices/[DemoWWTP]/Controller:Global/AV504.Alarms,,Int16
0,Devices/[DemoWWTP]/Controller:Global/AV504.Man,,Boolean
0,Devices/[DemoWWTP]/Controller:Global/AV504.AutoOpen,,Boolean
0,Devices/[DemoWWTP]/Controller:Global/AV504.Manual_Open,,Boolean
0,Devices/[DemoWWTP]/Controller:Global/AV504.ResetPB,,Boolean
0,Devices/[DemoWWTP]/Controller:Global/AV504.IL_Open,,Boolean
0,Devices/[DemoWWTP]/Controller:Global/AV504.IL_Close,,Boolean
0,Devices/[DemoWWTP]/Controller:Global/AV504.OpenPB,,Boolean
0,Devices/[DemoWWTP]/Controller:Global/AV504.ClosePB,,Boolean
0,Devices/[DemoWWTP]/Controller:Global/AV504.Sts,,Int32
0,Devices/[DemoWWTP]/Controller:Global/AV504.Opened,,Boolean
0,Devices/[DemoWWTP]/Controller:Global/AV504.Closed,,Boolean
0,Devices/[DemoWWTP]/Controller:Global/AV504.Fault,,Boolean
0,Devices/[DemoWWTP]/Controller:Global/AV504.Avail,,Boolean
0,Devices/[DemoWWTP]/Controller:Global/AV504.OpenTime,,Float
0,Devices/[DemoWWTP]/Controller:Global/AV504.CloseTime,,Float
0,Devices/[DemoWWTP]/Controller:Global/AV504.Open_WD,,Float
0,Devices/[DemoWWTP]/Controller:Global/AV504.Close_WD,,Float
0,Devices/[DemoWWTP]/Controller:Global/AV504.OpenDel_SP,,Float
0,Devices/[DemoWWTP]/Controller:Global/AV504.ClosedDel_SP,,Float
0,Devices/[DemoWWTP]/Controller:Global/AV504.OpenDel,,Boolean
0,Devices/[DemoWWTP]/Controller:Global/AV504.ClosedDel,,Boolean
0,Devices/[DemoWWTP]/Controller:Global/AV504.Opn_FLT,,Boolean
0,Devices/[DemoWWTP]/Controller:Global/AV504.Cls_FLT,,Boolean
0,Devices/[DemoWWTP]/Controller:Global/AV504.FB_FLT,,Boolean
0,Devices/[DemoWWTP]/Controller:Global/AV504.RETRY_EN,,Boolean
0,Devices/[DemoWWTP]/Controller:Global/AV504.OPENS,,Int32
0,Devices/[DemoWWTP]/Controller:Global/AV504.HOUR,,Int32
0,Devices/[DemoWWTP]/Controller:Global/AV504.MIN,,Int32
0,Devices/[DemoWWTP]/Controller:Global/AV504.Opn_En,,Boolean
0,Devices/[DemoWWTP]/Controller:Global/AV505.EnableIn,,Boolean
0,Devices/[DemoWWTP]/Controller:Global/AV505.EnableOut,,Boolean
0,Devices/[DemoWWTP]/Controller:Global/AV505.OpnFb,,Boolean
0,Devices/[DemoWWTP]/Controller:Global/AV505.OpnFbEn,,Boolean
0,Devices/[DemoWWTP]/Controller:Global/AV505.ClsFb,,Boolean
0,Devices/[DemoWWTP]/Controller:Global/AV505.ClsFbEn,,Boolean
0,Devices/[DemoWWTP]/Controller:Global/AV505.ESt_OK,,Boolean
0,Devices/[DemoWWTP]/Controller:Global/AV505.Reset,,Boolean
0,Devices/[DemoWWTP]/Controller:Global/AV505.RESET_AUTO_EN,,Boolean
0,Devices/[DemoWWTP]/Controller:Global/AV505.RESET_AUTO_SP,,Int32
0,Devices/[DemoWWTP]/Controller:Global/AV505.Sim,,Boolean
0,Devices/[DemoWWTP]/Controller:Global/AV505.Alarms,,Int16
0,Devices/[DemoWWTP]/Controller:Global/AV505.Man,,Boolean
0,Devices/[DemoWWTP]/Controller:Global/AV505.AutoOpen,,Boolean
0,Devices/[DemoWWTP]/Controller:Global/AV505.Manual_Open,,Boolean
0,Devices/[DemoWWTP]/Controller:Global/AV505.ResetPB,,Boolean
0,Devices/[DemoWWTP]/Controller:Global/AV505.IL_Open,,Boolean
0,Devices/[DemoWWTP]/Controller:Global/AV505.IL_Close,,Boolean
0,Devices/[DemoWWTP]/Controller:Global/AV505.OpenPB,,Boolean
0,Devices/[DemoWWTP]/Controller:Global/AV505.ClosePB,,Boolean
0,Devices/[DemoWWTP]/Controller:Global/AV505.Sts,,Int32
0,Devices/[DemoWWTP]/Controller:Global/AV505.Opened,,Boolean
0,Devices/[DemoWWTP]/Controller:Global/AV505.Closed,,Boolean
0,Devices/[DemoWWTP]/Controller:Global/AV505.Fault,,Boolean
0,Devices/[DemoWWTP]/Controller:Global/AV505.Avail,,Boolean
0,Devices/[DemoWWTP]/Controller:Global/AV505.OpenTime,,Float
0,Devices/[DemoWWTP]/Controller:Global/AV505.CloseTime,,Float
0,Devices/[DemoWWTP]/Controller:Global/AV505.Open_WD,,Float
0,Devices/[DemoWWTP]/Controller:Global/AV505.Close_WD,,Float
0,Devices/[DemoWWTP]/Controller:Global/AV505.OpenDel_SP,,Float
0,Devices/[DemoWWTP]/Controller:Global/AV505.ClosedDel_SP,,Float
0,Devices/[DemoWWTP]/Controller:Global/AV505.OpenDel,,Boolean
0,Devices/[DemoWWTP]/Controller:Global/AV505.ClosedDel,,Boolean
0,Devices/[DemoWWTP]/Controller:Global/AV505.Opn_FLT,,Boolean
0,Devices/[DemoWWTP]/Controller:Global/AV505.Cls_FLT,,Boolean
0,Devices/[DemoWWTP]/Controller:Global/AV505.FB_FLT,,Boolean
0,Devices/[DemoWWTP]/Controller:Global/AV505.RETRY_EN,,Boolean
0,Devices/[DemoWWTP]/Controller:Global/AV505.OPENS,,Int32
0,Devices/[DemoWWTP]/Controller:Global/AV505.HOUR,,Int32
0,Devices/[DemoWWTP]/Controller:Global/AV505.MIN,,Int32
0,Devices/[DemoWWTP]/Controller:Global/AV505.Opn_En,,Boolean
0,Devices/[DemoWWTP]/Controller:Global/AV506.EnableIn,,Boolean
0,Devices/[DemoWWTP]/Controller:Global/AV506.EnableOut,,Boolean
0,Devices/[DemoWWTP]/Controller:Global/AV506.OpnFb,,Boolean
0,Devices/[DemoWWTP]/Controller:Global/AV506.OpnFbEn,,Boolean
0,Devices/[DemoWWTP]/Controller:Global/AV506.ClsFb,,Boolean
0,Devices/[DemoWWTP]/Controller:Global/AV506.ClsFbEn,,Boolean
0,Devices/[DemoWWTP]/Controller:Global/AV506.ESt_OK,,Boolean
0,Devices/[DemoWWTP]/Controller:Global/AV506.Reset,,Boolean
0,Devices/[DemoWWTP]/Controller:Global/AV506.RESET_AUTO_EN,,Boolean
0,Devices/[DemoWWTP]/Controller:Global/AV506.RESET_AUTO_SP,,Int32
0,Devices/[DemoWWTP]/Controller:Global/AV506.Sim,,Boolean
0,Devices/[DemoWWTP]/Controller:Global/AV506.Alarms,,Int16
0,Devices/[DemoWWTP]/Controller:Global/AV506.Man,,Boolean
0,Devices/[DemoWWTP]/Controller:Global/AV506.AutoOpen,,Boolean
0,Devices/[DemoWWTP]/Controller:Global/AV506.Manual_Open,,Boolean
0,Devices/[DemoWWTP]/Controller:Global/AV506.ResetPB,,Boolean
0,Devices/[DemoWWTP]/Controller:Global/AV506.IL_Open,,Boolean
0,Devices/[DemoWWTP]/Controller:Global/AV506.IL_Close,,Boolean
0,Devices/[DemoWWTP]/Controller:Global/AV506.OpenPB,,Boolean
0,Devices/[DemoWWTP]/Controller:Global/AV506.ClosePB,,Boolean
0,Devices/[DemoWWTP]/Controller:Global/AV506.Sts,,Int32
0,Devices/[DemoWWTP]/Controller:Global/AV506.Opened,,Boolean
0,Devices/[DemoWWTP]/Controller:Global/AV506.Closed,,Boolean
0,Devices/[DemoWWTP]/Controller:Global/AV506.Fault,,Boolean
0,Devices/[DemoWWTP]/Controller:Global/AV506.Avail,,Boolean
0,Devices/[DemoWWTP]/Controller:Global/AV506.OpenTime,,Float
0,Devices/[DemoWWTP]/Controller:Global/AV506.CloseTime,,Float
0,Devices/[DemoWWTP]/Controller:Global/AV506.Open_WD,,Float
0,Devices/[DemoWWTP]/Controller:Global/AV506.Close_WD,,Float
0,Devices/[DemoWWTP]/Controller:Global/AV506.OpenDel_SP,,Float
0,Devices/[DemoWWTP]/Controller:Global/AV506.ClosedDel_SP,,Float
0,Devices/[DemoWWTP]/Controller:Global/AV506.OpenDel,,Boolean
0,Devices/[DemoWWTP]/Controller:Global/AV506.ClosedDel,,Boolean
0,Devices/[DemoWWTP]/Controller:Global/AV506.Opn_FLT,,Boolean
0,Devices/[DemoWWTP]/Controller:Global/AV506.Cls_FLT,,Boolean
0,Devices/[DemoWWTP]/Controller:Global/AV506.FB_FLT,,Boolean
0,Devices/[DemoWWTP]/Controller:Global/AV506.RETRY_EN,,Boolean
0,Devices/[DemoWWTP]/Controller:Global/AV506.OPENS,,Int32
0,Devices/[DemoWWTP]/Controller:Global/AV506.HOUR,,Int32
0,Devices/[DemoWWTP]/Controller:Global/AV506.MIN,,Int32
0,Devices/[DemoWWTP]/Controller:Global/AV506.Opn_En,,Boolean
0,Devices/[DemoWWTP]/Controller:Global/AV507.EnableIn,,Boolean
0,Devices/[DemoWWTP]/Controller:Global/AV507.EnableOut,,Boolean
0,Devices/[DemoWWTP]/Controller:Global/AV507.OpnFb,,Boolean
0,Devices/[DemoWWTP]/Controller:Global/AV507.OpnFbEn,,Boolean
0,Devices/[DemoWWTP]/Controller:Global/AV507.ClsFb,,Boolean
0,Devices/[DemoWWTP]/Controller:Global/AV507.ClsFbEn,,Boolean
0,Devices/[DemoWWTP]/Controller:Global/AV507.ESt_OK,,Boolean
0,Devices/[DemoWWTP]/Controller:Global/AV507.Reset,,Boolean
0,Devices/[DemoWWTP]/Controller:Global/AV507.RESET_AUTO_EN,,Boolean
0,Devices/[DemoWWTP]/Controller:Global/AV507.RESET_AUTO_SP,,Int32
0,Devices/[DemoWWTP]/Controller:Global/AV507.Sim,,Boolean
0,Devices/[DemoWWTP]/Controller:Global/AV507.Alarms,,Int16
0,Devices/[DemoWWTP]/Controller:Global/AV507.Man,,Boolean
0,Devices/[DemoWWTP]/Controller:Global/AV507.AutoOpen,,Boolean
0,Devices/[DemoWWTP]/Controller:Global/AV507.Manual_Open,,Boolean
0,Devices/[DemoWWTP]/Controller:Global/AV507.ResetPB,,Boolean
0,Devices/[DemoWWTP]/Controller:Global/AV507.IL_Open,,Boolean
0,Devices/[DemoWWTP]/Controller:Global/AV507.IL_Close,,Boolean
0,Devices/[DemoWWTP]/Controller:Global/AV507.OpenPB,,Boolean
0,Devices/[DemoWWTP]/Controller:Global/AV507.ClosePB,,Boolean
0,Devices/[DemoWWTP]/Controller:Global/AV507.Sts,,Int32
0,Devices/[DemoWWTP]/Controller:Global/AV507.Opened,,Boolean
0,Devices/[DemoWWTP]/Controller:Global/AV507.Closed,,Boolean
0,Devices/[DemoWWTP]/Controller:Global/AV507.Fault,,Boolean
0,Devices/[DemoWWTP]/Controller:Global/AV507.Avail,,Boolean
0,Devices/[DemoWWTP]/Controller:Global/AV507.OpenTime,,Float
0,Devices/[DemoWWTP]/Controller:Global/AV507.CloseTime,,Float
0,Devices/[DemoWWTP]/Controller:Global/AV507.Open_WD,,Float
0,Devices/[DemoWWTP]/Controller:Global/AV507.Close_WD,,Float
0,Devices/[DemoWWTP]/Controller:Global/AV507.OpenDel_SP,,Float
0,Devices/[DemoWWTP]/Controller:Global/AV507.ClosedDel_SP,,Float
0,Devices/[DemoWWTP]/Controller:Global/AV507.OpenDel,,Boolean
0,Devices/[DemoWWTP]/Controller:Global/AV507.ClosedDel,,Boolean
0,Devices/[DemoWWTP]/Controller:Global/AV507.Opn_FLT,,Boolean
0,Devices/[DemoWWTP]/Controller:Global/AV507.Cls_FLT,,Boolean
0,Devices/[DemoWWTP]/Controller:Global/AV507.FB_FLT,,Boolean
0,Devices/[DemoWWTP]/Controller:Global/AV507.RETRY_EN,,Boolean
0,Devices/[DemoWWTP]/Controller:Global/AV507.OPENS,,Int32
0,Devices/[DemoWWTP]/Controller:Global/AV507.HOUR,,Int32
0,Devices/[DemoWWTP]/Controller:Global/AV507.MIN,,Int32
0,Devices/[DemoWWTP]/Controller:Global/AV507.Opn_En,,Boolean
0,Devices/[DemoWWTP]/Controller:Global/AV701_AI.EnableIn,,Boolean
0,Devices/[DemoWWTP]/Controller:Global/AV701_AI.EnableOut,,Boolean
0,Devices/[DemoWWTP]/Controller:Global/AV701_AI.Raw,,Int16
0,Devices/[DemoWWTP]/Controller:Global/AV701_AI.RawMin,,Int16
0,Devices/[DemoWWTP]/Controller:Global/AV701_AI.RawMax,,Int16
0,Devices/[DemoWWTP]/Controller:Global/AV701_AI.EngMin,,Float
0,Devices/[DemoWWTP]/Controller:Global/AV701_AI.EngMax,,Float
0,Devices/[DemoWWTP]/Controller:Global/AV701_AI.AI_Ext,,Boolean
0,Devices/[DemoWWTP]/Controller:Global/AV701_AI.AI_En,,Boolean
0,Devices/[DemoWWTP]/Controller:Global/AV701_AI.Sim,,Boolean
0,Devices/[DemoWWTP]/Controller:Global/AV701_AI.Reset,,Boolean
0,Devices/[DemoWWTP]/Controller:Global/AV701_AI.Scaled,,Float
0,Devices/[DemoWWTP]/Controller:Global/AV701_AI.PV,,Float
0,Devices/[DemoWWTP]/Controller:Global/AV701_AI.AvgCntSP,,Int32
0,Devices/[DemoWWTP]/Controller:Global/AV701_AI.ResetPB,,Boolean
0,Devices/[DemoWWTP]/Controller:Global/AV701_AI.HiHi_En,,Boolean
0,Devices/[DemoWWTP]/Controller:Global/AV701_AI.Hi_En,,Boolean
0,Devices/[DemoWWTP]/Controller:Global/AV701_AI.Lo_En,,Boolean
0,Devices/[DemoWWTP]/Controller:Global/AV701_AI.LoLo_En,,Boolean
0,Devices/[DemoWWTP]/Controller:Global/AV701_AI.HiHi_ASP,,Float
0,Devices/[DemoWWTP]/Controller:Global/AV701_AI.Hi_ASP,,Float
0,Devices/[DemoWWTP]/Controller:Global/AV701_AI.Lo_ASP,,Float
0,Devices/[DemoWWTP]/Controller:Global/AV701_AI.LoLo_ASP,,Float
0,Devices/[DemoWWTP]/Controller:Global/AV701_AI.TxFlt_Time,,Float
0,Devices/[DemoWWTP]/Controller:Global/AV701_AI.HiHi_Time,,Float
0,Devices/[DemoWWTP]/Controller:Global/AV701_AI.Hi_Time,,Float
0,Devices/[DemoWWTP]/Controller:Global/AV701_AI.Lo_Time,,Float
0,Devices/[DemoWWTP]/Controller:Global/AV701_AI.LoLo_Time,,Float
0,Devices/[DemoWWTP]/Controller:Global/AV701_AI.Avail,,Boolean
0,Devices/[DemoWWTP]/Controller:Global/AV701_AI.Alarms,,Int16
0,Devices/[DemoWWTP]/Controller:Global/AV701_AI.Fault,,Boolean
0,Devices/[DemoWWTP]/Controller:Global/AV701_AI.TxFlt,,Boolean
0,Devices/[DemoWWTP]/Controller:Global/AV701_AI.HiHi,,Boolean
0,Devices/[DemoWWTP]/Controller:Global/AV701_AI.Hi,,Boolean
0,Devices/[DemoWWTP]/Controller:Global/AV701_AI.Lo,,Boolean
0,Devices/[DemoWWTP]/Controller:Global/AV701_AI.LoLo,,Boolean
0,Devices/[DemoWWTP]/Controller:Global/AV701_AI.FQ_Wrn,,Boolean
0,Devices/[DemoWWTP]/Controller:Global/AV701_AI.Sim_Alm_En,,Boolean
0,Devices/[DemoWWTP]/Controller:Global/AV701_AI.ExtReset,,Boolean
0,Devices/[DemoWWTP]/Controller:Global/AV701_AI.Latch_Time,,Float
0,Devices/[DemoWWTP]/Controller:Global/AV701_AI.RecordStats,,Boolean
0,Devices/[DemoWWTP]/Controller:Global/AV701_AI.ResetStats,,Boolean
0,Devices/[DemoWWTP]/Controller:Global/AV701_AI.RecMin,,Float
0,Devices/[DemoWWTP]/Controller:Global/AV701_AI.RecMax,,Float
0,Devices/[DemoWWTP]/Controller:Global/AV701_AI.RecAvg,,Float
0,Devices/[DemoWWTP]/Controller:Global/AV701_AI.RecMinPrev,,Float
0,Devices/[DemoWWTP]/Controller:Global/AV701_AI.RecMaxPrev,,Float
0,Devices/[DemoWWTP]/Controller:Global/AV701_AI.RecAvgPrev,,Float
0,Devices/[DemoWWTP]/Controller:Global/BALANCE_TK_DIAMETER,,Int32
0,Devices/[DemoWWTP]/Controller:Global/BIO201.EnableIn,,Boolean
0,Devices/[DemoWWTP]/Controller:Global/BIO201.EnableOut,,Boolean
0,Devices/[DemoWWTP]/Controller:Global/BIO201.INPUT_PV,,Float
0,Devices/[DemoWWTP]/Controller:Global/BIO201.OWL_SP,,Int32
0,Devices/[DemoWWTP]/Controller:Global/BIO201.HWL_SP,,Int32
0,Devices/[DemoWWTP]/Controller:Global/BIO201.MWL_SP,,Int32
0,Devices/[DemoWWTP]/Controller:Global/BIO201.LWL_SP,,Int32
0,Devices/[DemoWWTP]/Controller:Global/BIO201.XWL_SP,,Int32
0,Devices/[DemoWWTP]/Controller:Global/BIO201.TWL_SP,,Int32
0,Devices/[DemoWWTP]/Controller:Global/BIO201.OWL_OUT,,Boolean
0,Devices/[DemoWWTP]/Controller:Global/BIO201.HWL_OUT,,Boolean
0,Devices/[DemoWWTP]/Controller:Global/BIO201.MWL_OUT,,Boolean
0,Devices/[DemoWWTP]/Controller:Global/BIO201.LWL_OUT,,Boolean
0,Devices/[DemoWWTP]/Controller:Global/BIO201.XWL_OUT,,Boolean
0,Devices/[DemoWWTP]/Controller:Global/BIO201.TWL_OUT,,Boolean
0,Devices/[DemoWWTP]/Controller:Global/BIO201.TANK_DIAMETER,,Float
0,Devices/[DemoWWTP]/Controller:Global/BIO201.TANK_HEIGHT,,Float
0,Devices/[DemoWWTP]/Controller:Global/BIO201.ERROR,,Boolean
0,Devices/[DemoWWTP]/Controller:Global/BIO201.TANK_AREA_OUT,,Int32
0,Devices/[DemoWWTP]/Controller:Global/BIO201.CURRENT_VOLUME_TOTAL_OUT,,Int32
0,Devices/[DemoWWTP]/Controller:Global/BIO201.VOLUME_ABOVE_LWL_OUT,,Int32
0,Devices/[DemoWWTP]/Controller:Global/BIO201.VOLUME_BELOW_HWL_OUT,,Int32
0,Devices/[DemoWWTP]/Controller:Global/BIO201.FILL_PERCENTAGE_OUT,,Int32
0,Devices/[DemoWWTP]/Controller:Global/BIO202.EnableIn,,Boolean
0,Devices/[DemoWWTP]/Controller:Global/BIO202.EnableOut,,Boolean
0,Devices/[DemoWWTP]/Controller:Global/BIO202.INPUT_PV,,Float
0,Devices/[DemoWWTP]/Controller:Global/BIO202.OWL_SP,,Int32
0,Devices/[DemoWWTP]/Controller:Global/BIO202.HWL_SP,,Int32
0,Devices/[DemoWWTP]/Controller:Global/BIO202.MWL_SP,,Int32
0,Devices/[DemoWWTP]/Controller:Global/BIO202.LWL_SP,,Int32
0,Devices/[DemoWWTP]/Controller:Global/BIO202.XWL_SP,,Int32
0,Devices/[DemoWWTP]/Controller:Global/BIO202.TWL_SP,,Int32
0,Devices/[DemoWWTP]/Controller:Global/BIO202.OWL_OUT,,Boolean
0,Devices/[DemoWWTP]/Controller:Global/BIO202.HWL_OUT,,Boolean
0,Devices/[DemoWWTP]/Controller:Global/BIO202.MWL_OUT,,Boolean
0,Devices/[DemoWWTP]/Controller:Global/BIO202.LWL_OUT,,Boolean
0,Devices/[DemoWWTP]/Controller:Global/BIO202.XWL_OUT,,Boolean
0,Devices/[DemoWWTP]/Controller:Global/BIO202.TWL_OUT,,Boolean
0,Devices/[DemoWWTP]/Controller:Global/BIO202.TANK_DIAMETER,,Float
0,Devices/[DemoWWTP]/Controller:Global/BIO202.TANK_HEIGHT,,Float
0,Devices/[DemoWWTP]/Controller:Global/BIO202.ERROR,,Boolean
0,Devices/[DemoWWTP]/Controller:Global/BIO202.TANK_AREA_OUT,,Int32
0,Devices/[DemoWWTP]/Controller:Global/BIO202.CURRENT_VOLUME_TOTAL_OUT,,Int32
0,Devices/[DemoWWTP]/Controller:Global/BIO202.VOLUME_ABOVE_LWL_OUT,,Int32
0,Devices/[DemoWWTP]/Controller:Global/BIO202.VOLUME_BELOW_HWL_OUT,,Int32
0,Devices/[DemoWWTP]/Controller:Global/BIO202.FILL_PERCENTAGE_OUT,,Int32
0,Devices/[DemoWWTP]/Controller:Global/BIO203.EnableIn,,Boolean
0,Devices/[DemoWWTP]/Controller:Global/BIO203.EnableOut,,Boolean
0,Devices/[DemoWWTP]/Controller:Global/BIO203.INPUT_PV,,Float
0,Devices/[DemoWWTP]/Controller:Global/BIO203.OWL_SP,,Int32
0,Devices/[DemoWWTP]/Controller:Global/BIO203.HWL_SP,,Int32
0,Devices/[DemoWWTP]/Controller:Global/BIO203.MWL_SP,,Int32
0,Devices/[DemoWWTP]/Controller:Global/BIO203.LWL_SP,,Int32
0,Devices/[DemoWWTP]/Controller:Global/BIO203.XWL_SP,,Int32
0,Devices/[DemoWWTP]/Controller:Global/BIO203.TWL_SP,,Int32
0,Devices/[DemoWWTP]/Controller:Global/BIO203.OWL_OUT,,Boolean
0,Devices/[DemoWWTP]/Controller:Global/BIO203.HWL_OUT,,Boolean
0,Devices/[DemoWWTP]/Controller:Global/BIO203.MWL_OUT,,Boolean
0,Devices/[DemoWWTP]/Controller:Global/BIO203.LWL_OUT,,Boolean
0,Devices/[DemoWWTP]/Controller:Global/BIO203.XWL_OUT,,Boolean
0,Devices/[DemoWWTP]/Controller:Global/BIO203.TWL_OUT,,Boolean
0,Devices/[DemoWWTP]/Controller:Global/BIO203.TANK_DIAMETER,,Float
0,Devices/[DemoWWTP]/Controller:Global/BIO203.TANK_HEIGHT,,Float
0,Devices/[DemoWWTP]/Controller:Global/BIO203.ERROR,,Boolean
0,Devices/[DemoWWTP]/Controller:Global/BIO203.TANK_AREA_OUT,,Int32
0,Devices/[DemoWWTP]/Controller:Global/BIO203.CURRENT_VOLUME_TOTAL_OUT,,Int32
0,Devices/[DemoWWTP]/Controller:Global/BIO203.VOLUME_ABOVE_LWL_OUT,,Int32
0,Devices/[DemoWWTP]/Controller:Global/BIO203.VOLUME_BELOW_HWL_OUT,,Int32
0,Devices/[DemoWWTP]/Controller:Global/BIO203.FILL_PERCENTAGE_OUT,,Int32
0,Devices/[DemoWWTP]/Controller:Global/BR1_AERATION.EnableIn,,Boolean
0,Devices/[DemoWWTP]/Controller:Global/BR1_AERATION.EnableOut,,Boolean
0,Devices/[DemoWWTP]/Controller:Global/BR1_AERATION.REACT1_IN,,Boolean
0,Devices/[DemoWWTP]/Controller:Global/BR1_AERATION.REACT2_IN,,Boolean
0,Devices/[DemoWWTP]/Controller:Global/BR1_AERATION.SPIKE_IN,,Boolean
0,Devices/[DemoWWTP]/Controller:Global/BR1_AERATION.IDLE_IN,,Boolean
0,Devices/[DemoWWTP]/Controller:Global/BR1_AERATION.LEVEL_TOO_LOW,,Boolean
0,Devices/[DemoWWTP]/Controller:Global/BR1_AERATION.OVERFLOW,,Boolean
0,Devices/[DemoWWTP]/Controller:Global/BR1_AERATION.FOAM,,Boolean
0,Devices/[DemoWWTP]/Controller:Global/BR1_AERATION.CYCLE_RESTART,,Boolean
0,Devices/[DemoWWTP]/Controller:Global/BR1_AERATION.RESET,,Boolean
0,Devices/[DemoWWTP]/Controller:Global/BR1_AERATION.DO_PV,,Float
0,Devices/[DemoWWTP]/Controller:Global/BR1_AERATION.REACT1_DOHI,,Boolean
0,Devices/[DemoWWTP]/Controller:Global/BR1_AERATION.REACT1_DOLOW,,Boolean
0,Devices/[DemoWWTP]/Controller:Global/BR1_AERATION.REACT2_DOHI,,Boolean
0,Devices/[DemoWWTP]/Controller:Global/BR1_AERATION.REACT2_DOLOW,,Boolean
0,Devices/[DemoWWTP]/Controller:Global/BR1_AERATION.DO_SPIKE,,Boolean
0,Devices/[DemoWWTP]/Controller:Global/BR1_AERATION.DO_PROBE_HEALTHY,,Boolean
0,Devices/[DemoWWTP]/Controller:Global/BR1_AERATION.DV_OPENED,,Boolean
0,Devices/[DemoWWTP]/Controller:Global/BR1_AERATION.AERATION_CTRL_TIMED_SCADA,,Boolean
0,Devices/[DemoWWTP]/Controller:Global/BR1_AERATION.AERATION_CTRL_DO_SCADA,,Boolean
0,Devices/[DemoWWTP]/Controller:Global/BR1_AERATION.SCADA_SP_MIX,,Int32
0,Devices/[DemoWWTP]/Controller:Global/BR1_AERATION.MAX_AERATION_SP,,Int32
0,Devices/[DemoWWTP]/Controller:Global/BR1_AERATION.SCADA_SP_AERATORS_OFF,,Int32
0,Devices/[DemoWWTP]/Controller:Global/BR1_AERATION.SCADA_SP_EVALUATE,,Float
0,Devices/[DemoWWTP]/Controller:Global/BR1_AERATION.SCADA_SP_BACKUP_R1RT,,Int32
0,Devices/[DemoWWTP]/Controller:Global/BR1_AERATION.SCADA_SP_BACKUP_R2RT,,Int32
0,Devices/[DemoWWTP]/Controller:Global/BR1_AERATION.SCADA_SP_BACKUP_SRT,,Int32
0,Devices/[DemoWWTP]/Controller:Global/BR1_AERATION.SCADA_SP_BACKUP_R1OT,,Int32
0,Devices/[DemoWWTP]/Controller:Global/BR1_AERATION.SCADA_SP_BACKUP_R2OT,,Int32
0,Devices/[DemoWWTP]/Controller:Global/BR1_AERATION.AERATOR_COUNT,,Int32
0,Devices/[DemoWWTP]/Controller:Global/BR1_AERATION.BLOWER_AVAIL,,Boolean
0,Devices/[DemoWWTP]/Controller:Global/BR1_AERATION.AERATOR1_AVAIL,,Boolean
0,Devices/[DemoWWTP]/Controller:Global/BR1_AERATION.AERATOR2_AVAIL,,Boolean
0,Devices/[DemoWWTP]/Controller:Global/BR1_AERATION.AERATOR3_AVAIL,,Boolean
0,Devices/[DemoWWTP]/Controller:Global/BR1_AERATION.AERATOR4_AVAIL,,Boolean
0,Devices/[DemoWWTP]/Controller:Global/BR1_AERATION.BLOWER_RUNNING,,Boolean
0,Devices/[DemoWWTP]/Controller:Global/BR1_AERATION.AERATOR1_RUNNING,,Boolean
0,Devices/[DemoWWTP]/Controller:Global/BR1_AERATION.AERATOR2_RUNNING,,Boolean
0,Devices/[DemoWWTP]/Controller:Global/BR1_AERATION.AERATOR3_RUNNING,,Boolean
0,Devices/[DemoWWTP]/Controller:Global/BR1_AERATION.AERATION_FAILED,,Boolean
0,Devices/[DemoWWTP]/Controller:Global/BR1_AERATION.BLOWER_RUN,,Boolean
0,Devices/[DemoWWTP]/Controller:Global/BR1_AERATION.AERATOR1_RUN,,Boolean
0,Devices/[DemoWWTP]/Controller:Global/BR1_AERATION.AERATOR2_RUN,,Boolean
0,Devices/[DemoWWTP]/Controller:Global/BR1_AERATION.AERATOR3_RUN,,Boolean
0,Devices/[DemoWWTP]/Controller:Global/BR1_AERATION.AERATOR4_RUN,,Boolean
0,Devices/[DemoWWTP]/Controller:Global/BR1_AERATION.HEAD_CLEAN,,Boolean
0,Devices/[DemoWWTP]/Controller:Global/BR1_AERATION.ALARM_HIGH_LOAD,,Boolean
0,Devices/[DemoWWTP]/Controller:Global/BR1_AERATION.ALARM_DO_FAIL_TO_RISE,,Boolean
0,Devices/[DemoWWTP]/Controller:Global/BR1_DECANT.EnableIn,,Boolean
0,Devices/[DemoWWTP]/Controller:Global/BR1_DECANT.EnableOut,,Boolean
0,Devices/[DemoWWTP]/Controller:Global/BR1_DECANT.FILL_IN,,Boolean
0,Devices/[DemoWWTP]/Controller:Global/BR1_DECANT.REACT1_IN,,Boolean
0,Devices/[DemoWWTP]/Controller:Global/BR1_DECANT.REACT2_IN,,Boolean
0,Devices/[DemoWWTP]/Controller:Global/BR1_DECANT.SPIKE_IN,,Boolean
0,Devices/[DemoWWTP]/Controller:Global/BR1_DECANT.SETTLE_IN,,Boolean
0,Devices/[DemoWWTP]/Controller:Global/BR1_DECANT.DECANT_IN,,Boolean
0,Devices/[DemoWWTP]/Controller:Global/BR1_DECANT.FV_OPENED,,Boolean
0,Devices/[DemoWWTP]/Controller:Global/BR1_DECANT.FV_AVAILABLE,,Boolean
0,Devices/[DemoWWTP]/Controller:Global/BR1_DECANT.DV_OPENED,,Boolean
0,Devices/[DemoWWTP]/Controller:Global/BR1_DECANT.RESET,,Boolean
0,Devices/[DemoWWTP]/Controller:Global/BR1_DECANT.BT_MWL,,Boolean
0,Devices/[DemoWWTP]/Controller:Global/BR1_DECANT.BT_LWL_SP,,Int32
0,Devices/[DemoWWTP]/Controller:Global/BR1_DECANT.BT_MWL_SP,,Int32
0,Devices/[DemoWWTP]/Controller:Global/BR1_DECANT.BT_PLS,,Float
0,Devices/[DemoWWTP]/Controller:Global/BR1_DECANT.BR_TWL_SP,,Int32
0,Devices/[DemoWWTP]/Controller:Global/BR1_DECANT.BR_BWL,,Boolean
0,Devices/[DemoWWTP]/Controller:Global/BR1_DECANT.BR_LEVEL,,Float
0,Devices/[DemoWWTP]/Controller:Global/BR1_DECANT.BR_LEVEL_DIFF_FLT,,Boolean
0,Devices/[DemoWWTP]/Controller:Global/BR1_DECANT.BR_LEVEL_FLT,,Boolean
0,Devices/[DemoWWTP]/Controller:Global/BR1_DECANT.TOTAL_REACT_TIME,,Int32
0,Devices/[DemoWWTP]/Controller:Global/BR1_DECANT.DECANT_SP,,Int32
0,Devices/[DemoWWTP]/Controller:Global/BR1_DECANT.IDLE_SP,,Int32
0,Devices/[DemoWWTP]/Controller:Global/BR1_DECANT.BT_TO_BR1_FACTOR,,Float
0,Devices/[DemoWWTP]/Controller:Global/BR1_DECANT.CURRENT_AERATION,,Int32
0,Devices/[DemoWWTP]/Controller:Global/BR1_DECANT.NORMAL_DECANT_SP,,Int32
0,Devices/[DemoWWTP]/Controller:Global/BR1_DECANT.MAX_DECANT_SP,,Int32
0,Devices/[DemoWWTP]/Controller:Global/BR1_DECANT.MIN_DECANT_SP,,Int32
0,Devices/[DemoWWTP]/Controller:Global/BR1_DECANT.FLUSH_SP,,Int32
0,Devices/[DemoWWTP]/Controller:Global/BR1_DECANT.DECANT_DROP_SP,,Int32
0,Devices/[DemoWWTP]/Controller:Global/BR1_DECANT.OPEN_FV,,Boolean
0,Devices/[DemoWWTP]/Controller:Global/BR1_DECANT.OPEN_DV,,Boolean
0,Devices/[DemoWWTP]/Controller:Global/BR1_DECANT.SUPER_REACT_TRIGGER,,Boolean
0,Devices/[DemoWWTP]/Controller:Global/BR1_DECANT.ALARM_HIGH_LOAD_TRIGGER,,Boolean
0,Devices/[DemoWWTP]/Controller:Global/BR1_DECANT.ALARM_DECANT,,Boolean
0,Devices/[DemoWWTP]/Controller:Global/BR1_DO.EnableIn,,Boolean
0,Devices/[DemoWWTP]/Controller:Global/BR1_DO.EnableOut,,Boolean
0,Devices/[DemoWWTP]/Controller:Global/BR1_DO.EN,,Boolean
0,Devices/[DemoWWTP]/Controller:Global/BR1_DO.CTRL,,Boolean
0,Devices/[DemoWWTP]/Controller:Global/BR1_DO.PV,,Float
0,Devices/[DemoWWTP]/Controller:Global/BR1_DO.R1LSP,,Float
0,Devices/[DemoWWTP]/Controller:Global/BR1_DO.R1HSP,,Float
0,Devices/[DemoWWTP]/Controller:Global/BR1_DO.R1LOP,,Boolean
0,Devices/[DemoWWTP]/Controller:Global/BR1_DO.R1HOP,,Boolean
0,Devices/[DemoWWTP]/Controller:Global/BR1_DO.R2LSP,,Float
0,Devices/[DemoWWTP]/Controller:Global/BR1_DO.R2HSP,,Float
0,Devices/[DemoWWTP]/Controller:Global/BR1_DO.R2LOP,,Boolean
0,Devices/[DemoWWTP]/Controller:Global/BR1_DO.R2HOP,,Boolean
0,Devices/[DemoWWTP]/Controller:Global/BR1_DO.RLSP_TSP,,Int32
0,Devices/[DemoWWTP]/Controller:Global/BR1_DO.RHSP_TSP,,Int32
0,Devices/[DemoWWTP]/Controller:Global/BR1_DO.SSP,,Float
0,Devices/[DemoWWTP]/Controller:Global/BR1_DO.SOP,,Boolean
0,Devices/[DemoWWTP]/Controller:Global/BR1_DO.SSP_TSP,,Int32
0,Devices/[DemoWWTP]/Controller:Global/BR1_FILL.EnableIn,,Boolean
0,Devices/[DemoWWTP]/Controller:Global/BR1_FILL.EnableOut,,Boolean
0,Devices/[DemoWWTP]/Controller:Global/BR1_FILL.EN,,Boolean
0,Devices/[DemoWWTP]/Controller:Global/BR1_FILL.CYCLE_ON,,Boolean
0,Devices/[DemoWWTP]/Controller:Global/BR1_FILL.CYCLE_STOP_PB,,Boolean
0,Devices/[DemoWWTP]/Controller:Global/BR1_FILL.FILL_IN,,Boolean
0,Devices/[DemoWWTP]/Controller:Global/BR1_FILL.TOTAL_FILL_IN,,Boolean
0,Devices/[DemoWWTP]/Controller:Global/BR1_FILL.SUPER_REACT_IN,,Boolean
0,Devices/[DemoWWTP]/Controller:Global/BR1_FILL.REACT1_IN,,Boolean
0,Devices/[DemoWWTP]/Controller:Global/BR1_FILL.REACT2_IN,,Boolean
0,Devices/[DemoWWTP]/Controller:Global/BR1_FILL.SPIKE_IN,,Boolean
0,Devices/[DemoWWTP]/Controller:Global/BR1_FILL.SETTLE_IN,,Boolean
0,Devices/[DemoWWTP]/Controller:Global/BR1_FILL.DECANT_IN,,Boolean
0,Devices/[DemoWWTP]/Controller:Global/BR1_FILL.IDLE_IN,,Boolean
0,Devices/[DemoWWTP]/Controller:Global/BR1_FILL.FOAM_IN,,Boolean
0,Devices/[DemoWWTP]/Controller:Global/BR1_FILL.BT_LWL,,Boolean
0,Devices/[DemoWWTP]/Controller:Global/BR1_FILL.BT_MWL,,Boolean
0,Devices/[DemoWWTP]/Controller:Global/BR1_FILL.BT_HWL,,Boolean
0,Devices/[DemoWWTP]/Controller:Global/BR1_FILL.BT_OWL,,Boolean
0,Devices/[DemoWWTP]/Controller:Global/BR1_FILL.BT_PLS_PV,,Float
0,Devices/[DemoWWTP]/Controller:Global/BR1_FILL.IV_OPENED,,Boolean
0,Devices/[DemoWWTP]/Controller:Global/BR1_FILL.IV_CLOSED,,Boolean
0,Devices/[DemoWWTP]/Controller:Global/BR1_FILL.BR_TWL,,Boolean
0,Devices/[DemoWWTP]/Controller:Global/BR1_FILL.R1_DO_HI,,Boolean
0,Devices/[DemoWWTP]/Controller:Global/BR1_FILL.R1_DO_LOW,,Boolean
0,Devices/[DemoWWTP]/Controller:Global/BR1_FILL.AERATION_INTERUPT,,Boolean
0,Devices/[DemoWWTP]/Controller:Global/BR1_FILL.IV_OPEN_OUT,,Boolean
0,Devices/[DemoWWTP]/Controller:Global/BR1_FILL.TRANSFER_PUMPS_RUN,,Boolean
0,Devices/[DemoWWTP]/Controller:Global/BR1_FILL.BR_AT_TWL,,Boolean
0,Devices/[DemoWWTP]/Controller:Global/BR1_FILL.RUN_SUPER_AERATION,,Boolean
0,Devices/[DemoWWTP]/Controller:Global/BR1_FILL.ALARM_HI_FLOW,,Boolean
0,Devices/[DemoWWTP]/Controller:Global/BR1_FILL.ALARM_HIHI_FLOW,,Boolean
0,Devices/[DemoWWTP]/Controller:Global/BR1_FILL.HI_FLOW,,Boolean
0,Devices/[DemoWWTP]/Controller:Global/BR1_IDLE.EnableIn,,Boolean
0,Devices/[DemoWWTP]/Controller:Global/BR1_IDLE.EnableOut,,Boolean
0,Devices/[DemoWWTP]/Controller:Global/BR1_IDLE.Sludge_Request_PB,,Boolean
0,Devices/[DemoWWTP]/Controller:Global/BR1_IDLE.EMPTY_PB,,Boolean
0,Devices/[DemoWWTP]/Controller:Global/BR1_IDLE.RESET,,Boolean
0,Devices/[DemoWWTP]/Controller:Global/BR1_IDLE.AERATION_RUNNING,,Boolean
0,Devices/[DemoWWTP]/Controller:Global/BR1_IDLE.DECANT_IN,,Boolean
0,Devices/[DemoWWTP]/Controller:Global/BR1_IDLE.IDLE_IN,,Boolean
0,Devices/[DemoWWTP]/Controller:Global/BR1_IDLE.SLUDGE_PRE_CONDITIONS_OK,,Boolean
0,Devices/[DemoWWTP]/Controller:Global/BR1_IDLE.SLUDGE_LEVEL,,Boolean
0,Devices/[DemoWWTP]/Controller:Global/BR1_IDLE.IV_CLOSED,,Boolean
0,Devices/[DemoWWTP]/Controller:Global/BR1_IDLE.SV_OPENED,,Boolean
0,Devices/[DemoWWTP]/Controller:Global/BR1_IDLE.SV_CLOSED,,Boolean
0,Devices/[DemoWWTP]/Controller:Global/BR1_IDLE.SLUDGE_PUMPS_RUNNING,,Boolean
0,Devices/[DemoWWTP]/Controller:Global/BR1_IDLE.CYCLE_RESTART,,Boolean
0,Devices/[DemoWWTP]/Controller:Global/BR1_IDLE.AERATION_COUNT_MINS,,Int32
0,Devices/[DemoWWTP]/Controller:Global/BR1_IDLE.SLUDGE_PAUSE_FACTOR,,Int32
0,Devices/[DemoWWTP]/Controller:Global/BR1_IDLE.VALVE_OPEN_SP,,Int32
0,Devices/[DemoWWTP]/Controller:Global/BR1_IDLE.WAS_TK_FILL_SP,,Int16
0,Devices/[DemoWWTP]/Controller:Global/BR1_IDLE.DECANT_START,,Int32
0,Devices/[DemoWWTP]/Controller:Global/BR1_IDLE.END_OF_CYCLE,,Int32
0,Devices/[DemoWWTP]/Controller:Global/BR1_IDLE.PROCESS_TIME,,Int32
0,Devices/[DemoWWTP]/Controller:Global/BR1_IDLE.WAS_CYCLES,,Int32
0,Devices/[DemoWWTP]/Controller:Global/BR1_IDLE.CLOSE_INFLOW,,Boolean
0,Devices/[DemoWWTP]/Controller:Global/BR1_IDLE.OPEN_SV,,Boolean
0,Devices/[DemoWWTP]/Controller:Global/BR1_IDLE.RUN_SLUDGE_PUMPS,,Boolean
0,Devices/[DemoWWTP]/Controller:Global/BR1_IDLE.ALARM_UNABLE_TO_WASTE,,Boolean
0,Devices/[DemoWWTP]/Controller:Global/BR1_IDLE.WAS_TANK_FILLED_LEVEL,,Float
0,Devices/[DemoWWTP]/Controller:Global/BR1_IDLE.TANK_100_FULL,,Boolean
0,Devices/[DemoWWTP]/Controller:Global/BR1_IDLE.TANK_75_FULL,,Boolean
0,Devices/[DemoWWTP]/Controller:Global/BR1_LEVELS.EnableIn,,Boolean
0,Devices/[DemoWWTP]/Controller:Global/BR1_LEVELS.EnableOut,,Boolean
0,Devices/[DemoWWTP]/Controller:Global/BR1_LEVELS.EN,,Boolean
0,Devices/[DemoWWTP]/Controller:Global/BR1_LEVELS.PV,,Float
0,Devices/[DemoWWTP]/Controller:Global/BR1_LEVELS.PV_PLS,,Float
0,Devices/[DemoWWTP]/Controller:Global/BR1_LEVELS.RESET,,Boolean
0,Devices/[DemoWWTP]/Controller:Global/BR1_LEVELS.OFLSP,,Int32
0,Devices/[DemoWWTP]/Controller:Global/BR1_LEVELS.TWLSP,,Int32
0,Devices/[DemoWWTP]/Controller:Global/BR1_LEVELS.BWLSP,,Int32
0,Devices/[DemoWWTP]/Controller:Global/BR1_LEVELS.LWLSP,,Int32
0,Devices/[DemoWWTP]/Controller:Global/BR1_LEVELS.FLSP,,Int32
0,Devices/[DemoWWTP]/Controller:Global/BR1_LEVELS.FRSP,,Int32
0,Devices/[DemoWWTP]/Controller:Global/BR1_LEVELS.SLSP,,Int32
0,Devices/[DemoWWTP]/Controller:Global/BR1_LEVELS.OFLOP,,Boolean
0,Devices/[DemoWWTP]/Controller:Global/BR1_LEVELS.EWLOP,,Boolean
0,Devices/[DemoWWTP]/Controller:Global/BR1_LEVELS.TWLOP,,Boolean
0,Devices/[DemoWWTP]/Controller:Global/BR1_LEVELS.BWLOP,,Boolean
0,Devices/[DemoWWTP]/Controller:Global/BR1_LEVELS.LWLOP,,Boolean
0,Devices/[DemoWWTP]/Controller:Global/BR1_LEVELS.FLOP,,Boolean
0,Devices/[DemoWWTP]/Controller:Global/BR1_LEVELS.FROP,,Boolean
0,Devices/[DemoWWTP]/Controller:Global/BR1_LEVELS.SLOP,,Boolean
0,Devices/[DemoWWTP]/Controller:Global/BR1_LEVELS.FILL_IN,,Boolean
0,Devices/[DemoWWTP]/Controller:Global/BR1_LEVELS.REACT1_IN,,Boolean
0,Devices/[DemoWWTP]/Controller:Global/BR1_LEVELS.REACT2_IN,,Boolean
0,Devices/[DemoWWTP]/Controller:Global/BR1_LEVELS.SPIKE_IN,,Boolean
0,Devices/[DemoWWTP]/Controller:Global/BR1_LEVELS.DECANT_IN,,Boolean
0,Devices/[DemoWWTP]/Controller:Global/BR1_LEVELS.ALARM_OFL,,Boolean
0,Devices/[DemoWWTP]/Controller:Global/BR1_LEVELS.ALARM_LWL,,Boolean
0,Devices/[DemoWWTP]/Controller:Global/BR1_LEVELS.ALARM_FL,,Boolean
0,Devices/[DemoWWTP]/Controller:Global/BR1_LEVELS.ALARM_EXFL,,Boolean
0,Devices/[DemoWWTP]/Controller:Global/BR1_MODES.EnableIn,,Boolean
0,Devices/[DemoWWTP]/Controller:Global/BR1_MODES.EnableOut,,Boolean
0,Devices/[DemoWWTP]/Controller:Global/BR1_MODES.CYCLE_START,,Boolean
0,Devices/[DemoWWTP]/Controller:Global/BR1_MODES.CYCLE_STOP,,Boolean
0,Devices/[DemoWWTP]/Controller:Global/BR1_MODES.FILL_PB,,Boolean
0,Devices/[DemoWWTP]/Controller:Global/BR1_MODES.REACT1_PB,,Boolean
0,Devices/[DemoWWTP]/Controller:Global/BR1_MODES.REACT2_PB,,Boolean
0,Devices/[DemoWWTP]/Controller:Global/BR1_MODES.SPIKE_PB,,Boolean
0,Devices/[DemoWWTP]/Controller:Global/BR1_MODES.SETTLE_PB,,Boolean
0,Devices/[DemoWWTP]/Controller:Global/BR1_MODES.DECANT_PB,,Boolean
0,Devices/[DemoWWTP]/Controller:Global/BR1_MODES.IDLE_PB,,Boolean
0,Devices/[DemoWWTP]/Controller:Global/BR1_MODES.SUPER_REACT_TRIGGER,,Boolean
0,Devices/[DemoWWTP]/Controller:Global/BR1_MODES.HI_FLOW,,Boolean
0,Devices/[DemoWWTP]/Controller:Global/BR1_MODES.SYNC_CATCHUP_IN,,Boolean
0,Devices/[DemoWWTP]/Controller:Global/BR1_MODES.PAUSE_TO_SYNC_IN,,Boolean
0,Devices/[DemoWWTP]/Controller:Global/BR1_MODES.LAGGING_BR_RESTART,,Boolean
0,Devices/[DemoWWTP]/Controller:Global/BR1_MODES.PAUSE_TO_SYNC_OUT,,Boolean
0,Devices/[DemoWWTP]/Controller:Global/BR1_MODES.SYNC_TIME_REMAINING_OUT,,Int32
0,Devices/[DemoWWTP]/Controller:Global/BR1_MODES.SYNC_CATCHUP_OUT,,Boolean
0,Devices/[DemoWWTP]/Controller:Global/BR1_MODES.SYNC_TIME_OUT,,Int32
0,Devices/[DemoWWTP]/Controller:Global/BR1_MODES.CYCLE_RUNNING,,Boolean
0,Devices/[DemoWWTP]/Controller:Global/BR1_MODES.PROCESS_TIME_SEC,,Int32
0,Devices/[DemoWWTP]/Controller:Global/BR1_MODES.PROCESS_PHASE,,Int32
0,Devices/[DemoWWTP]/Controller:Global/BR1_MODES.END_OF_PHASE,,Int32
0,Devices/[DemoWWTP]/Controller:Global/BR1_MODES.TOTAL_FILL_SP,,Int32
0,Devices/[DemoWWTP]/Controller:Global/BR1_MODES.SUPER_START_SP,,Int32
0,Devices/[DemoWWTP]/Controller:Global/BR1_MODES.SCADA_SP_FILL,,Int32
0,Devices/[DemoWWTP]/Controller:Global/BR1_MODES.SCADA_SP_REACT1,,Int32
0,Devices/[DemoWWTP]/Controller:Global/BR1_MODES.SCADA_SP_REACT2,,Int32
0,Devices/[DemoWWTP]/Controller:Global/BR1_MODES.SCADA_SP_SPIKE,,Int32
0,Devices/[DemoWWTP]/Controller:Global/BR1_MODES.SCADA_SP_SETTLE,,Int32
0,Devices/[DemoWWTP]/Controller:Global/BR1_MODES.SCADA_SP_DECANT,,Int32
0,Devices/[DemoWWTP]/Controller:Global/BR1_MODES.SCADA_SP_IDLE,,Int32
0,Devices/[DemoWWTP]/Controller:Global/BR1_MODES.SYNC_TIME_IN,,Int32
0,Devices/[DemoWWTP]/Controller:Global/BR1_MODES.FILL_OP,,Boolean
0,Devices/[DemoWWTP]/Controller:Global/BR1_MODES.TOTAL_FILL_OP,,Boolean
0,Devices/[DemoWWTP]/Controller:Global/BR1_MODES.SCADA_FILL_OP,,Boolean
0,Devices/[DemoWWTP]/Controller:Global/BR1_MODES.SUPER_REACT_OP,,Boolean
0,Devices/[DemoWWTP]/Controller:Global/BR1_MODES.SCADA_SUPER_REACT_OP,,Boolean
0,Devices/[DemoWWTP]/Controller:Global/BR1_MODES.REACT1_OP,,Boolean
0,Devices/[DemoWWTP]/Controller:Global/BR1_MODES.SCADA_REACT1_OP,,Boolean
0,Devices/[DemoWWTP]/Controller:Global/BR1_MODES.REACT2_OP,,Boolean
0,Devices/[DemoWWTP]/Controller:Global/BR1_MODES.SCADA_REACT2_OP,,Boolean
0,Devices/[DemoWWTP]/Controller:Global/BR1_MODES.SPIKE_OP,,Boolean
0,Devices/[DemoWWTP]/Controller:Global/BR1_MODES.SCADA_SPIKE_OP,,Boolean
0,Devices/[DemoWWTP]/Controller:Global/BR1_MODES.SETTLE_OP,,Boolean
0,Devices/[DemoWWTP]/Controller:Global/BR1_MODES.SCADA_SETTLE_OP,,Boolean
0,Devices/[DemoWWTP]/Controller:Global/BR1_MODES.DECANT_OP,,Boolean
0,Devices/[DemoWWTP]/Controller:Global/BR1_MODES.SCADA_DECANT_OP,,Boolean
0,Devices/[DemoWWTP]/Controller:Global/BR1_MODES.IDLE_OP,,Boolean
0,Devices/[DemoWWTP]/Controller:Global/BR1_MODES.SCADA_IDLE_OP,,Boolean
0,Devices/[DemoWWTP]/Controller:Global/BR1_MODES.TOTAL_REACT,,Int32
0,Devices/[DemoWWTP]/Controller:Global/BR1_MODES.DECANT_TIME_REMAIN,,Int32
0,Devices/[DemoWWTP]/Controller:Global/BR1_MODES.IDLE_TIME_REMAIN,,Int32
0,Devices/[DemoWWTP]/Controller:Global/BR1_MODES.SCADA_DECANT_TIME,,Int32
0,Devices/[DemoWWTP]/Controller:Global/BR1_MODES.SCADA_END_OF_PHASE,,Int32
0,Devices/[DemoWWTP]/Controller:Global/BR1_MODES.TIMER_FAULT,,Boolean
0,Devices/[DemoWWTP]/Controller:Global/BR1_STATS.EnableIn,,Boolean
0,Devices/[DemoWWTP]/Controller:Global/BR1_STATS.EnableOut,,Boolean
0,Devices/[DemoWWTP]/Controller:Global/BR1_STATS.REACT1_IN,,Boolean
0,Devices/[DemoWWTP]/Controller:Global/BR1_STATS.REACT2_IN,,Boolean
0,Devices/[DemoWWTP]/Controller:Global/BR1_STATS.SPIKE_IN,,Boolean
0,Devices/[DemoWWTP]/Controller:Global/BR1_STATS.CYCLE_RESTART,,Boolean
0,Devices/[DemoWWTP]/Controller:Global/BR1_STATS.AERATION_RUNNING,,Boolean
0,Devices/[DemoWWTP]/Controller:Global/BR1_STATS.DV_OPENED,,Boolean
0,Devices/[DemoWWTP]/Controller:Global/BR1_STATS.SCADA_CURRENT_AERATION,,Int32
0,Devices/[DemoWWTP]/Controller:Global/BR1_STATS.SCADA_PREVIOUS_AERATION,,Int32
0,Devices/[DemoWWTP]/Controller:Global/BR1_STATS.SCADA_PREVIOUS_24HRS,,Int32
0,Devices/[DemoWWTP]/Controller:Global/BR1_STATS.SCADA_CURRENT_24HRS,,Int32
0,Devices/[DemoWWTP]/Controller:Global/BR1_STATS.SCADA_CURRENT_DECANT,,Int32
0,Devices/[DemoWWTP]/Controller:Global/BR1_STATS.SCADA_PREVIOUS_DECANT,,Int32
0,Devices/[DemoWWTP]/Controller:Global/BR_DT_FACTOR_CALC,,Float
0,Devices/[DemoWWTP]/Controller:Global/BT101.EnableIn,,Boolean
0,Devices/[DemoWWTP]/Controller:Global/BT101.EnableOut,,Boolean
0,Devices/[DemoWWTP]/Controller:Global/BT101.INPUT_PV,,Float
0,Devices/[DemoWWTP]/Controller:Global/BT101.OWL_SP,,Int32
0,Devices/[DemoWWTP]/Controller:Global/BT101.HWL_SP,,Int32
0,Devices/[DemoWWTP]/Controller:Global/BT101.MWL_SP,,Int32
0,Devices/[DemoWWTP]/Controller:Global/BT101.LWL_SP,,Int32
0,Devices/[DemoWWTP]/Controller:Global/BT101.XWL_SP,,Int32
0,Devices/[DemoWWTP]/Controller:Global/BT101.TWL_SP,,Int32
0,Devices/[DemoWWTP]/Controller:Global/BT101.OWL_OUT,,Boolean
0,Devices/[DemoWWTP]/Controller:Global/BT101.HWL_OUT,,Boolean
0,Devices/[DemoWWTP]/Controller:Global/BT101.MWL_OUT,,Boolean
0,Devices/[DemoWWTP]/Controller:Global/BT101.LWL_OUT,,Boolean
0,Devices/[DemoWWTP]/Controller:Global/BT101.XWL_OUT,,Boolean
0,Devices/[DemoWWTP]/Controller:Global/BT101.TWL_OUT,,Boolean
0,Devices/[DemoWWTP]/Controller:Global/BT101.TANK_DIAMETER,,Float
0,Devices/[DemoWWTP]/Controller:Global/BT101.TANK_HEIGHT,,Float
0,Devices/[DemoWWTP]/Controller:Global/BT101.ERROR,,Boolean
0,Devices/[DemoWWTP]/Controller:Global/BT101.TANK_AREA_OUT,,Int32
0,Devices/[DemoWWTP]/Controller:Global/BT101.CURRENT_VOLUME_TOTAL_OUT,,Int32
0,Devices/[DemoWWTP]/Controller:Global/BT101.VOLUME_ABOVE_LWL_OUT,,Int32
0,Devices/[DemoWWTP]/Controller:Global/BT101.VOLUME_BELOW_HWL_OUT,,Int32
0,Devices/[DemoWWTP]/Controller:Global/BT101.FILL_PERCENTAGE_OUT,,Int32
0,Devices/[DemoWWTP]/Controller:Global/BT_AERATOR_DURATION.DN,,Boolean
0,Devices/[DemoWWTP]/Controller:Global/BT_AERATOR_DURATION.EN,,Boolean
0,Devices/[DemoWWTP]/Controller:Global/BT_AERATOR_DURATION.TT,,Boolean
0,Devices/[DemoWWTP]/Controller:Global/BT_AERATOR_DURATION.PRE,,Int32
0,Devices/[DemoWWTP]/Controller:Global/BT_AERATOR_DURATION.ACC,,Int32
0,Devices/[DemoWWTP]/Controller:Global/BT_AERATOR_DURATION_SP,,Int32
0,Devices/[DemoWWTP]/Controller:Global/BT_AERATOR_INTERVAL.DN,,Boolean
0,Devices/[DemoWWTP]/Controller:Global/BT_AERATOR_INTERVAL.EN,,Boolean
0,Devices/[DemoWWTP]/Controller:Global/BT_AERATOR_INTERVAL.TT,,Boolean
0,Devices/[DemoWWTP]/Controller:Global/BT_AERATOR_INTERVAL.PRE,,Int32
0,Devices/[DemoWWTP]/Controller:Global/BT_AERATOR_INTERVAL.ACC,,Int32
0,Devices/[DemoWWTP]/Controller:Global/BT_AREA_CALC_REAL,,Float
0,Devices/[DemoWWTP]/Controller:Global/BT_BR_FACTOR_CALC,,Float
0,Devices/[DemoWWTP]/Controller:Global/BT_LWL_CONFIRMATION.DN,,Boolean
0,Devices/[DemoWWTP]/Controller:Global/BT_LWL_CONFIRMATION.EN,,Boolean
0,Devices/[DemoWWTP]/Controller:Global/BT_LWL_CONFIRMATION.TT,,Boolean
0,Devices/[DemoWWTP]/Controller:Global/BT_LWL_CONFIRMATION.PRE,,Int32
0,Devices/[DemoWWTP]/Controller:Global/BT_LWL_CONFIRMATION.ACC,,Int32
0,Devices/[DemoWWTP]/Controller:Global/BT_OK_TO_TRANSFER,,Boolean
0,Devices/[DemoWWTP]/Controller:Global/CALL_TO_CLOSE_VALVE,,Boolean
0,Devices/[DemoWWTP]/Controller:Global/CALL_TO_OPEN_VALVE,,Boolean
0,Devices/[DemoWWTP]/Controller:Global/CC601_AI.EnableIn,,Boolean
0,Devices/[DemoWWTP]/Controller:Global/CC601_AI.EnableOut,,Boolean
0,Devices/[DemoWWTP]/Controller:Global/CC601_AI.Raw,,Int16
0,Devices/[DemoWWTP]/Controller:Global/CC601_AI.RawMin,,Int16
0,Devices/[DemoWWTP]/Controller:Global/CC601_AI.RawMax,,Int16
0,Devices/[DemoWWTP]/Controller:Global/CC601_AI.EngMin,,Float
0,Devices/[DemoWWTP]/Controller:Global/CC601_AI.EngMax,,Float
0,Devices/[DemoWWTP]/Controller:Global/CC601_AI.AI_Ext,,Boolean
0,Devices/[DemoWWTP]/Controller:Global/CC601_AI.AI_En,,Boolean
0,Devices/[DemoWWTP]/Controller:Global/CC601_AI.Sim,,Boolean
0,Devices/[DemoWWTP]/Controller:Global/CC601_AI.Reset,,Boolean
0,Devices/[DemoWWTP]/Controller:Global/CC601_AI.Scaled,,Float
0,Devices/[DemoWWTP]/Controller:Global/CC601_AI.PV,,Float
0,Devices/[DemoWWTP]/Controller:Global/CC601_AI.AvgCntSP,,Int32
0,Devices/[DemoWWTP]/Controller:Global/CC601_AI.ResetPB,,Boolean
0,Devices/[DemoWWTP]/Controller:Global/CC601_AI.HiHi_En,,Boolean
0,Devices/[DemoWWTP]/Controller:Global/CC601_AI.Hi_En,,Boolean
0,Devices/[DemoWWTP]/Controller:Global/CC601_AI.Lo_En,,Boolean
0,Devices/[DemoWWTP]/Controller:Global/CC601_AI.LoLo_En,,Boolean
0,Devices/[DemoWWTP]/Controller:Global/CC601_AI.HiHi_ASP,,Float
0,Devices/[DemoWWTP]/Controller:Global/CC601_AI.Hi_ASP,,Float
0,Devices/[DemoWWTP]/Controller:Global/CC601_AI.Lo_ASP,,Float
0,Devices/[DemoWWTP]/Controller:Global/CC601_AI.LoLo_ASP,,Float
0,Devices/[DemoWWTP]/Controller:Global/CC601_AI.TxFlt_Time,,Float
0,Devices/[DemoWWTP]/Controller:Global/CC601_AI.HiHi_Time,,Float
0,Devices/[DemoWWTP]/Controller:Global/CC601_AI.Hi_Time,,Float
0,Devices/[DemoWWTP]/Controller:Global/CC601_AI.Lo_Time,,Float
0,Devices/[DemoWWTP]/Controller:Global/CC601_AI.LoLo_Time,,Float
0,Devices/[DemoWWTP]/Controller:Global/CC601_AI.Avail,,Boolean
0,Devices/[DemoWWTP]/Controller:Global/CC601_AI.Alarms,,Int16
0,Devices/[DemoWWTP]/Controller:Global/CC601_AI.Fault,,Boolean
0,Devices/[DemoWWTP]/Controller:Global/CC601_AI.TxFlt,,Boolean
0,Devices/[DemoWWTP]/Controller:Global/CC601_AI.HiHi,,Boolean
0,Devices/[DemoWWTP]/Controller:Global/CC601_AI.Hi,,Boolean
0,Devices/[DemoWWTP]/Controller:Global/CC601_AI.Lo,,Boolean
0,Devices/[DemoWWTP]/Controller:Global/CC601_AI.LoLo,,Boolean
0,Devices/[DemoWWTP]/Controller:Global/CC601_AI.FQ_Wrn,,Boolean
0,Devices/[DemoWWTP]/Controller:Global/CC601_AI.Sim_Alm_En,,Boolean
0,Devices/[DemoWWTP]/Controller:Global/CC601_AI.ExtReset,,Boolean
0,Devices/[DemoWWTP]/Controller:Global/CC601_AI.Latch_Time,,Float
0,Devices/[DemoWWTP]/Controller:Global/CC601_AI.RecordStats,,Boolean
0,Devices/[DemoWWTP]/Controller:Global/CC601_AI.ResetStats,,Boolean
0,Devices/[DemoWWTP]/Controller:Global/CC601_AI.RecMin,,Float
0,Devices/[DemoWWTP]/Controller:Global/CC601_AI.RecMax,,Float
0,Devices/[DemoWWTP]/Controller:Global/CC601_AI.RecAvg,,Float
0,Devices/[DemoWWTP]/Controller:Global/CC601_AI.RecMinPrev,,Float
0,Devices/[DemoWWTP]/Controller:Global/CC601_AI.RecMaxPrev,,Float
0,Devices/[DemoWWTP]/Controller:Global/CC601_AI.RecAvgPrev,,Float
0,Devices/[DemoWWTP]/Controller:Global/CC602_AI.EnableIn,,Boolean
0,Devices/[DemoWWTP]/Controller:Global/CC602_AI.EnableOut,,Boolean
0,Devices/[DemoWWTP]/Controller:Global/CC602_AI.Raw,,Int16
0,Devices/[DemoWWTP]/Controller:Global/CC602_AI.RawMin,,Int16
0,Devices/[DemoWWTP]/Controller:Global/CC602_AI.RawMax,,Int16
0,Devices/[DemoWWTP]/Controller:Global/CC602_AI.EngMin,,Float
0,Devices/[DemoWWTP]/Controller:Global/CC602_AI.EngMax,,Float
0,Devices/[DemoWWTP]/Controller:Global/CC602_AI.AI_Ext,,Boolean
0,Devices/[DemoWWTP]/Controller:Global/CC602_AI.AI_En,,Boolean
0,Devices/[DemoWWTP]/Controller:Global/CC602_AI.Sim,,Boolean
0,Devices/[DemoWWTP]/Controller:Global/CC602_AI.Reset,,Boolean
0,Devices/[DemoWWTP]/Controller:Global/CC602_AI.Scaled,,Float
0,Devices/[DemoWWTP]/Controller:Global/CC602_AI.PV,,Float
0,Devices/[DemoWWTP]/Controller:Global/CC602_AI.AvgCntSP,,Int32
0,Devices/[DemoWWTP]/Controller:Global/CC602_AI.ResetPB,,Boolean
0,Devices/[DemoWWTP]/Controller:Global/CC602_AI.HiHi_En,,Boolean
0,Devices/[DemoWWTP]/Controller:Global/CC602_AI.Hi_En,,Boolean
0,Devices/[DemoWWTP]/Controller:Global/CC602_AI.Lo_En,,Boolean
0,Devices/[DemoWWTP]/Controller:Global/CC602_AI.LoLo_En,,Boolean
0,Devices/[DemoWWTP]/Controller:Global/CC602_AI.HiHi_ASP,,Float
0,Devices/[DemoWWTP]/Controller:Global/CC602_AI.Hi_ASP,,Float
0,Devices/[DemoWWTP]/Controller:Global/CC602_AI.Lo_ASP,,Float
0,Devices/[DemoWWTP]/Controller:Global/CC602_AI.LoLo_ASP,,Float
0,Devices/[DemoWWTP]/Controller:Global/CC602_AI.TxFlt_Time,,Float
0,Devices/[DemoWWTP]/Controller:Global/CC602_AI.HiHi_Time,,Float
0,Devices/[DemoWWTP]/Controller:Global/CC602_AI.Hi_Time,,Float
0,Devices/[DemoWWTP]/Controller:Global/CC602_AI.Lo_Time,,Float
0,Devices/[DemoWWTP]/Controller:Global/CC602_AI.LoLo_Time,,Float
0,Devices/[DemoWWTP]/Controller:Global/CC602_AI.Avail,,Boolean
0,Devices/[DemoWWTP]/Controller:Global/CC602_AI.Alarms,,Int16
0,Devices/[DemoWWTP]/Controller:Global/CC602_AI.Fault,,Boolean
0,Devices/[DemoWWTP]/Controller:Global/CC602_AI.TxFlt,,Boolean
0,Devices/[DemoWWTP]/Controller:Global/CC602_AI.HiHi,,Boolean
0,Devices/[DemoWWTP]/Controller:Global/CC602_AI.Hi,,Boolean
0,Devices/[DemoWWTP]/Controller:Global/CC602_AI.Lo,,Boolean
0,Devices/[DemoWWTP]/Controller:Global/CC602_AI.LoLo,,Boolean
0,Devices/[DemoWWTP]/Controller:Global/CC602_AI.FQ_Wrn,,Boolean
0,Devices/[DemoWWTP]/Controller:Global/CC602_AI.Sim_Alm_En,,Boolean
0,Devices/[DemoWWTP]/Controller:Global/CC602_AI.ExtReset,,Boolean
0,Devices/[DemoWWTP]/Controller:Global/CC602_AI.Latch_Time,,Float
0,Devices/[DemoWWTP]/Controller:Global/CC602_AI.RecordStats,,Boolean
0,Devices/[DemoWWTP]/Controller:Global/CC602_AI.ResetStats,,Boolean
0,Devices/[DemoWWTP]/Controller:Global/CC602_AI.RecMin,,Float
0,Devices/[DemoWWTP]/Controller:Global/CC602_AI.RecMax,,Float
0,Devices/[DemoWWTP]/Controller:Global/CC602_AI.RecAvg,,Float
0,Devices/[DemoWWTP]/Controller:Global/CC602_AI.RecMinPrev,,Float
0,Devices/[DemoWWTP]/Controller:Global/CC602_AI.RecMaxPrev,,Float
0,Devices/[DemoWWTP]/Controller:Global/CC602_AI.RecAvgPrev,,Float
0,Devices/[DemoWWTP]/Controller:Global/CHEMICAL_DOSE_COMPLETE,,Boolean
0,Devices/[DemoWWTP]/Controller:Global/CIP_AT_TEMPERATURE,,Boolean
0,Devices/[DemoWWTP]/Controller:Global/CIP_DRAIN_RUNON_T.DN,,Boolean
0,Devices/[DemoWWTP]/Controller:Global/CIP_DRAIN_RUNON_T.EN,,Boolean
0,Devices/[DemoWWTP]/Controller:Global/CIP_DRAIN_RUNON_T.TT,,Boolean
0,Devices/[DemoWWTP]/Controller:Global/CIP_DRAIN_RUNON_T.PRE,,Int32
0,Devices/[DemoWWTP]/Controller:Global/CIP_DRAIN_RUNON_T.ACC,,Int32
0,Devices/[DemoWWTP]/Controller:Global/CIP_DRAIN_RUNON_T_SP,,Int32
0,Devices/[DemoWWTP]/Controller:Global/CIP_FILL,,Boolean
0,Devices/[DemoWWTP]/Controller:Global/CIP_FILL_CONFIRM.DN,,Boolean
0,Devices/[DemoWWTP]/Controller:Global/CIP_FILL_CONFIRM.EN,,Boolean
0,Devices/[DemoWWTP]/Controller:Global/CIP_FILL_CONFIRM.TT,,Boolean
0,Devices/[DemoWWTP]/Controller:Global/CIP_FILL_CONFIRM.PRE,,Int32
0,Devices/[DemoWWTP]/Controller:Global/CIP_FILL_CONFIRM.ACC,,Int32
0,Devices/[DemoWWTP]/Controller:Global/CIP_FILL_TARGET_LEVEL,,Float
0,Devices/[DemoWWTP]/Controller:Global/CIP_FILL_VOLUME_SP,,Int32
0,Devices/[DemoWWTP]/Controller:Global/CIP_NEUTRAL,,Boolean
0,Devices/[DemoWWTP]/Controller:Global/CIP_NEUTRAL_HRH_SP,,Float
0,Devices/[DemoWWTP]/Controller:Global/CIP_NEUTRAL_HRL_SP,,Int32
0,Devices/[DemoWWTP]/Controller:Global/CIP_NEUTRAL_HSP,,Float
0,Devices/[DemoWWTP]/Controller:Global/CIP_NEUTRAL_LRH_SP,,Int32
0,Devices/[DemoWWTP]/Controller:Global/CIP_NEUTRAL_LRL_SP,,Float
0,Devices/[DemoWWTP]/Controller:Global/CIP_NEUTRAL_LSP,,Int32
0,Devices/[DemoWWTP]/Controller:Global/CIP_NEUTRAL_RUN_CAUSTIC,,Boolean
0,Devices/[DemoWWTP]/Controller:Global/CIP_NEUTRAL_RUN_CITRIC,,Boolean
0,Devices/[DemoWWTP]/Controller:Global/CIP_NEUTRAL_T.DN,,Boolean
0,Devices/[DemoWWTP]/Controller:Global/CIP_NEUTRAL_T.EN,,Boolean
0,Devices/[DemoWWTP]/Controller:Global/CIP_NEUTRAL_T.TT,,Boolean
0,Devices/[DemoWWTP]/Controller:Global/CIP_NEUTRAL_T.PRE,,Int32
0,Devices/[DemoWWTP]/Controller:Global/CIP_NEUTRAL_T.ACC,,Int32
0,Devices/[DemoWWTP]/Controller:Global/CIP_NEUTRAL_T_SP,,Int32
0,Devices/[DemoWWTP]/Controller:Global/CIP_TANK_DIAMETER_SP,,Float
0,Devices/[DemoWWTP]/Controller:Global/CIP_TANK_HEAT_HI_SP,,Float
0,Devices/[DemoWWTP]/Controller:Global/CIP_TANK_HEAT_LOW_SP,,Float
0,Devices/[DemoWWTP]/Controller:Global/CIP_TANK_RADIUS,,Float
0,Devices/[DemoWWTP]/Controller:Global/CL601_AI.EnableIn,,Boolean
0,Devices/[DemoWWTP]/Controller:Global/CL601_AI.EnableOut,,Boolean
0,Devices/[DemoWWTP]/Controller:Global/CL601_AI.Raw,,Int16
0,Devices/[DemoWWTP]/Controller:Global/CL601_AI.RawMin,,Int16
0,Devices/[DemoWWTP]/Controller:Global/CL601_AI.RawMax,,Int16
0,Devices/[DemoWWTP]/Controller:Global/CL601_AI.EngMin,,Float
0,Devices/[DemoWWTP]/Controller:Global/CL601_AI.EngMax,,Float
0,Devices/[DemoWWTP]/Controller:Global/CL601_AI.AI_Ext,,Boolean
0,Devices/[DemoWWTP]/Controller:Global/CL601_AI.AI_En,,Boolean
0,Devices/[DemoWWTP]/Controller:Global/CL601_AI.Sim,,Boolean
0,Devices/[DemoWWTP]/Controller:Global/CL601_AI.Reset,,Boolean
0,Devices/[DemoWWTP]/Controller:Global/CL601_AI.Scaled,,Float
0,Devices/[DemoWWTP]/Controller:Global/CL601_AI.PV,,Float
0,Devices/[DemoWWTP]/Controller:Global/CL601_AI.AvgCntSP,,Int32
0,Devices/[DemoWWTP]/Controller:Global/CL601_AI.ResetPB,,Boolean
0,Devices/[DemoWWTP]/Controller:Global/CL601_AI.HiHi_En,,Boolean
0,Devices/[DemoWWTP]/Controller:Global/CL601_AI.Hi_En,,Boolean
0,Devices/[DemoWWTP]/Controller:Global/CL601_AI.Lo_En,,Boolean
0,Devices/[DemoWWTP]/Controller:Global/CL601_AI.LoLo_En,,Boolean
0,Devices/[DemoWWTP]/Controller:Global/CL601_AI.HiHi_ASP,,Float
0,Devices/[DemoWWTP]/Controller:Global/CL601_AI.Hi_ASP,,Float
0,Devices/[DemoWWTP]/Controller:Global/CL601_AI.Lo_ASP,,Float
0,Devices/[DemoWWTP]/Controller:Global/CL601_AI.LoLo_ASP,,Float
0,Devices/[DemoWWTP]/Controller:Global/CL601_AI.TxFlt_Time,,Float
0,Devices/[DemoWWTP]/Controller:Global/CL601_AI.HiHi_Time,,Float
0,Devices/[DemoWWTP]/Controller:Global/CL601_AI.Hi_Time,,Float
0,Devices/[DemoWWTP]/Controller:Global/CL601_AI.Lo_Time,,Float
0,Devices/[DemoWWTP]/Controller:Global/CL601_AI.LoLo_Time,,Float
0,Devices/[DemoWWTP]/Controller:Global/CL601_AI.Avail,,Boolean
0,Devices/[DemoWWTP]/Controller:Global/CL601_AI.Alarms,,Int16
0,Devices/[DemoWWTP]/Controller:Global/CL601_AI.Fault,,Boolean
0,Devices/[DemoWWTP]/Controller:Global/CL601_AI.TxFlt,,Boolean
0,Devices/[DemoWWTP]/Controller:Global/CL601_AI.HiHi,,Boolean
0,Devices/[DemoWWTP]/Controller:Global/CL601_AI.Hi,,Boolean
0,Devices/[DemoWWTP]/Controller:Global/CL601_AI.Lo,,Boolean
0,Devices/[DemoWWTP]/Controller:Global/CL601_AI.LoLo,,Boolean
0,Devices/[DemoWWTP]/Controller:Global/CL601_AI.FQ_Wrn,,Boolean
0,Devices/[DemoWWTP]/Controller:Global/CL601_AI.Sim_Alm_En,,Boolean
0,Devices/[DemoWWTP]/Controller:Global/CL601_AI.ExtReset,,Boolean
0,Devices/[DemoWWTP]/Controller:Global/CL601_AI.Latch_Time,,Float
0,Devices/[DemoWWTP]/Controller:Global/CL601_AI.RecordStats,,Boolean
0,Devices/[DemoWWTP]/Controller:Global/CL601_AI.ResetStats,,Boolean
0,Devices/[DemoWWTP]/Controller:Global/CL601_AI.RecMin,,Float
0,Devices/[DemoWWTP]/Controller:Global/CL601_AI.RecMax,,Float
0,Devices/[DemoWWTP]/Controller:Global/CL601_AI.RecAvg,,Float
0,Devices/[DemoWWTP]/Controller:Global/CL601_AI.RecMinPrev,,Float
0,Devices/[DemoWWTP]/Controller:Global/CL601_AI.RecMaxPrev,,Float
0,Devices/[DemoWWTP]/Controller:Global/CL601_AI.RecAvgPrev,,Float
0,Devices/[DemoWWTP]/Controller:Global/CST401.EnableIn,,Boolean
0,Devices/[DemoWWTP]/Controller:Global/CST401.EnableOut,,Boolean
0,Devices/[DemoWWTP]/Controller:Global/CST401.INPUT_PV,,Float
0,Devices/[DemoWWTP]/Controller:Global/CST401.OWL_SP,,Int32
0,Devices/[DemoWWTP]/Controller:Global/CST401.HWL_SP,,Int32
0,Devices/[DemoWWTP]/Controller:Global/CST401.MWL_SP,,Int32
0,Devices/[DemoWWTP]/Controller:Global/CST401.LWL_SP,,Int32
0,Devices/[DemoWWTP]/Controller:Global/CST401.XWL_SP,,Int32
0,Devices/[DemoWWTP]/Controller:Global/CST401.TWL_SP,,Int32
0,Devices/[DemoWWTP]/Controller:Global/CST401.OWL_OUT,,Boolean
0,Devices/[DemoWWTP]/Controller:Global/CST401.HWL_OUT,,Boolean
0,Devices/[DemoWWTP]/Controller:Global/CST401.MWL_OUT,,Boolean
0,Devices/[DemoWWTP]/Controller:Global/CST401.LWL_OUT,,Boolean
0,Devices/[DemoWWTP]/Controller:Global/CST401.XWL_OUT,,Boolean
0,Devices/[DemoWWTP]/Controller:Global/CST401.TWL_OUT,,Boolean
0,Devices/[DemoWWTP]/Controller:Global/CST401.TANK_DIAMETER,,Float
0,Devices/[DemoWWTP]/Controller:Global/CST401.TANK_HEIGHT,,Float
0,Devices/[DemoWWTP]/Controller:Global/CST401.ERROR,,Boolean
0,Devices/[DemoWWTP]/Controller:Global/CST401.TANK_AREA_OUT,,Int32
0,Devices/[DemoWWTP]/Controller:Global/CST401.CURRENT_VOLUME_TOTAL_OUT,,Int32
0,Devices/[DemoWWTP]/Controller:Global/CST401.VOLUME_ABOVE_LWL_OUT,,Int32
0,Devices/[DemoWWTP]/Controller:Global/CST401.VOLUME_BELOW_HWL_OUT,,Int32
0,Devices/[DemoWWTP]/Controller:Global/CST401.FILL_PERCENTAGE_OUT,,Int32
0,Devices/[DemoWWTP]/Controller:Global/CST402.EnableIn,,Boolean
0,Devices/[DemoWWTP]/Controller:Global/CST402.EnableOut,,Boolean
0,Devices/[DemoWWTP]/Controller:Global/CST402.INPUT_PV,,Float
0,Devices/[DemoWWTP]/Controller:Global/CST402.OWL_SP,,Int32
0,Devices/[DemoWWTP]/Controller:Global/CST402.HWL_SP,,Int32
0,Devices/[DemoWWTP]/Controller:Global/CST402.MWL_SP,,Int32
0,Devices/[DemoWWTP]/Controller:Global/CST402.LWL_SP,,Int32
0,Devices/[DemoWWTP]/Controller:Global/CST402.XWL_SP,,Int32
0,Devices/[DemoWWTP]/Controller:Global/CST402.TWL_SP,,Int32
0,Devices/[DemoWWTP]/Controller:Global/CST402.OWL_OUT,,Boolean
0,Devices/[DemoWWTP]/Controller:Global/CST402.HWL_OUT,,Boolean
0,Devices/[DemoWWTP]/Controller:Global/CST402.MWL_OUT,,Boolean
0,Devices/[DemoWWTP]/Controller:Global/CST402.LWL_OUT,,Boolean
0,Devices/[DemoWWTP]/Controller:Global/CST402.XWL_OUT,,Boolean
0,Devices/[DemoWWTP]/Controller:Global/CST402.TWL_OUT,,Boolean
0,Devices/[DemoWWTP]/Controller:Global/CST402.TANK_DIAMETER,,Float
0,Devices/[DemoWWTP]/Controller:Global/CST402.TANK_HEIGHT,,Float
0,Devices/[DemoWWTP]/Controller:Global/CST402.ERROR,,Boolean
0,Devices/[DemoWWTP]/Controller:Global/CST402.TANK_AREA_OUT,,Int32
0,Devices/[DemoWWTP]/Controller:Global/CST402.CURRENT_VOLUME_TOTAL_OUT,,Int32
0,Devices/[DemoWWTP]/Controller:Global/CST402.VOLUME_ABOVE_LWL_OUT,,Int32
0,Devices/[DemoWWTP]/Controller:Global/CST402.VOLUME_BELOW_HWL_OUT,,Int32
0,Devices/[DemoWWTP]/Controller:Global/CST402.FILL_PERCENTAGE_OUT,,Int32
0,Devices/[DemoWWTP]/Controller:Global/CST403.EnableIn,,Boolean
0,Devices/[DemoWWTP]/Controller:Global/CST403.EnableOut,,Boolean
0,Devices/[DemoWWTP]/Controller:Global/CST403.INPUT_PV,,Float
0,Devices/[DemoWWTP]/Controller:Global/CST403.OWL_SP,,Int32
0,Devices/[DemoWWTP]/Controller:Global/CST403.HWL_SP,,Int32
0,Devices/[DemoWWTP]/Controller:Global/CST403.MWL_SP,,Int32
0,Devices/[DemoWWTP]/Controller:Global/CST403.LWL_SP,,Int32
0,Devices/[DemoWWTP]/Controller:Global/CST403.XWL_SP,,Int32
0,Devices/[DemoWWTP]/Controller:Global/CST403.TWL_SP,,Int32
0,Devices/[DemoWWTP]/Controller:Global/CST403.OWL_OUT,,Boolean
0,Devices/[DemoWWTP]/Controller:Global/CST403.HWL_OUT,,Boolean
0,Devices/[DemoWWTP]/Controller:Global/CST403.MWL_OUT,,Boolean
0,Devices/[DemoWWTP]/Controller:Global/CST403.LWL_OUT,,Boolean
0,Devices/[DemoWWTP]/Controller:Global/CST403.XWL_OUT,,Boolean
0,Devices/[DemoWWTP]/Controller:Global/CST403.TWL_OUT,,Boolean
0,Devices/[DemoWWTP]/Controller:Global/CST403.TANK_DIAMETER,,Float
0,Devices/[DemoWWTP]/Controller:Global/CST403.TANK_HEIGHT,,Float
0,Devices/[DemoWWTP]/Controller:Global/CST403.ERROR,,Boolean
0,Devices/[DemoWWTP]/Controller:Global/CST403.TANK_AREA_OUT,,Int32
0,Devices/[DemoWWTP]/Controller:Global/CST403.CURRENT_VOLUME_TOTAL_OUT,,Int32
0,Devices/[DemoWWTP]/Controller:Global/CST403.VOLUME_ABOVE_LWL_OUT,,Int32
0,Devices/[DemoWWTP]/Controller:Global/CST403.VOLUME_BELOW_HWL_OUT,,Int32
0,Devices/[DemoWWTP]/Controller:Global/CST403.FILL_PERCENTAGE_OUT,,Int32
0,Devices/[DemoWWTP]/Controller:Global/CT501.EnableIn,,Boolean
0,Devices/[DemoWWTP]/Controller:Global/CT501.EnableOut,,Boolean
0,Devices/[DemoWWTP]/Controller:Global/CT501.INPUT_PV,,Float
0,Devices/[DemoWWTP]/Controller:Global/CT501.OWL_SP,,Int32
0,Devices/[DemoWWTP]/Controller:Global/CT501.HWL_SP,,Int32
0,Devices/[DemoWWTP]/Controller:Global/CT501.MWL_SP,,Int32
0,Devices/[DemoWWTP]/Controller:Global/CT501.LWL_SP,,Int32
0,Devices/[DemoWWTP]/Controller:Global/CT501.XWL_SP,,Int32
0,Devices/[DemoWWTP]/Controller:Global/CT501.TWL_SP,,Int32
0,Devices/[DemoWWTP]/Controller:Global/CT501.OWL_OUT,,Boolean
0,Devices/[DemoWWTP]/Controller:Global/CT501.HWL_OUT,,Boolean
0,Devices/[DemoWWTP]/Controller:Global/CT501.MWL_OUT,,Boolean
0,Devices/[DemoWWTP]/Controller:Global/CT501.LWL_OUT,,Boolean
0,Devices/[DemoWWTP]/Controller:Global/CT501.XWL_OUT,,Boolean
0,Devices/[DemoWWTP]/Controller:Global/CT501.TWL_OUT,,Boolean
0,Devices/[DemoWWTP]/Controller:Global/CT501.TANK_DIAMETER,,Float
0,Devices/[DemoWWTP]/Controller:Global/CT501.TANK_HEIGHT,,Float
0,Devices/[DemoWWTP]/Controller:Global/CT501.ERROR,,Boolean
0,Devices/[DemoWWTP]/Controller:Global/CT501.TANK_AREA_OUT,,Int32
0,Devices/[DemoWWTP]/Controller:Global/CT501.CURRENT_VOLUME_TOTAL_OUT,,Int32
0,Devices/[DemoWWTP]/Controller:Global/CT501.VOLUME_ABOVE_LWL_OUT,,Int32
0,Devices/[DemoWWTP]/Controller:Global/CT501.VOLUME_BELOW_HWL_OUT,,Int32
0,Devices/[DemoWWTP]/Controller:Global/CT501.FILL_PERCENTAGE_OUT,,Int32
0,Devices/[DemoWWTP]/Controller:Global/CT501_LWL_EPT.DN,,Boolean
0,Devices/[DemoWWTP]/Controller:Global/CT501_LWL_EPT.EN,,Boolean
0,Devices/[DemoWWTP]/Controller:Global/CT501_LWL_EPT.TT,,Boolean
0,Devices/[DemoWWTP]/Controller:Global/CT501_LWL_EPT.PRE,,Int32
0,Devices/[DemoWWTP]/Controller:Global/CT501_LWL_EPT.ACC,,Int32
0,Devices/[DemoWWTP]/Controller:Global/DECANT_FLUSH_DURATION.DN,,Boolean
0,Devices/[DemoWWTP]/Controller:Global/DECANT_FLUSH_DURATION.EN,,Boolean
0,Devices/[DemoWWTP]/Controller:Global/DECANT_FLUSH_DURATION.TT,,Boolean
0,Devices/[DemoWWTP]/Controller:Global/DECANT_FLUSH_DURATION.PRE,,Int32
0,Devices/[DemoWWTP]/Controller:Global/DECANT_FLUSH_DURATION.ACC,,Int32
0,Devices/[DemoWWTP]/Controller:Global/DECANT_TK_DIAMETER,,Int32
0,Devices/[DemoWWTP]/Controller:Global/DF301.EnableIn,,Boolean
0,Devices/[DemoWWTP]/Controller:Global/DF301.EnableOut,,Boolean
0,Devices/[DemoWWTP]/Controller:Global/DF301.DP_SWITCH,,Boolean
0,Devices/[DemoWWTP]/Controller:Global/DF301.DP_SWITCH_EN,,Boolean
0,Devices/[DemoWWTP]/Controller:Global/DF301.FLOW_SWITCH_EN,,Boolean
0,Devices/[DemoWWTP]/Controller:Global/DF301.FLOW_SWITCH,,Boolean
0,Devices/[DemoWWTP]/Controller:Global/DF301.BWASH_REQpb,,Boolean
0,Devices/[DemoWWTP]/Controller:Global/DF301.RESET,,Boolean
0,Devices/[DemoWWTP]/Controller:Global/DF301.PST_EN,,Boolean
0,Devices/[DemoWWTP]/Controller:Global/DF301.UPSTREAM_PST,,Float
0,Devices/[DemoWWTP]/Controller:Global/DF301.DOWNSTREAM_PST,,Float
0,Devices/[DemoWWTP]/Controller:Global/DF301.NO_OF_PODS,,Int32
0,Devices/[DemoWWTP]/Controller:Global/DF301.POD_DURATION_SP,,Int32
0,Devices/[DemoWWTP]/Controller:Global/DF301.POD_INTERVAL_SP,,Int32
0,Devices/[DemoWWTP]/Controller:Global/DF301.FILTER_INTERVAL_SP,,Int32
0,Devices/[DemoWWTP]/Controller:Global/DF301.FLOW_CONFIRM_SP,,Int32
0,Devices/[DemoWWTP]/Controller:Global/DF301.BWASH_HR_CNT_ACC_SP,,Int32
0,Devices/[DemoWWTP]/Controller:Global/DF301.BWASH_HALFHR_CNT_ACC_SP,,Int32
0,Devices/[DemoWWTP]/Controller:Global/DF301.PUMP1_RUNNING,,Boolean
0,Devices/[DemoWWTP]/Controller:Global/DF301.PUMP2_RUNNING,,Boolean
0,Devices/[DemoWWTP]/Controller:Global/DF301.START_OF_MINUTE,,Boolean
0,Devices/[DemoWWTP]/Controller:Global/DF301.FILTRATION_BYPASS_ACTIVE,,Boolean
0,Devices/[DemoWWTP]/Controller:Global/DF301.MINS_TILL_NEXT_BWASH,,Int32
0,Devices/[DemoWWTP]/Controller:Global/DF301.SECONDS_REMAIN,,Int32
0,Devices/[DemoWWTP]/Controller:Global/DF301.TRIGGER,,Boolean
0,Devices/[DemoWWTP]/Controller:Global/DF301.PSV_OUT,,Boolean
0,Devices/[DemoWWTP]/Controller:Global/DF301.BWASH_FLOW_FAULT,,Boolean
0,Devices/[DemoWWTP]/Controller:Global/DF301.BWASH_WARNING,,Boolean
0,Devices/[DemoWWTP]/Controller:Global/DF301.SYS_FAULT,,Boolean
0,Devices/[DemoWWTP]/Controller:Global/DF301.POD1_OUT,,Boolean
0,Devices/[DemoWWTP]/Controller:Global/DF301.POD2_OUT,,Boolean
0,Devices/[DemoWWTP]/Controller:Global/DF301.POD3_OUT,,Boolean
0,Devices/[DemoWWTP]/Controller:Global/DF301.POD4_OUT,,Boolean
0,Devices/[DemoWWTP]/Controller:Global/DF301.POD5_OUT,,Boolean
0,Devices/[DemoWWTP]/Controller:Global/DF301.POD6_OUT,,Boolean
0,Devices/[DemoWWTP]/Controller:Global/DF301.FILTER_DP,,Float
0,Devices/[DemoWWTP]/Controller:Global/DF301.FILTER_DP_SP,,Float
0,Devices/[DemoWWTP]/Controller:Global/DF301.START_DELAY_SP,,Int32
0,Devices/[DemoWWTP]/Controller:Global/DF301.DP_CONFIRM_SP,,Int32
0,Devices/[DemoWWTP]/Controller:Global/DF301.INTERLOCK,,Boolean
0,Devices/[DemoWWTP]/Controller:Global/DF301.INTERNAL_POD_CNT,,Int32
0,Devices/[DemoWWTP]/Controller:Global/DF301.ACTIVE_POD,,Int32
0,Devices/[DemoWWTP]/Controller:Global/DF301.POD_INDEX,,Int32
0,Devices/[DemoWWTP]/Controller:Global/DF301.Hour,,Int32
0,Devices/[DemoWWTP]/Controller:Global/DF301.Min,,Int32
0,Devices/[DemoWWTP]/Controller:Global/DF301.STARTS,,Int32
0,Devices/[DemoWWTP]/Controller:Global/DF301.POD_WASH_ACTIVE,,Boolean
0,Devices/[DemoWWTP]/Controller:Global/DF301.STATUS,,Int32
0,Devices/[DemoWWTP]/Controller:Global/DF301_P1.EnableIn,,Boolean
0,Devices/[DemoWWTP]/Controller:Global/DF301_P1.EnableOut,,Boolean
0,Devices/[DemoWWTP]/Controller:Global/DF301_P1.OpnFb,,Boolean
0,Devices/[DemoWWTP]/Controller:Global/DF301_P1.OpnFbEn,,Boolean
0,Devices/[DemoWWTP]/Controller:Global/DF301_P1.ClsFb,,Boolean
0,Devices/[DemoWWTP]/Controller:Global/DF301_P1.ClsFbEn,,Boolean
0,Devices/[DemoWWTP]/Controller:Global/DF301_P1.ESt_OK,,Boolean
0,Devices/[DemoWWTP]/Controller:Global/DF301_P1.Reset,,Boolean
0,Devices/[DemoWWTP]/Controller:Global/DF301_P1.RESET_AUTO_EN,,Boolean
0,Devices/[DemoWWTP]/Controller:Global/DF301_P1.RESET_AUTO_SP,,Int32
0,Devices/[DemoWWTP]/Controller:Global/DF301_P1.Sim,,Boolean
0,Devices/[DemoWWTP]/Controller:Global/DF301_P1.Alarms,,Int16
0,Devices/[DemoWWTP]/Controller:Global/DF301_P1.Man,,Boolean
0,Devices/[DemoWWTP]/Controller:Global/DF301_P1.AutoOpen,,Boolean
0,Devices/[DemoWWTP]/Controller:Global/DF301_P1.Manual_Open,,Boolean
0,Devices/[DemoWWTP]/Controller:Global/DF301_P1.ResetPB,,Boolean
0,Devices/[DemoWWTP]/Controller:Global/DF301_P1.IL_Open,,Boolean
0,Devices/[DemoWWTP]/Controller:Global/DF301_P1.IL_Close,,Boolean
0,Devices/[DemoWWTP]/Controller:Global/DF301_P1.OpenPB,,Boolean
0,Devices/[DemoWWTP]/Controller:Global/DF301_P1.ClosePB,,Boolean
0,Devices/[DemoWWTP]/Controller:Global/DF301_P1.Sts,,Int32
0,Devices/[DemoWWTP]/Controller:Global/DF301_P1.Opened,,Boolean
0,Devices/[DemoWWTP]/Controller:Global/DF301_P1.Closed,,Boolean
0,Devices/[DemoWWTP]/Controller:Global/DF301_P1.Fault,,Boolean
0,Devices/[DemoWWTP]/Controller:Global/DF301_P1.Avail,,Boolean
0,Devices/[DemoWWTP]/Controller:Global/DF301_P1.OpenTime,,Float
0,Devices/[DemoWWTP]/Controller:Global/DF301_P1.CloseTime,,Float
0,Devices/[DemoWWTP]/Controller:Global/DF301_P1.Open_WD,,Float
0,Devices/[DemoWWTP]/Controller:Global/DF301_P1.Close_WD,,Float
0,Devices/[DemoWWTP]/Controller:Global/DF301_P1.OpenDel_SP,,Float
0,Devices/[DemoWWTP]/Controller:Global/DF301_P1.ClosedDel_SP,,Float
0,Devices/[DemoWWTP]/Controller:Global/DF301_P1.OpenDel,,Boolean
0,Devices/[DemoWWTP]/Controller:Global/DF301_P1.ClosedDel,,Boolean
0,Devices/[DemoWWTP]/Controller:Global/DF301_P1.Opn_FLT,,Boolean
0,Devices/[DemoWWTP]/Controller:Global/DF301_P1.Cls_FLT,,Boolean
0,Devices/[DemoWWTP]/Controller:Global/DF301_P1.FB_FLT,,Boolean
0,Devices/[DemoWWTP]/Controller:Global/DF301_P1.RETRY_EN,,Boolean
0,Devices/[DemoWWTP]/Controller:Global/DF301_P1.OPENS,,Int32
0,Devices/[DemoWWTP]/Controller:Global/DF301_P1.HOUR,,Int32
0,Devices/[DemoWWTP]/Controller:Global/DF301_P1.MIN,,Int32
0,Devices/[DemoWWTP]/Controller:Global/DF301_P1.Opn_En,,Boolean
0,Devices/[DemoWWTP]/Controller:Global/DF301_P2.EnableIn,,Boolean
0,Devices/[DemoWWTP]/Controller:Global/DF301_P2.EnableOut,,Boolean
0,Devices/[DemoWWTP]/Controller:Global/DF301_P2.OpnFb,,Boolean
0,Devices/[DemoWWTP]/Controller:Global/DF301_P2.OpnFbEn,,Boolean
0,Devices/[DemoWWTP]/Controller:Global/DF301_P2.ClsFb,,Boolean
0,Devices/[DemoWWTP]/Controller:Global/DF301_P2.ClsFbEn,,Boolean
0,Devices/[DemoWWTP]/Controller:Global/DF301_P2.ESt_OK,,Boolean
0,Devices/[DemoWWTP]/Controller:Global/DF301_P2.Reset,,Boolean
0,Devices/[DemoWWTP]/Controller:Global/DF301_P2.RESET_AUTO_EN,,Boolean
0,Devices/[DemoWWTP]/Controller:Global/DF301_P2.RESET_AUTO_SP,,Int32
0,Devices/[DemoWWTP]/Controller:Global/DF301_P2.Sim,,Boolean
0,Devices/[DemoWWTP]/Controller:Global/DF301_P2.Alarms,,Int16
0,Devices/[DemoWWTP]/Controller:Global/DF301_P2.Man,,Boolean
0,Devices/[DemoWWTP]/Controller:Global/DF301_P2.AutoOpen,,Boolean
0,Devices/[DemoWWTP]/Controller:Global/DF301_P2.Manual_Open,,Boolean
0,Devices/[DemoWWTP]/Controller:Global/DF301_P2.ResetPB,,Boolean
0,Devices/[DemoWWTP]/Controller:Global/DF301_P2.IL_Open,,Boolean
0,Devices/[DemoWWTP]/Controller:Global/DF301_P2.IL_Close,,Boolean
0,Devices/[DemoWWTP]/Controller:Global/DF301_P2.OpenPB,,Boolean
0,Devices/[DemoWWTP]/Controller:Global/DF301_P2.ClosePB,,Boolean
0,Devices/[DemoWWTP]/Controller:Global/DF301_P2.Sts,,Int32
0,Devices/[DemoWWTP]/Controller:Global/DF301_P2.Opened,,Boolean
0,Devices/[DemoWWTP]/Controller:Global/DF301_P2.Closed,,Boolean
0,Devices/[DemoWWTP]/Controller:Global/DF301_P2.Fault,,Boolean
0,Devices/[DemoWWTP]/Controller:Global/DF301_P2.Avail,,Boolean
0,Devices/[DemoWWTP]/Controller:Global/DF301_P2.OpenTime,,Float
0,Devices/[DemoWWTP]/Controller:Global/DF301_P2.CloseTime,,Float
0,Devices/[DemoWWTP]/Controller:Global/DF301_P2.Open_WD,,Float
0,Devices/[DemoWWTP]/Controller:Global/DF301_P2.Close_WD,,Float
0,Devices/[DemoWWTP]/Controller:Global/DF301_P2.OpenDel_SP,,Float
0,Devices/[DemoWWTP]/Controller:Global/DF301_P2.ClosedDel_SP,,Float
0,Devices/[DemoWWTP]/Controller:Global/DF301_P2.OpenDel,,Boolean
0,Devices/[DemoWWTP]/Controller:Global/DF301_P2.ClosedDel,,Boolean
0,Devices/[DemoWWTP]/Controller:Global/DF301_P2.Opn_FLT,,Boolean
0,Devices/[DemoWWTP]/Controller:Global/DF301_P2.Cls_FLT,,Boolean
0,Devices/[DemoWWTP]/Controller:Global/DF301_P2.FB_FLT,,Boolean
0,Devices/[DemoWWTP]/Controller:Global/DF301_P2.RETRY_EN,,Boolean
0,Devices/[DemoWWTP]/Controller:Global/DF301_P2.OPENS,,Int32
0,Devices/[DemoWWTP]/Controller:Global/DF301_P2.HOUR,,Int32
0,Devices/[DemoWWTP]/Controller:Global/DF301_P2.MIN,,Int32
0,Devices/[DemoWWTP]/Controller:Global/DF301_P2.Opn_En,,Boolean
0,Devices/[DemoWWTP]/Controller:Global/DF301_P3.EnableIn,,Boolean
0,Devices/[DemoWWTP]/Controller:Global/DF301_P3.EnableOut,,Boolean
0,Devices/[DemoWWTP]/Controller:Global/DF301_P3.OpnFb,,Boolean
0,Devices/[DemoWWTP]/Controller:Global/DF301_P3.OpnFbEn,,Boolean
0,Devices/[DemoWWTP]/Controller:Global/DF301_P3.ClsFb,,Boolean
0,Devices/[DemoWWTP]/Controller:Global/DF301_P3.ClsFbEn,,Boolean
0,Devices/[DemoWWTP]/Controller:Global/DF301_P3.ESt_OK,,Boolean
0,Devices/[DemoWWTP]/Controller:Global/DF301_P3.Reset,,Boolean
0,Devices/[DemoWWTP]/Controller:Global/DF301_P3.RESET_AUTO_EN,,Boolean
0,Devices/[DemoWWTP]/Controller:Global/DF301_P3.RESET_AUTO_SP,,Int32
0,Devices/[DemoWWTP]/Controller:Global/DF301_P3.Sim,,Boolean
0,Devices/[DemoWWTP]/Controller:Global/DF301_P3.Alarms,,Int16
0,Devices/[DemoWWTP]/Controller:Global/DF301_P3.Man,,Boolean
0,Devices/[DemoWWTP]/Controller:Global/DF301_P3.AutoOpen,,Boolean
0,Devices/[DemoWWTP]/Controller:Global/DF301_P3.Manual_Open,,Boolean
0,Devices/[DemoWWTP]/Controller:Global/DF301_P3.ResetPB,,Boolean
0,Devices/[DemoWWTP]/Controller:Global/DF301_P3.IL_Open,,Boolean
0,Devices/[DemoWWTP]/Controller:Global/DF301_P3.IL_Close,,Boolean
0,Devices/[DemoWWTP]/Controller:Global/DF301_P3.OpenPB,,Boolean
0,Devices/[DemoWWTP]/Controller:Global/DF301_P3.ClosePB,,Boolean
0,Devices/[DemoWWTP]/Controller:Global/DF301_P3.Sts,,Int32
0,Devices/[DemoWWTP]/Controller:Global/DF301_P3.Opened,,Boolean
0,Devices/[DemoWWTP]/Controller:Global/DF301_P3.Closed,,Boolean
0,Devices/[DemoWWTP]/Controller:Global/DF301_P3.Fault,,Boolean
0,Devices/[DemoWWTP]/Controller:Global/DF301_P3.Avail,,Boolean
0,Devices/[DemoWWTP]/Controller:Global/DF301_P3.OpenTime,,Float
0,Devices/[DemoWWTP]/Controller:Global/DF301_P3.CloseTime,,Float
0,Devices/[DemoWWTP]/Controller:Global/DF301_P3.Open_WD,,Float
0,Devices/[DemoWWTP]/Controller:Global/DF301_P3.Close_WD,,Float
0,Devices/[DemoWWTP]/Controller:Global/DF301_P3.OpenDel_SP,,Float
0,Devices/[DemoWWTP]/Controller:Global/DF301_P3.ClosedDel_SP,,Float
0,Devices/[DemoWWTP]/Controller:Global/DF301_P3.OpenDel,,Boolean
0,Devices/[DemoWWTP]/Controller:Global/DF301_P3.ClosedDel,,Boolean
0,Devices/[DemoWWTP]/Controller:Global/DF301_P3.Opn_FLT,,Boolean
0,Devices/[DemoWWTP]/Controller:Global/DF301_P3.Cls_FLT,,Boolean
0,Devices/[DemoWWTP]/Controller:Global/DF301_P3.FB_FLT,,Boolean
0,Devices/[DemoWWTP]/Controller:Global/DF301_P3.RETRY_EN,,Boolean
0,Devices/[DemoWWTP]/Controller:Global/DF301_P3.OPENS,,Int32
0,Devices/[DemoWWTP]/Controller:Global/DF301_P3.HOUR,,Int32
0,Devices/[DemoWWTP]/Controller:Global/DF301_P3.MIN,,Int32
0,Devices/[DemoWWTP]/Controller:Global/DF301_P3.Opn_En,,Boolean
0,Devices/[DemoWWTP]/Controller:Global/DF301_P4.EnableIn,,Boolean
0,Devices/[DemoWWTP]/Controller:Global/DF301_P4.EnableOut,,Boolean
0,Devices/[DemoWWTP]/Controller:Global/DF301_P4.OpnFb,,Boolean
0,Devices/[DemoWWTP]/Controller:Global/DF301_P4.OpnFbEn,,Boolean
0,Devices/[DemoWWTP]/Controller:Global/DF301_P4.ClsFb,,Boolean
0,Devices/[DemoWWTP]/Controller:Global/DF301_P4.ClsFbEn,,Boolean
0,Devices/[DemoWWTP]/Controller:Global/DF301_P4.ESt_OK,,Boolean
0,Devices/[DemoWWTP]/Controller:Global/DF301_P4.Reset,,Boolean
0,Devices/[DemoWWTP]/Controller:Global/DF301_P4.RESET_AUTO_EN,,Boolean
0,Devices/[DemoWWTP]/Controller:Global/DF301_P4.RESET_AUTO_SP,,Int32
0,Devices/[DemoWWTP]/Controller:Global/DF301_P4.Sim,,Boolean
0,Devices/[DemoWWTP]/Controller:Global/DF301_P4.Alarms,,Int16
0,Devices/[DemoWWTP]/Controller:Global/DF301_P4.Man,,Boolean
0,Devices/[DemoWWTP]/Controller:Global/DF301_P4.AutoOpen,,Boolean
0,Devices/[DemoWWTP]/Controller:Global/DF301_P4.Manual_Open,,Boolean
0,Devices/[DemoWWTP]/Controller:Global/DF301_P4.ResetPB,,Boolean
0,Devices/[DemoWWTP]/Controller:Global/DF301_P4.IL_Open,,Boolean
0,Devices/[DemoWWTP]/Controller:Global/DF301_P4.IL_Close,,Boolean
0,Devices/[DemoWWTP]/Controller:Global/DF301_P4.OpenPB,,Boolean
0,Devices/[DemoWWTP]/Controller:Global/DF301_P4.ClosePB,,Boolean
0,Devices/[DemoWWTP]/Controller:Global/DF301_P4.Sts,,Int32
0,Devices/[DemoWWTP]/Controller:Global/DF301_P4.Opened,,Boolean
0,Devices/[DemoWWTP]/Controller:Global/DF301_P4.Closed,,Boolean
0,Devices/[DemoWWTP]/Controller:Global/DF301_P4.Fault,,Boolean
0,Devices/[DemoWWTP]/Controller:Global/DF301_P4.Avail,,Boolean
0,Devices/[DemoWWTP]/Controller:Global/DF301_P4.OpenTime,,Float
0,Devices/[DemoWWTP]/Controller:Global/DF301_P4.CloseTime,,Float
0,Devices/[DemoWWTP]/Controller:Global/DF301_P4.Open_WD,,Float
0,Devices/[DemoWWTP]/Controller:Global/DF301_P4.Close_WD,,Float
0,Devices/[DemoWWTP]/Controller:Global/DF301_P4.OpenDel_SP,,Float
0,Devices/[DemoWWTP]/Controller:Global/DF301_P4.ClosedDel_SP,,Float
0,Devices/[DemoWWTP]/Controller:Global/DF301_P4.OpenDel,,Boolean
0,Devices/[DemoWWTP]/Controller:Global/DF301_P4.ClosedDel,,Boolean
0,Devices/[DemoWWTP]/Controller:Global/DF301_P4.Opn_FLT,,Boolean
0,Devices/[DemoWWTP]/Controller:Global/DF301_P4.Cls_FLT,,Boolean
0,Devices/[DemoWWTP]/Controller:Global/DF301_P4.FB_FLT,,Boolean
0,Devices/[DemoWWTP]/Controller:Global/DF301_P4.RETRY_EN,,Boolean
0,Devices/[DemoWWTP]/Controller:Global/DF301_P4.OPENS,,Int32
0,Devices/[DemoWWTP]/Controller:Global/DF301_P4.HOUR,,Int32
0,Devices/[DemoWWTP]/Controller:Global/DF301_P4.MIN,,Int32
0,Devices/[DemoWWTP]/Controller:Global/DF301_P4.Opn_En,,Boolean
0,Devices/[DemoWWTP]/Controller:Global/DF301_P5.EnableIn,,Boolean
0,Devices/[DemoWWTP]/Controller:Global/DF301_P5.EnableOut,,Boolean
0,Devices/[DemoWWTP]/Controller:Global/DF301_P5.OpnFb,,Boolean
0,Devices/[DemoWWTP]/Controller:Global/DF301_P5.OpnFbEn,,Boolean
0,Devices/[DemoWWTP]/Controller:Global/DF301_P5.ClsFb,,Boolean
0,Devices/[DemoWWTP]/Controller:Global/DF301_P5.ClsFbEn,,Boolean
0,Devices/[DemoWWTP]/Controller:Global/DF301_P5.ESt_OK,,Boolean
0,Devices/[DemoWWTP]/Controller:Global/DF301_P5.Reset,,Boolean
0,Devices/[DemoWWTP]/Controller:Global/DF301_P5.RESET_AUTO_EN,,Boolean
0,Devices/[DemoWWTP]/Controller:Global/DF301_P5.RESET_AUTO_SP,,Int32
0,Devices/[DemoWWTP]/Controller:Global/DF301_P5.Sim,,Boolean
0,Devices/[DemoWWTP]/Controller:Global/DF301_P5.Alarms,,Int16
0,Devices/[DemoWWTP]/Controller:Global/DF301_P5.Man,,Boolean
0,Devices/[DemoWWTP]/Controller:Global/DF301_P5.AutoOpen,,Boolean
0,Devices/[DemoWWTP]/Controller:Global/DF301_P5.Manual_Open,,Boolean
0,Devices/[DemoWWTP]/Controller:Global/DF301_P5.ResetPB,,Boolean
0,Devices/[DemoWWTP]/Controller:Global/DF301_P5.IL_Open,,Boolean
0,Devices/[DemoWWTP]/Controller:Global/DF301_P5.IL_Close,,Boolean
0,Devices/[DemoWWTP]/Controller:Global/DF301_P5.OpenPB,,Boolean
0,Devices/[DemoWWTP]/Controller:Global/DF301_P5.ClosePB,,Boolean
0,Devices/[DemoWWTP]/Controller:Global/DF301_P5.Sts,,Int32
0,Devices/[DemoWWTP]/Controller:Global/DF301_P5.Opened,,Boolean
0,Devices/[DemoWWTP]/Controller:Global/DF301_P5.Closed,,Boolean
0,Devices/[DemoWWTP]/Controller:Global/DF301_P5.Fault,,Boolean
0,Devices/[DemoWWTP]/Controller:Global/DF301_P5.Avail,,Boolean
0,Devices/[DemoWWTP]/Controller:Global/DF301_P5.OpenTime,,Float
0,Devices/[DemoWWTP]/Controller:Global/DF301_P5.CloseTime,,Float
0,Devices/[DemoWWTP]/Controller:Global/DF301_P5.Open_WD,,Float
0,Devices/[DemoWWTP]/Controller:Global/DF301_P5.Close_WD,,Float
0,Devices/[DemoWWTP]/Controller:Global/DF301_P5.OpenDel_SP,,Float
0,Devices/[DemoWWTP]/Controller:Global/DF301_P5.ClosedDel_SP,,Float
0,Devices/[DemoWWTP]/Controller:Global/DF301_P5.OpenDel,,Boolean
0,Devices/[DemoWWTP]/Controller:Global/DF301_P5.ClosedDel,,Boolean
0,Devices/[DemoWWTP]/Controller:Global/DF301_P5.Opn_FLT,,Boolean
0,Devices/[DemoWWTP]/Controller:Global/DF301_P5.Cls_FLT,,Boolean
0,Devices/[DemoWWTP]/Controller:Global/DF301_P5.FB_FLT,,Boolean
0,Devices/[DemoWWTP]/Controller:Global/DF301_P5.RETRY_EN,,Boolean
0,Devices/[DemoWWTP]/Controller:Global/DF301_P5.OPENS,,Int32
0,Devices/[DemoWWTP]/Controller:Global/DF301_P5.HOUR,,Int32
0,Devices/[DemoWWTP]/Controller:Global/DF301_P5.MIN,,Int32
0,Devices/[DemoWWTP]/Controller:Global/DF301_P5.Opn_En,,Boolean
0,Devices/[DemoWWTP]/Controller:Global/DF301_P6.EnableIn,,Boolean
0,Devices/[DemoWWTP]/Controller:Global/DF301_P6.EnableOut,,Boolean
0,Devices/[DemoWWTP]/Controller:Global/DF301_P6.OpnFb,,Boolean
0,Devices/[DemoWWTP]/Controller:Global/DF301_P6.OpnFbEn,,Boolean
0,Devices/[DemoWWTP]/Controller:Global/DF301_P6.ClsFb,,Boolean
0,Devices/[DemoWWTP]/Controller:Global/DF301_P6.ClsFbEn,,Boolean
0,Devices/[DemoWWTP]/Controller:Global/DF301_P6.ESt_OK,,Boolean
0,Devices/[DemoWWTP]/Controller:Global/DF301_P6.Reset,,Boolean
0,Devices/[DemoWWTP]/Controller:Global/DF301_P6.RESET_AUTO_EN,,Boolean
0,Devices/[DemoWWTP]/Controller:Global/DF301_P6.RESET_AUTO_SP,,Int32
0,Devices/[DemoWWTP]/Controller:Global/DF301_P6.Sim,,Boolean
0,Devices/[DemoWWTP]/Controller:Global/DF301_P6.Alarms,,Int16
0,Devices/[DemoWWTP]/Controller:Global/DF301_P6.Man,,Boolean
0,Devices/[DemoWWTP]/Controller:Global/DF301_P6.AutoOpen,,Boolean
0,Devices/[DemoWWTP]/Controller:Global/DF301_P6.Manual_Open,,Boolean
0,Devices/[DemoWWTP]/Controller:Global/DF301_P6.ResetPB,,Boolean
0,Devices/[DemoWWTP]/Controller:Global/DF301_P6.IL_Open,,Boolean
0,Devices/[DemoWWTP]/Controller:Global/DF301_P6.IL_Close,,Boolean
0,Devices/[DemoWWTP]/Controller:Global/DF301_P6.OpenPB,,Boolean
0,Devices/[DemoWWTP]/Controller:Global/DF301_P6.ClosePB,,Boolean
0,Devices/[DemoWWTP]/Controller:Global/DF301_P6.Sts,,Int32
0,Devices/[DemoWWTP]/Controller:Global/DF301_P6.Opened,,Boolean
0,Devices/[DemoWWTP]/Controller:Global/DF301_P6.Closed,,Boolean
0,Devices/[DemoWWTP]/Controller:Global/DF301_P6.Fault,,Boolean
0,Devices/[DemoWWTP]/Controller:Global/DF301_P6.Avail,,Boolean
0,Devices/[DemoWWTP]/Controller:Global/DF301_P6.OpenTime,,Float
0,Devices/[DemoWWTP]/Controller:Global/DF301_P6.CloseTime,,Float
0,Devices/[DemoWWTP]/Controller:Global/DF301_P6.Open_WD,,Float
0,Devices/[DemoWWTP]/Controller:Global/DF301_P6.Close_WD,,Float
0,Devices/[DemoWWTP]/Controller:Global/DF301_P6.OpenDel_SP,,Float
0,Devices/[DemoWWTP]/Controller:Global/DF301_P6.ClosedDel_SP,,Float
0,Devices/[DemoWWTP]/Controller:Global/DF301_P6.OpenDel,,Boolean
0,Devices/[DemoWWTP]/Controller:Global/DF301_P6.ClosedDel,,Boolean
0,Devices/[DemoWWTP]/Controller:Global/DF301_P6.Opn_FLT,,Boolean
0,Devices/[DemoWWTP]/Controller:Global/DF301_P6.Cls_FLT,,Boolean
0,Devices/[DemoWWTP]/Controller:Global/DF301_P6.FB_FLT,,Boolean
0,Devices/[DemoWWTP]/Controller:Global/DF301_P6.RETRY_EN,,Boolean
0,Devices/[DemoWWTP]/Controller:Global/DF301_P6.OPENS,,Int32
0,Devices/[DemoWWTP]/Controller:Global/DF301_P6.HOUR,,Int32
0,Devices/[DemoWWTP]/Controller:Global/DF301_P6.MIN,,Int32
0,Devices/[DemoWWTP]/Controller:Global/DF301_P6.Opn_En,,Boolean
0,Devices/[DemoWWTP]/Controller:Global/DF301_PSV.EnableIn,,Boolean
0,Devices/[DemoWWTP]/Controller:Global/DF301_PSV.EnableOut,,Boolean
0,Devices/[DemoWWTP]/Controller:Global/DF301_PSV.OpnFb,,Boolean
0,Devices/[DemoWWTP]/Controller:Global/DF301_PSV.OpnFbEn,,Boolean
0,Devices/[DemoWWTP]/Controller:Global/DF301_PSV.ClsFb,,Boolean
0,Devices/[DemoWWTP]/Controller:Global/DF301_PSV.ClsFbEn,,Boolean
0,Devices/[DemoWWTP]/Controller:Global/DF301_PSV.ESt_OK,,Boolean
0,Devices/[DemoWWTP]/Controller:Global/DF301_PSV.Reset,,Boolean
0,Devices/[DemoWWTP]/Controller:Global/DF301_PSV.RESET_AUTO_EN,,Boolean
0,Devices/[DemoWWTP]/Controller:Global/DF301_PSV.RESET_AUTO_SP,,Int32
0,Devices/[DemoWWTP]/Controller:Global/DF301_PSV.Sim,,Boolean
0,Devices/[DemoWWTP]/Controller:Global/DF301_PSV.Alarms,,Int16
0,Devices/[DemoWWTP]/Controller:Global/DF301_PSV.Man,,Boolean
0,Devices/[DemoWWTP]/Controller:Global/DF301_PSV.AutoOpen,,Boolean
0,Devices/[DemoWWTP]/Controller:Global/DF301_PSV.Manual_Open,,Boolean
0,Devices/[DemoWWTP]/Controller:Global/DF301_PSV.ResetPB,,Boolean
0,Devices/[DemoWWTP]/Controller:Global/DF301_PSV.IL_Open,,Boolean
0,Devices/[DemoWWTP]/Controller:Global/DF301_PSV.IL_Close,,Boolean
0,Devices/[DemoWWTP]/Controller:Global/DF301_PSV.OpenPB,,Boolean
0,Devices/[DemoWWTP]/Controller:Global/DF301_PSV.ClosePB,,Boolean
0,Devices/[DemoWWTP]/Controller:Global/DF301_PSV.Sts,,Int32
0,Devices/[DemoWWTP]/Controller:Global/DF301_PSV.Opened,,Boolean
0,Devices/[DemoWWTP]/Controller:Global/DF301_PSV.Closed,,Boolean
0,Devices/[DemoWWTP]/Controller:Global/DF301_PSV.Fault,,Boolean
0,Devices/[DemoWWTP]/Controller:Global/DF301_PSV.Avail,,Boolean
0,Devices/[DemoWWTP]/Controller:Global/DF301_PSV.OpenTime,,Float
0,Devices/[DemoWWTP]/Controller:Global/DF301_PSV.CloseTime,,Float
0,Devices/[DemoWWTP]/Controller:Global/DF301_PSV.Open_WD,,Float
0,Devices/[DemoWWTP]/Controller:Global/DF301_PSV.Close_WD,,Float
0,Devices/[DemoWWTP]/Controller:Global/DF301_PSV.OpenDel_SP,,Float
0,Devices/[DemoWWTP]/Controller:Global/DF301_PSV.ClosedDel_SP,,Float
0,Devices/[DemoWWTP]/Controller:Global/DF301_PSV.OpenDel,,Boolean
0,Devices/[DemoWWTP]/Controller:Global/DF301_PSV.ClosedDel,,Boolean
0,Devices/[DemoWWTP]/Controller:Global/DF301_PSV.Opn_FLT,,Boolean
0,Devices/[DemoWWTP]/Controller:Global/DF301_PSV.Cls_FLT,,Boolean
0,Devices/[DemoWWTP]/Controller:Global/DF301_PSV.FB_FLT,,Boolean
0,Devices/[DemoWWTP]/Controller:Global/DF301_PSV.RETRY_EN,,Boolean
0,Devices/[DemoWWTP]/Controller:Global/DF301_PSV.OPENS,,Int32
0,Devices/[DemoWWTP]/Controller:Global/DF301_PSV.HOUR,,Int32
0,Devices/[DemoWWTP]/Controller:Global/DF301_PSV.MIN,,Int32
0,Devices/[DemoWWTP]/Controller:Global/DF301_PSV.Opn_En,,Boolean
0,Devices/[DemoWWTP]/Controller:Global/DF302_P1.EnableIn,,Boolean
0,Devices/[DemoWWTP]/Controller:Global/DF302_P1.EnableOut,,Boolean
0,Devices/[DemoWWTP]/Controller:Global/DF302_P1.OpnFb,,Boolean
0,Devices/[DemoWWTP]/Controller:Global/DF302_P1.OpnFbEn,,Boolean
0,Devices/[DemoWWTP]/Controller:Global/DF302_P1.ClsFb,,Boolean
0,Devices/[DemoWWTP]/Controller:Global/DF302_P1.ClsFbEn,,Boolean
0,Devices/[DemoWWTP]/Controller:Global/DF302_P1.ESt_OK,,Boolean
0,Devices/[DemoWWTP]/Controller:Global/DF302_P1.Reset,,Boolean
0,Devices/[DemoWWTP]/Controller:Global/DF302_P1.RESET_AUTO_EN,,Boolean
0,Devices/[DemoWWTP]/Controller:Global/DF302_P1.RESET_AUTO_SP,,Int32
0,Devices/[DemoWWTP]/Controller:Global/DF302_P1.Sim,,Boolean
0,Devices/[DemoWWTP]/Controller:Global/DF302_P1.Alarms,,Int16
0,Devices/[DemoWWTP]/Controller:Global/DF302_P1.Man,,Boolean
0,Devices/[DemoWWTP]/Controller:Global/DF302_P1.AutoOpen,,Boolean
0,Devices/[DemoWWTP]/Controller:Global/DF302_P1.Manual_Open,,Boolean
0,Devices/[DemoWWTP]/Controller:Global/DF302_P1.ResetPB,,Boolean
0,Devices/[DemoWWTP]/Controller:Global/DF302_P1.IL_Open,,Boolean
0,Devices/[DemoWWTP]/Controller:Global/DF302_P1.IL_Close,,Boolean
0,Devices/[DemoWWTP]/Controller:Global/DF302_P1.OpenPB,,Boolean
0,Devices/[DemoWWTP]/Controller:Global/DF302_P1.ClosePB,,Boolean
0,Devices/[DemoWWTP]/Controller:Global/DF302_P1.Sts,,Int32
0,Devices/[DemoWWTP]/Controller:Global/DF302_P1.Opened,,Boolean
0,Devices/[DemoWWTP]/Controller:Global/DF302_P1.Closed,,Boolean
0,Devices/[DemoWWTP]/Controller:Global/DF302_P1.Fault,,Boolean
0,Devices/[DemoWWTP]/Controller:Global/DF302_P1.Avail,,Boolean
0,Devices/[DemoWWTP]/Controller:Global/DF302_P1.OpenTime,,Float
0,Devices/[DemoWWTP]/Controller:Global/DF302_P1.CloseTime,,Float
0,Devices/[DemoWWTP]/Controller:Global/DF302_P1.Open_WD,,Float
0,Devices/[DemoWWTP]/Controller:Global/DF302_P1.Close_WD,,Float
0,Devices/[DemoWWTP]/Controller:Global/DF302_P1.OpenDel_SP,,Float
0,Devices/[DemoWWTP]/Controller:Global/DF302_P1.ClosedDel_SP,,Float
0,Devices/[DemoWWTP]/Controller:Global/DF302_P1.OpenDel,,Boolean
0,Devices/[DemoWWTP]/Controller:Global/DF302_P1.ClosedDel,,Boolean
0,Devices/[DemoWWTP]/Controller:Global/DF302_P1.Opn_FLT,,Boolean
0,Devices/[DemoWWTP]/Controller:Global/DF302_P1.Cls_FLT,,Boolean
0,Devices/[DemoWWTP]/Controller:Global/DF302_P1.FB_FLT,,Boolean
0,Devices/[DemoWWTP]/Controller:Global/DF302_P1.RETRY_EN,,Boolean
0,Devices/[DemoWWTP]/Controller:Global/DF302_P1.OPENS,,Int32
0,Devices/[DemoWWTP]/Controller:Global/DF302_P1.HOUR,,Int32
0,Devices/[DemoWWTP]/Controller:Global/DF302_P1.MIN,,Int32
0,Devices/[DemoWWTP]/Controller:Global/DF302_P1.Opn_En,,Boolean
0,Devices/[DemoWWTP]/Controller:Global/DF302_P2.EnableIn,,Boolean
0,Devices/[DemoWWTP]/Controller:Global/DF302_P2.EnableOut,,Boolean
0,Devices/[DemoWWTP]/Controller:Global/DF302_P2.OpnFb,,Boolean
0,Devices/[DemoWWTP]/Controller:Global/DF302_P2.OpnFbEn,,Boolean
0,Devices/[DemoWWTP]/Controller:Global/DF302_P2.ClsFb,,Boolean
0,Devices/[DemoWWTP]/Controller:Global/DF302_P2.ClsFbEn,,Boolean
0,Devices/[DemoWWTP]/Controller:Global/DF302_P2.ESt_OK,,Boolean
0,Devices/[DemoWWTP]/Controller:Global/DF302_P2.Reset,,Boolean
0,Devices/[DemoWWTP]/Controller:Global/DF302_P2.RESET_AUTO_EN,,Boolean
0,Devices/[DemoWWTP]/Controller:Global/DF302_P2.RESET_AUTO_SP,,Int32
0,Devices/[DemoWWTP]/Controller:Global/DF302_P2.Sim,,Boolean
0,Devices/[DemoWWTP]/Controller:Global/DF302_P2.Alarms,,Int16
0,Devices/[DemoWWTP]/Controller:Global/DF302_P2.Man,,Boolean
0,Devices/[DemoWWTP]/Controller:Global/DF302_P2.AutoOpen,,Boolean
0,Devices/[DemoWWTP]/Controller:Global/DF302_P2.Manual_Open,,Boolean
0,Devices/[DemoWWTP]/Controller:Global/DF302_P2.ResetPB,,Boolean
0,Devices/[DemoWWTP]/Controller:Global/DF302_P2.IL_Open,,Boolean
0,Devices/[DemoWWTP]/Controller:Global/DF302_P2.IL_Close,,Boolean
0,Devices/[DemoWWTP]/Controller:Global/DF302_P2.OpenPB,,Boolean
0,Devices/[DemoWWTP]/Controller:Global/DF302_P2.ClosePB,,Boolean
0,Devices/[DemoWWTP]/Controller:Global/DF302_P2.Sts,,Int32
0,Devices/[DemoWWTP]/Controller:Global/DF302_P2.Opened,,Boolean
0,Devices/[DemoWWTP]/Controller:Global/DF302_P2.Closed,,Boolean
0,Devices/[DemoWWTP]/Controller:Global/DF302_P2.Fault,,Boolean
0,Devices/[DemoWWTP]/Controller:Global/DF302_P2.Avail,,Boolean
0,Devices/[DemoWWTP]/Controller:Global/DF302_P2.OpenTime,,Float
0,Devices/[DemoWWTP]/Controller:Global/DF302_P2.CloseTime,,Float
0,Devices/[DemoWWTP]/Controller:Global/DF302_P2.Open_WD,,Float
0,Devices/[DemoWWTP]/Controller:Global/DF302_P2.Close_WD,,Float
0,Devices/[DemoWWTP]/Controller:Global/DF302_P2.OpenDel_SP,,Float
0,Devices/[DemoWWTP]/Controller:Global/DF302_P2.ClosedDel_SP,,Float
0,Devices/[DemoWWTP]/Controller:Global/DF302_P2.OpenDel,,Boolean
0,Devices/[DemoWWTP]/Controller:Global/DF302_P2.ClosedDel,,Boolean
0,Devices/[DemoWWTP]/Controller:Global/DF302_P2.Opn_FLT,,Boolean
0,Devices/[DemoWWTP]/Controller:Global/DF302_P2.Cls_FLT,,Boolean
0,Devices/[DemoWWTP]/Controller:Global/DF302_P2.FB_FLT,,Boolean
0,Devices/[DemoWWTP]/Controller:Global/DF302_P2.RETRY_EN,,Boolean
0,Devices/[DemoWWTP]/Controller:Global/DF302_P2.OPENS,,Int32
0,Devices/[DemoWWTP]/Controller:Global/DF302_P2.HOUR,,Int32
0,Devices/[DemoWWTP]/Controller:Global/DF302_P2.MIN,,Int32
0,Devices/[DemoWWTP]/Controller:Global/DF302_P2.Opn_En,,Boolean
0,Devices/[DemoWWTP]/Controller:Global/DF302_P3.EnableIn,,Boolean
0,Devices/[DemoWWTP]/Controller:Global/DF302_P3.EnableOut,,Boolean
0,Devices/[DemoWWTP]/Controller:Global/DF302_P3.OpnFb,,Boolean
0,Devices/[DemoWWTP]/Controller:Global/DF302_P3.OpnFbEn,,Boolean
0,Devices/[DemoWWTP]/Controller:Global/DF302_P3.ClsFb,,Boolean
0,Devices/[DemoWWTP]/Controller:Global/DF302_P3.ClsFbEn,,Boolean
0,Devices/[DemoWWTP]/Controller:Global/DF302_P3.ESt_OK,,Boolean
0,Devices/[DemoWWTP]/Controller:Global/DF302_P3.Reset,,Boolean
0,Devices/[DemoWWTP]/Controller:Global/DF302_P3.RESET_AUTO_EN,,Boolean
0,Devices/[DemoWWTP]/Controller:Global/DF302_P3.RESET_AUTO_SP,,Int32
0,Devices/[DemoWWTP]/Controller:Global/DF302_P3.Sim,,Boolean
0,Devices/[DemoWWTP]/Controller:Global/DF302_P3.Alarms,,Int16
0,Devices/[DemoWWTP]/Controller:Global/DF302_P3.Man,,Boolean
0,Devices/[DemoWWTP]/Controller:Global/DF302_P3.AutoOpen,,Boolean
0,Devices/[DemoWWTP]/Controller:Global/DF302_P3.Manual_Open,,Boolean
0,Devices/[DemoWWTP]/Controller:Global/DF302_P3.ResetPB,,Boolean
0,Devices/[DemoWWTP]/Controller:Global/DF302_P3.IL_Open,,Boolean
0,Devices/[DemoWWTP]/Controller:Global/DF302_P3.IL_Close,,Boolean
0,Devices/[DemoWWTP]/Controller:Global/DF302_P3.OpenPB,,Boolean
0,Devices/[DemoWWTP]/Controller:Global/DF302_P3.ClosePB,,Boolean
0,Devices/[DemoWWTP]/Controller:Global/DF302_P3.Sts,,Int32
0,Devices/[DemoWWTP]/Controller:Global/DF302_P3.Opened,,Boolean
0,Devices/[DemoWWTP]/Controller:Global/DF302_P3.Closed,,Boolean
0,Devices/[DemoWWTP]/Controller:Global/DF302_P3.Fault,,Boolean
0,Devices/[DemoWWTP]/Controller:Global/DF302_P3.Avail,,Boolean
0,Devices/[DemoWWTP]/Controller:Global/DF302_P3.OpenTime,,Float
0,Devices/[DemoWWTP]/Controller:Global/DF302_P3.CloseTime,,Float
0,Devices/[DemoWWTP]/Controller:Global/DF302_P3.Open_WD,,Float
0,Devices/[DemoWWTP]/Controller:Global/DF302_P3.Close_WD,,Float
0,Devices/[DemoWWTP]/Controller:Global/DF302_P3.OpenDel_SP,,Float
0,Devices/[DemoWWTP]/Controller:Global/DF302_P3.ClosedDel_SP,,Float
0,Devices/[DemoWWTP]/Controller:Global/DF302_P3.OpenDel,,Boolean
0,Devices/[DemoWWTP]/Controller:Global/DF302_P3.ClosedDel,,Boolean
0,Devices/[DemoWWTP]/Controller:Global/DF302_P3.Opn_FLT,,Boolean
0,Devices/[DemoWWTP]/Controller:Global/DF302_P3.Cls_FLT,,Boolean
0,Devices/[DemoWWTP]/Controller:Global/DF302_P3.FB_FLT,,Boolean
0,Devices/[DemoWWTP]/Controller:Global/DF302_P3.RETRY_EN,,Boolean
0,Devices/[DemoWWTP]/Controller:Global/DF302_P3.OPENS,,Int32
0,Devices/[DemoWWTP]/Controller:Global/DF302_P3.HOUR,,Int32
0,Devices/[DemoWWTP]/Controller:Global/DF302_P3.MIN,,Int32
0,Devices/[DemoWWTP]/Controller:Global/DF302_P3.Opn_En,,Boolean
0,Devices/[DemoWWTP]/Controller:Global/DF302_P4.EnableIn,,Boolean
0,Devices/[DemoWWTP]/Controller:Global/DF302_P4.EnableOut,,Boolean
0,Devices/[DemoWWTP]/Controller:Global/DF302_P4.OpnFb,,Boolean
0,Devices/[DemoWWTP]/Controller:Global/DF302_P4.OpnFbEn,,Boolean
0,Devices/[DemoWWTP]/Controller:Global/DF302_P4.ClsFb,,Boolean
0,Devices/[DemoWWTP]/Controller:Global/DF302_P4.ClsFbEn,,Boolean
0,Devices/[DemoWWTP]/Controller:Global/DF302_P4.ESt_OK,,Boolean
0,Devices/[DemoWWTP]/Controller:Global/DF302_P4.Reset,,Boolean
0,Devices/[DemoWWTP]/Controller:Global/DF302_P4.RESET_AUTO_EN,,Boolean
0,Devices/[DemoWWTP]/Controller:Global/DF302_P4.RESET_AUTO_SP,,Int32
0,Devices/[DemoWWTP]/Controller:Global/DF302_P4.Sim,,Boolean
0,Devices/[DemoWWTP]/Controller:Global/DF302_P4.Alarms,,Int16
0,Devices/[DemoWWTP]/Controller:Global/DF302_P4.Man,,Boolean
0,Devices/[DemoWWTP]/Controller:Global/DF302_P4.AutoOpen,,Boolean
0,Devices/[DemoWWTP]/Controller:Global/DF302_P4.Manual_Open,,Boolean
0,Devices/[DemoWWTP]/Controller:Global/DF302_P4.ResetPB,,Boolean
0,Devices/[DemoWWTP]/Controller:Global/DF302_P4.IL_Open,,Boolean
0,Devices/[DemoWWTP]/Controller:Global/DF302_P4.IL_Close,,Boolean
0,Devices/[DemoWWTP]/Controller:Global/DF302_P4.OpenPB,,Boolean
0,Devices/[DemoWWTP]/Controller:Global/DF302_P4.ClosePB,,Boolean
0,Devices/[DemoWWTP]/Controller:Global/DF302_P4.Sts,,Int32
0,Devices/[DemoWWTP]/Controller:Global/DF302_P4.Opened,,Boolean
0,Devices/[DemoWWTP]/Controller:Global/DF302_P4.Closed,,Boolean
0,Devices/[DemoWWTP]/Controller:Global/DF302_P4.Fault,,Boolean
0,Devices/[DemoWWTP]/Controller:Global/DF302_P4.Avail,,Boolean
0,Devices/[DemoWWTP]/Controller:Global/DF302_P4.OpenTime,,Float
0,Devices/[DemoWWTP]/Controller:Global/DF302_P4.CloseTime,,Float
0,Devices/[DemoWWTP]/Controller:Global/DF302_P4.Open_WD,,Float
0,Devices/[DemoWWTP]/Controller:Global/DF302_P4.Close_WD,,Float
0,Devices/[DemoWWTP]/Controller:Global/DF302_P4.OpenDel_SP,,Float
0,Devices/[DemoWWTP]/Controller:Global/DF302_P4.ClosedDel_SP,,Float
0,Devices/[DemoWWTP]/Controller:Global/DF302_P4.OpenDel,,Boolean
0,Devices/[DemoWWTP]/Controller:Global/DF302_P4.ClosedDel,,Boolean
0,Devices/[DemoWWTP]/Controller:Global/DF302_P4.Opn_FLT,,Boolean
0,Devices/[DemoWWTP]/Controller:Global/DF302_P4.Cls_FLT,,Boolean
0,Devices/[DemoWWTP]/Controller:Global/DF302_P4.FB_FLT,,Boolean
0,Devices/[DemoWWTP]/Controller:Global/DF302_P4.RETRY_EN,,Boolean
0,Devices/[DemoWWTP]/Controller:Global/DF302_P4.OPENS,,Int32
0,Devices/[DemoWWTP]/Controller:Global/DF302_P4.HOUR,,Int32
0,Devices/[DemoWWTP]/Controller:Global/DF302_P4.MIN,,Int32
0,Devices/[DemoWWTP]/Controller:Global/DF302_P4.Opn_En,,Boolean
0,Devices/[DemoWWTP]/Controller:Global/DF302_PSV.EnableIn,,Boolean
0,Devices/[DemoWWTP]/Controller:Global/DF302_PSV.EnableOut,,Boolean
0,Devices/[DemoWWTP]/Controller:Global/DF302_PSV.OpnFb,,Boolean
0,Devices/[DemoWWTP]/Controller:Global/DF302_PSV.OpnFbEn,,Boolean
0,Devices/[DemoWWTP]/Controller:Global/DF302_PSV.ClsFb,,Boolean
0,Devices/[DemoWWTP]/Controller:Global/DF302_PSV.ClsFbEn,,Boolean
0,Devices/[DemoWWTP]/Controller:Global/DF302_PSV.ESt_OK,,Boolean
0,Devices/[DemoWWTP]/Controller:Global/DF302_PSV.Reset,,Boolean
0,Devices/[DemoWWTP]/Controller:Global/DF302_PSV.RESET_AUTO_EN,,Boolean
0,Devices/[DemoWWTP]/Controller:Global/DF302_PSV.RESET_AUTO_SP,,Int32
0,Devices/[DemoWWTP]/Controller:Global/DF302_PSV.Sim,,Boolean
0,Devices/[DemoWWTP]/Controller:Global/DF302_PSV.Alarms,,Int16
0,Devices/[DemoWWTP]/Controller:Global/DF302_PSV.Man,,Boolean
0,Devices/[DemoWWTP]/Controller:Global/DF302_PSV.AutoOpen,,Boolean
0,Devices/[DemoWWTP]/Controller:Global/DF302_PSV.Manual_Open,,Boolean
0,Devices/[DemoWWTP]/Controller:Global/DF302_PSV.ResetPB,,Boolean
0,Devices/[DemoWWTP]/Controller:Global/DF302_PSV.IL_Open,,Boolean
0,Devices/[DemoWWTP]/Controller:Global/DF302_PSV.IL_Close,,Boolean
0,Devices/[DemoWWTP]/Controller:Global/DF302_PSV.OpenPB,,Boolean
0,Devices/[DemoWWTP]/Controller:Global/DF302_PSV.ClosePB,,Boolean
0,Devices/[DemoWWTP]/Controller:Global/DF302_PSV.Sts,,Int32
0,Devices/[DemoWWTP]/Controller:Global/DF302_PSV.Opened,,Boolean
0,Devices/[DemoWWTP]/Controller:Global/DF302_PSV.Closed,,Boolean
0,Devices/[DemoWWTP]/Controller:Global/DF302_PSV.Fault,,Boolean
0,Devices/[DemoWWTP]/Controller:Global/DF302_PSV.Avail,,Boolean
0,Devices/[DemoWWTP]/Controller:Global/DF302_PSV.OpenTime,,Float
0,Devices/[DemoWWTP]/Controller:Global/DF302_PSV.CloseTime,,Float
0,Devices/[DemoWWTP]/Controller:Global/DF302_PSV.Open_WD,,Float
0,Devices/[DemoWWTP]/Controller:Global/DF302_PSV.Close_WD,,Float
0,Devices/[DemoWWTP]/Controller:Global/DF302_PSV.OpenDel_SP,,Float
0,Devices/[DemoWWTP]/Controller:Global/DF302_PSV.ClosedDel_SP,,Float
0,Devices/[DemoWWTP]/Controller:Global/DF302_PSV.OpenDel,,Boolean
0,Devices/[DemoWWTP]/Controller:Global/DF302_PSV.ClosedDel,,Boolean
0,Devices/[DemoWWTP]/Controller:Global/DF302_PSV.Opn_FLT,,Boolean
0,Devices/[DemoWWTP]/Controller:Global/DF302_PSV.Cls_FLT,,Boolean
0,Devices/[DemoWWTP]/Controller:Global/DF302_PSV.FB_FLT,,Boolean
0,Devices/[DemoWWTP]/Controller:Global/DF302_PSV.RETRY_EN,,Boolean
0,Devices/[DemoWWTP]/Controller:Global/DF302_PSV.OPENS,,Int32
0,Devices/[DemoWWTP]/Controller:Global/DF302_PSV.HOUR,,Int32
0,Devices/[DemoWWTP]/Controller:Global/DF302_PSV.MIN,,Int32
0,Devices/[DemoWWTP]/Controller:Global/DF302_PSV.Opn_En,,Boolean
0,Devices/[DemoWWTP]/Controller:Global/DOP201_DO.EnableIn,,Boolean
0,Devices/[DemoWWTP]/Controller:Global/DOP201_DO.EnableOut,,Boolean
0,Devices/[DemoWWTP]/Controller:Global/DOP201_DO.PV_SOURCE,,Float
0,Devices/[DemoWWTP]/Controller:Global/DOP201_DO.STATUS_SOURCE,,Int16
0,Devices/[DemoWWTP]/Controller:Global/DOP201_DO.UNITS_SOURCE,,Int16
0,Devices/[DemoWWTP]/Controller:Global/DOP201_DO.PV,,Float
0,Devices/[DemoWWTP]/Controller:Global/DOP201_DO.PROBE_STATUS,,Int16
0,Devices/[DemoWWTP]/Controller:Global/DOP201_DO.PROBE_UNITS,,Int16
0,Devices/[DemoWWTP]/Controller:Global/DOP201_DO.PROBE_WD_LOWER_SP,,Float
0,Devices/[DemoWWTP]/Controller:Global/DOP201_DO.PROBE_WD_UPPER_SP,,Float
0,Devices/[DemoWWTP]/Controller:Global/DOP201_DO.PROBE_HEALTHY,,Boolean
0,Devices/[DemoWWTP]/Controller:Global/DOP201_DO.PROBE_EN,,Boolean
0,Devices/[DemoWWTP]/Controller:Global/DOP201_DO.PROBE_WARNING,,Boolean
0,Devices/[DemoWWTP]/Controller:Global/DOP201_DO_STATUS,,String
0,Devices/[DemoWWTP]/Controller:Global/DOP201_TEMP.EnableIn,,Boolean
0,Devices/[DemoWWTP]/Controller:Global/DOP201_TEMP.EnableOut,,Boolean
0,Devices/[DemoWWTP]/Controller:Global/DOP201_TEMP.PV_SOURCE,,Float
0,Devices/[DemoWWTP]/Controller:Global/DOP201_TEMP.STATUS_SOURCE,,Int16
0,Devices/[DemoWWTP]/Controller:Global/DOP201_TEMP.UNITS_SOURCE,,Int16
0,Devices/[DemoWWTP]/Controller:Global/DOP201_TEMP.PV,,Float
0,Devices/[DemoWWTP]/Controller:Global/DOP201_TEMP.PROBE_STATUS,,Int16
0,Devices/[DemoWWTP]/Controller:Global/DOP201_TEMP.PROBE_UNITS,,Int16
0,Devices/[DemoWWTP]/Controller:Global/DOP201_TEMP.PROBE_WD_LOWER_SP,,Float
0,Devices/[DemoWWTP]/Controller:Global/DOP201_TEMP.PROBE_WD_UPPER_SP,,Float
0,Devices/[DemoWWTP]/Controller:Global/DOP201_TEMP.PROBE_HEALTHY,,Boolean
0,Devices/[DemoWWTP]/Controller:Global/DOP201_TEMP.PROBE_EN,,Boolean
0,Devices/[DemoWWTP]/Controller:Global/DOP201_TEMP.PROBE_WARNING,,Boolean
0,Devices/[DemoWWTP]/Controller:Global/DOP201_TEMP_STATUS,,String
0,Devices/[DemoWWTP]/Controller:Global/DO_CLEAN_LOCKOUT,,Boolean
0,Devices/[DemoWWTP]/Controller:Global/DS_BWASH_PUMPS.EnableIn,,Boolean
0,Devices/[DemoWWTP]/Controller:Global/DS_BWASH_PUMPS.EnableOut,,Boolean
0,Devices/[DemoWWTP]/Controller:Global/DS_BWASH_PUMPS.PUMPS_RUN_REQUEST,,Boolean
0,Devices/[DemoWWTP]/Controller:Global/DS_BWASH_PUMPS.STANDBY_TRIGGER,,Boolean
0,Devices/[DemoWWTP]/Controller:Global/DS_BWASH_PUMPS.DUTY_SP,,Int32
0,Devices/[DemoWWTP]/Controller:Global/DS_BWASH_PUMPS.RUN_PUMP1,,Boolean
0,Devices/[DemoWWTP]/Controller:Global/DS_BWASH_PUMPS.RUN_BOTH_PUMPS,,Boolean
0,Devices/[DemoWWTP]/Controller:Global/DS_BWASH_PUMPS.PUMP1_ONLINE,,Boolean
0,Devices/[DemoWWTP]/Controller:Global/DS_BWASH_PUMPS.PUMP1_AVAILABLE,,Boolean
0,Devices/[DemoWWTP]/Controller:Global/DS_BWASH_PUMPS.PUMP1_RUNNING,,Boolean
0,Devices/[DemoWWTP]/Controller:Global/DS_BWASH_PUMPS.RUN_PUMP2,,Boolean
0,Devices/[DemoWWTP]/Controller:Global/DS_BWASH_PUMPS.PUMP2_ONLINE,,Boolean
0,Devices/[DemoWWTP]/Controller:Global/DS_BWASH_PUMPS.PUMP2_AVAILABLE,,Boolean
0,Devices/[DemoWWTP]/Controller:Global/DS_BWASH_PUMPS.PUMP2_RUNNING,,Boolean
0,Devices/[DemoWWTP]/Controller:Global/DS_BWASH_PUMPS.BOTH_PUMPS_FAULTED,,Boolean
0,Devices/[DemoWWTP]/Controller:Global/DS_BWASH_PUMPS.PUMP_RUNNING,,Boolean
0,Devices/[DemoWWTP]/Controller:Global/DS_BWASH_PUMPS.START_DELAY_SP,,Int32
0,Devices/[DemoWWTP]/Controller:Global/DS_CIP_PUMPS.EnableIn,,Boolean
0,Devices/[DemoWWTP]/Controller:Global/DS_CIP_PUMPS.EnableOut,,Boolean
0,Devices/[DemoWWTP]/Controller:Global/DS_CIP_PUMPS.PUMPS_RUN_REQUEST,,Boolean
0,Devices/[DemoWWTP]/Controller:Global/DS_CIP_PUMPS.STANDBY_TRIGGER,,Boolean
0,Devices/[DemoWWTP]/Controller:Global/DS_CIP_PUMPS.DUTY_SP,,Int32
0,Devices/[DemoWWTP]/Controller:Global/DS_CIP_PUMPS.RUN_PUMP1,,Boolean
0,Devices/[DemoWWTP]/Controller:Global/DS_CIP_PUMPS.RUN_BOTH_PUMPS,,Boolean
0,Devices/[DemoWWTP]/Controller:Global/DS_CIP_PUMPS.PUMP1_ONLINE,,Boolean
0,Devices/[DemoWWTP]/Controller:Global/DS_CIP_PUMPS.PUMP1_AVAILABLE,,Boolean
0,Devices/[DemoWWTP]/Controller:Global/DS_CIP_PUMPS.PUMP1_RUNNING,,Boolean
0,Devices/[DemoWWTP]/Controller:Global/DS_CIP_PUMPS.RUN_PUMP2,,Boolean
0,Devices/[DemoWWTP]/Controller:Global/DS_CIP_PUMPS.PUMP2_ONLINE,,Boolean
0,Devices/[DemoWWTP]/Controller:Global/DS_CIP_PUMPS.PUMP2_AVAILABLE,,Boolean
0,Devices/[DemoWWTP]/Controller:Global/DS_CIP_PUMPS.PUMP2_RUNNING,,Boolean
0,Devices/[DemoWWTP]/Controller:Global/DS_CIP_PUMPS.BOTH_PUMPS_FAULTED,,Boolean
0,Devices/[DemoWWTP]/Controller:Global/DS_CIP_PUMPS.PUMP_RUNNING,,Boolean
0,Devices/[DemoWWTP]/Controller:Global/DS_CIP_PUMPS.START_DELAY_SP,,Int32
0,Devices/[DemoWWTP]/Controller:Global/DS_FWDING_PUMPS.EnableIn,,Boolean
0,Devices/[DemoWWTP]/Controller:Global/DS_FWDING_PUMPS.EnableOut,,Boolean
0,Devices/[DemoWWTP]/Controller:Global/DS_FWDING_PUMPS.PUMPS_RUN_REQUEST,,Boolean
0,Devices/[DemoWWTP]/Controller:Global/DS_FWDING_PUMPS.STANDBY_TRIGGER,,Boolean
0,Devices/[DemoWWTP]/Controller:Global/DS_FWDING_PUMPS.DUTY_SP,,Int32
0,Devices/[DemoWWTP]/Controller:Global/DS_FWDING_PUMPS.RUN_PUMP1,,Boolean
0,Devices/[DemoWWTP]/Controller:Global/DS_FWDING_PUMPS.RUN_BOTH_PUMPS,,Boolean
0,Devices/[DemoWWTP]/Controller:Global/DS_FWDING_PUMPS.PUMP1_ONLINE,,Boolean
0,Devices/[DemoWWTP]/Controller:Global/DS_FWDING_PUMPS.PUMP1_AVAILABLE,,Boolean
0,Devices/[DemoWWTP]/Controller:Global/DS_FWDING_PUMPS.PUMP1_RUNNING,,Boolean
0,Devices/[DemoWWTP]/Controller:Global/DS_FWDING_PUMPS.RUN_PUMP2,,Boolean
0,Devices/[DemoWWTP]/Controller:Global/DS_FWDING_PUMPS.PUMP2_ONLINE,,Boolean
0,Devices/[DemoWWTP]/Controller:Global/DS_FWDING_PUMPS.PUMP2_AVAILABLE,,Boolean
0,Devices/[DemoWWTP]/Controller:Global/DS_FWDING_PUMPS.PUMP2_RUNNING,,Boolean
0,Devices/[DemoWWTP]/Controller:Global/DS_FWDING_PUMPS.BOTH_PUMPS_FAULTED,,Boolean
0,Devices/[DemoWWTP]/Controller:Global/DS_FWDING_PUMPS.PUMP_RUNNING,,Boolean
0,Devices/[DemoWWTP]/Controller:Global/DS_FWDING_PUMPS.START_DELAY_SP,,Int32
0,Devices/[DemoWWTP]/Controller:Global/DS_INLET_PUMPS.EnableIn,,Boolean
0,Devices/[DemoWWTP]/Controller:Global/DS_INLET_PUMPS.EnableOut,,Boolean
0,Devices/[DemoWWTP]/Controller:Global/DS_INLET_PUMPS.PUMPS_RUN_REQUEST,,Boolean
0,Devices/[DemoWWTP]/Controller:Global/DS_INLET_PUMPS.STANDBY_TRIGGER,,Boolean
0,Devices/[DemoWWTP]/Controller:Global/DS_INLET_PUMPS.DUTY_SP,,Int32
0,Devices/[DemoWWTP]/Controller:Global/DS_INLET_PUMPS.RUN_PUMP1,,Boolean
0,Devices/[DemoWWTP]/Controller:Global/DS_INLET_PUMPS.RUN_BOTH_PUMPS,,Boolean
0,Devices/[DemoWWTP]/Controller:Global/DS_INLET_PUMPS.PUMP1_ONLINE,,Boolean
0,Devices/[DemoWWTP]/Controller:Global/DS_INLET_PUMPS.PUMP1_AVAILABLE,,Boolean
0,Devices/[DemoWWTP]/Controller:Global/DS_INLET_PUMPS.PUMP1_RUNNING,,Boolean
0,Devices/[DemoWWTP]/Controller:Global/DS_INLET_PUMPS.RUN_PUMP2,,Boolean
0,Devices/[DemoWWTP]/Controller:Global/DS_INLET_PUMPS.PUMP2_ONLINE,,Boolean
0,Devices/[DemoWWTP]/Controller:Global/DS_INLET_PUMPS.PUMP2_AVAILABLE,,Boolean
0,Devices/[DemoWWTP]/Controller:Global/DS_INLET_PUMPS.PUMP2_RUNNING,,Boolean
0,Devices/[DemoWWTP]/Controller:Global/DS_INLET_PUMPS.BOTH_PUMPS_FAULTED,,Boolean
0,Devices/[DemoWWTP]/Controller:Global/DS_INLET_PUMPS.PUMP_RUNNING,,Boolean
0,Devices/[DemoWWTP]/Controller:Global/DS_INLET_PUMPS.START_DELAY_SP,,Int32
0,Devices/[DemoWWTP]/Controller:Global/DS_OFFSITE_PUMPS.EnableIn,,Boolean
0,Devices/[DemoWWTP]/Controller:Global/DS_OFFSITE_PUMPS.EnableOut,,Boolean
0,Devices/[DemoWWTP]/Controller:Global/DS_OFFSITE_PUMPS.PUMPS_RUN_REQUEST,,Boolean
0,Devices/[DemoWWTP]/Controller:Global/DS_OFFSITE_PUMPS.STANDBY_TRIGGER,,Boolean
0,Devices/[DemoWWTP]/Controller:Global/DS_OFFSITE_PUMPS.DUTY_SP,,Int32
0,Devices/[DemoWWTP]/Controller:Global/DS_OFFSITE_PUMPS.RUN_PUMP1,,Boolean
0,Devices/[DemoWWTP]/Controller:Global/DS_OFFSITE_PUMPS.RUN_BOTH_PUMPS,,Boolean
0,Devices/[DemoWWTP]/Controller:Global/DS_OFFSITE_PUMPS.PUMP1_ONLINE,,Boolean
0,Devices/[DemoWWTP]/Controller:Global/DS_OFFSITE_PUMPS.PUMP1_AVAILABLE,,Boolean
0,Devices/[DemoWWTP]/Controller:Global/DS_OFFSITE_PUMPS.PUMP1_RUNNING,,Boolean
0,Devices/[DemoWWTP]/Controller:Global/DS_OFFSITE_PUMPS.RUN_PUMP2,,Boolean
0,Devices/[DemoWWTP]/Controller:Global/DS_OFFSITE_PUMPS.PUMP2_ONLINE,,Boolean
0,Devices/[DemoWWTP]/Controller:Global/DS_OFFSITE_PUMPS.PUMP2_AVAILABLE,,Boolean
0,Devices/[DemoWWTP]/Controller:Global/DS_OFFSITE_PUMPS.PUMP2_RUNNING,,Boolean
0,Devices/[DemoWWTP]/Controller:Global/DS_OFFSITE_PUMPS.BOTH_PUMPS_FAULTED,,Boolean
0,Devices/[DemoWWTP]/Controller:Global/DS_OFFSITE_PUMPS.PUMP_RUNNING,,Boolean
0,Devices/[DemoWWTP]/Controller:Global/DS_OFFSITE_PUMPS.START_DELAY_SP,,Int32
0,Devices/[DemoWWTP]/Controller:Global/DS_RECEIVAL_PUMPS.EnableIn,,Boolean
0,Devices/[DemoWWTP]/Controller:Global/DS_RECEIVAL_PUMPS.EnableOut,,Boolean
0,Devices/[DemoWWTP]/Controller:Global/DS_RECEIVAL_PUMPS.PUMPS_RUN_REQUEST,,Boolean
0,Devices/[DemoWWTP]/Controller:Global/DS_RECEIVAL_PUMPS.STANDBY_TRIGGER,,Boolean
0,Devices/[DemoWWTP]/Controller:Global/DS_RECEIVAL_PUMPS.DUTY_SP,,Int32
0,Devices/[DemoWWTP]/Controller:Global/DS_RECEIVAL_PUMPS.RUN_PUMP1,,Boolean
0,Devices/[DemoWWTP]/Controller:Global/DS_RECEIVAL_PUMPS.RUN_BOTH_PUMPS,,Boolean
0,Devices/[DemoWWTP]/Controller:Global/DS_RECEIVAL_PUMPS.PUMP1_ONLINE,,Boolean
0,Devices/[DemoWWTP]/Controller:Global/DS_RECEIVAL_PUMPS.PUMP1_AVAILABLE,,Boolean
0,Devices/[DemoWWTP]/Controller:Global/DS_RECEIVAL_PUMPS.PUMP1_RUNNING,,Boolean
0,Devices/[DemoWWTP]/Controller:Global/DS_RECEIVAL_PUMPS.RUN_PUMP2,,Boolean
0,Devices/[DemoWWTP]/Controller:Global/DS_RECEIVAL_PUMPS.PUMP2_ONLINE,,Boolean
0,Devices/[DemoWWTP]/Controller:Global/DS_RECEIVAL_PUMPS.PUMP2_AVAILABLE,,Boolean
0,Devices/[DemoWWTP]/Controller:Global/DS_RECEIVAL_PUMPS.PUMP2_RUNNING,,Boolean
0,Devices/[DemoWWTP]/Controller:Global/DS_RECEIVAL_PUMPS.BOTH_PUMPS_FAULTED,,Boolean
0,Devices/[DemoWWTP]/Controller:Global/DS_RECEIVAL_PUMPS.PUMP_RUNNING,,Boolean
0,Devices/[DemoWWTP]/Controller:Global/DS_RECEIVAL_PUMPS.START_DELAY_SP,,Int32
0,Devices/[DemoWWTP]/Controller:Global/DS_SLUDGE_PUMPS.EnableIn,,Boolean
0,Devices/[DemoWWTP]/Controller:Global/DS_SLUDGE_PUMPS.EnableOut,,Boolean
0,Devices/[DemoWWTP]/Controller:Global/DS_SLUDGE_PUMPS.PUMPS_RUN_REQUEST,,Boolean
0,Devices/[DemoWWTP]/Controller:Global/DS_SLUDGE_PUMPS.STANDBY_TRIGGER,,Boolean
0,Devices/[DemoWWTP]/Controller:Global/DS_SLUDGE_PUMPS.DUTY_SP,,Int32
0,Devices/[DemoWWTP]/Controller:Global/DS_SLUDGE_PUMPS.RUN_PUMP1,,Boolean
0,Devices/[DemoWWTP]/Controller:Global/DS_SLUDGE_PUMPS.RUN_BOTH_PUMPS,,Boolean
0,Devices/[DemoWWTP]/Controller:Global/DS_SLUDGE_PUMPS.PUMP1_ONLINE,,Boolean
0,Devices/[DemoWWTP]/Controller:Global/DS_SLUDGE_PUMPS.PUMP1_AVAILABLE,,Boolean
0,Devices/[DemoWWTP]/Controller:Global/DS_SLUDGE_PUMPS.PUMP1_RUNNING,,Boolean
0,Devices/[DemoWWTP]/Controller:Global/DS_SLUDGE_PUMPS.RUN_PUMP2,,Boolean
0,Devices/[DemoWWTP]/Controller:Global/DS_SLUDGE_PUMPS.PUMP2_ONLINE,,Boolean
0,Devices/[DemoWWTP]/Controller:Global/DS_SLUDGE_PUMPS.PUMP2_AVAILABLE,,Boolean
0,Devices/[DemoWWTP]/Controller:Global/DS_SLUDGE_PUMPS.PUMP2_RUNNING,,Boolean
0,Devices/[DemoWWTP]/Controller:Global/DS_SLUDGE_PUMPS.BOTH_PUMPS_FAULTED,,Boolean
0,Devices/[DemoWWTP]/Controller:Global/DS_SLUDGE_PUMPS.PUMP_RUNNING,,Boolean
0,Devices/[DemoWWTP]/Controller:Global/DS_SLUDGE_PUMPS.START_DELAY_SP,,Int32
0,Devices/[DemoWWTP]/Controller:Global/DS_TERTIARY_PUMPS.EnableIn,,Boolean
0,Devices/[DemoWWTP]/Controller:Global/DS_TERTIARY_PUMPS.EnableOut,,Boolean
0,Devices/[DemoWWTP]/Controller:Global/DS_TERTIARY_PUMPS.PUMPS_RUN_REQUEST,,Boolean
0,Devices/[DemoWWTP]/Controller:Global/DS_TERTIARY_PUMPS.STANDBY_TRIGGER,,Boolean
0,Devices/[DemoWWTP]/Controller:Global/DS_TERTIARY_PUMPS.DUTY_SP,,Int32
0,Devices/[DemoWWTP]/Controller:Global/DS_TERTIARY_PUMPS.RUN_PUMP1,,Boolean
0,Devices/[DemoWWTP]/Controller:Global/DS_TERTIARY_PUMPS.RUN_BOTH_PUMPS,,Boolean
0,Devices/[DemoWWTP]/Controller:Global/DS_TERTIARY_PUMPS.PUMP1_ONLINE,,Boolean
0,Devices/[DemoWWTP]/Controller:Global/DS_TERTIARY_PUMPS.PUMP1_AVAILABLE,,Boolean
0,Devices/[DemoWWTP]/Controller:Global/DS_TERTIARY_PUMPS.PUMP1_RUNNING,,Boolean
0,Devices/[DemoWWTP]/Controller:Global/DS_TERTIARY_PUMPS.RUN_PUMP2,,Boolean
0,Devices/[DemoWWTP]/Controller:Global/DS_TERTIARY_PUMPS.PUMP2_ONLINE,,Boolean
0,Devices/[DemoWWTP]/Controller:Global/DS_TERTIARY_PUMPS.PUMP2_AVAILABLE,,Boolean
0,Devices/[DemoWWTP]/Controller:Global/DS_TERTIARY_PUMPS.PUMP2_RUNNING,,Boolean
0,Devices/[DemoWWTP]/Controller:Global/DS_TERTIARY_PUMPS.BOTH_PUMPS_FAULTED,,Boolean
0,Devices/[DemoWWTP]/Controller:Global/DS_TERTIARY_PUMPS.PUMP_RUNNING,,Boolean
0,Devices/[DemoWWTP]/Controller:Global/DS_TERTIARY_PUMPS.START_DELAY_SP,,Int32
0,Devices/[DemoWWTP]/Controller:Global/DS_TRANSFER_PUMPS.EnableIn,,Boolean
0,Devices/[DemoWWTP]/Controller:Global/DS_TRANSFER_PUMPS.EnableOut,,Boolean
0,Devices/[DemoWWTP]/Controller:Global/DS_TRANSFER_PUMPS.PUMPS_RUN_REQUEST,,Boolean
0,Devices/[DemoWWTP]/Controller:Global/DS_TRANSFER_PUMPS.STANDBY_TRIGGER,,Boolean
0,Devices/[DemoWWTP]/Controller:Global/DS_TRANSFER_PUMPS.DUTY_SP,,Int32
0,Devices/[DemoWWTP]/Controller:Global/DS_TRANSFER_PUMPS.RUN_PUMP1,,Boolean
0,Devices/[DemoWWTP]/Controller:Global/DS_TRANSFER_PUMPS.RUN_BOTH_PUMPS,,Boolean
0,Devices/[DemoWWTP]/Controller:Global/DS_TRANSFER_PUMPS.PUMP1_ONLINE,,Boolean
0,Devices/[DemoWWTP]/Controller:Global/DS_TRANSFER_PUMPS.PUMP1_AVAILABLE,,Boolean
0,Devices/[DemoWWTP]/Controller:Global/DS_TRANSFER_PUMPS.PUMP1_RUNNING,,Boolean
0,Devices/[DemoWWTP]/Controller:Global/DS_TRANSFER_PUMPS.RUN_PUMP2,,Boolean
0,Devices/[DemoWWTP]/Controller:Global/DS_TRANSFER_PUMPS.PUMP2_ONLINE,,Boolean
0,Devices/[DemoWWTP]/Controller:Global/DS_TRANSFER_PUMPS.PUMP2_AVAILABLE,,Boolean
0,Devices/[DemoWWTP]/Controller:Global/DS_TRANSFER_PUMPS.PUMP2_RUNNING,,Boolean
0,Devices/[DemoWWTP]/Controller:Global/DS_TRANSFER_PUMPS.BOTH_PUMPS_FAULTED,,Boolean
0,Devices/[DemoWWTP]/Controller:Global/DS_TRANSFER_PUMPS.PUMP_RUNNING,,Boolean
0,Devices/[DemoWWTP]/Controller:Global/DS_TRANSFER_PUMPS.START_DELAY_SP,,Int32
0,Devices/[DemoWWTP]/Controller:Global/DT201.EnableIn,,Boolean
0,Devices/[DemoWWTP]/Controller:Global/DT201.EnableOut,,Boolean
0,Devices/[DemoWWTP]/Controller:Global/DT201.INPUT_PV,,Float
0,Devices/[DemoWWTP]/Controller:Global/DT201.OWL_SP,,Int32
0,Devices/[DemoWWTP]/Controller:Global/DT201.HWL_SP,,Int32
0,Devices/[DemoWWTP]/Controller:Global/DT201.MWL_SP,,Int32
0,Devices/[DemoWWTP]/Controller:Global/DT201.LWL_SP,,Int32
0,Devices/[DemoWWTP]/Controller:Global/DT201.XWL_SP,,Int32
0,Devices/[DemoWWTP]/Controller:Global/DT201.TWL_SP,,Int32
0,Devices/[DemoWWTP]/Controller:Global/DT201.OWL_OUT,,Boolean
0,Devices/[DemoWWTP]/Controller:Global/DT201.HWL_OUT,,Boolean
0,Devices/[DemoWWTP]/Controller:Global/DT201.MWL_OUT,,Boolean
0,Devices/[DemoWWTP]/Controller:Global/DT201.LWL_OUT,,Boolean
0,Devices/[DemoWWTP]/Controller:Global/DT201.XWL_OUT,,Boolean
0,Devices/[DemoWWTP]/Controller:Global/DT201.TWL_OUT,,Boolean
0,Devices/[DemoWWTP]/Controller:Global/DT201.TANK_DIAMETER,,Float
0,Devices/[DemoWWTP]/Controller:Global/DT201.TANK_HEIGHT,,Float
0,Devices/[DemoWWTP]/Controller:Global/DT201.ERROR,,Boolean
0,Devices/[DemoWWTP]/Controller:Global/DT201.TANK_AREA_OUT,,Int32
0,Devices/[DemoWWTP]/Controller:Global/DT201.CURRENT_VOLUME_TOTAL_OUT,,Int32
0,Devices/[DemoWWTP]/Controller:Global/DT201.VOLUME_ABOVE_LWL_OUT,,Int32
0,Devices/[DemoWWTP]/Controller:Global/DT201.VOLUME_BELOW_HWL_OUT,,Int32
0,Devices/[DemoWWTP]/Controller:Global/DT201.FILL_PERCENTAGE_OUT,,Int32
0,Devices/[DemoWWTP]/Controller:Global/DT201_LWL_EPT.DN,,Boolean
0,Devices/[DemoWWTP]/Controller:Global/DT201_LWL_EPT.EN,,Boolean
0,Devices/[DemoWWTP]/Controller:Global/DT201_LWL_EPT.TT,,Boolean
0,Devices/[DemoWWTP]/Controller:Global/DT201_LWL_EPT.PRE,,Int32
0,Devices/[DemoWWTP]/Controller:Global/DT201_LWL_EPT.ACC,,Int32
0,Devices/[DemoWWTP]/Controller:Global/DT_AREA_CALC_REAL,,Float
0,Devices/[DemoWWTP]/Controller:Global/ESTOP_RESET_ATTEMPT.DN,,Boolean
0,Devices/[DemoWWTP]/Controller:Global/ESTOP_RESET_ATTEMPT.EN,,Boolean
0,Devices/[DemoWWTP]/Controller:Global/ESTOP_RESET_ATTEMPT.TT,,Boolean
0,Devices/[DemoWWTP]/Controller:Global/ESTOP_RESET_ATTEMPT.PRE,,Int32
0,Devices/[DemoWWTP]/Controller:Global/ESTOP_RESET_ATTEMPT.ACC,,Int32
0,Devices/[DemoWWTP]/Controller:Global/FAULT_DETECTED_LATCH,,Boolean
0,Devices/[DemoWWTP]/Controller:Global/FCP501.EnableIn,,Boolean
0,Devices/[DemoWWTP]/Controller:Global/FCP501.EnableOut,,Boolean
0,Devices/[DemoWWTP]/Controller:Global/FCP501.PV_SOURCE,,Float
0,Devices/[DemoWWTP]/Controller:Global/FCP501.STATUS_SOURCE,,Int16
0,Devices/[DemoWWTP]/Controller:Global/FCP501.UNITS_SOURCE,,Int16
0,Devices/[DemoWWTP]/Controller:Global/FCP501.PV,,Float
0,Devices/[DemoWWTP]/Controller:Global/FCP501.PROBE_STATUS,,Int16
0,Devices/[DemoWWTP]/Controller:Global/FCP501.PROBE_UNITS,,Int16
0,Devices/[DemoWWTP]/Controller:Global/FCP501.PROBE_WD_LOWER_SP,,Float
0,Devices/[DemoWWTP]/Controller:Global/FCP501.PROBE_WD_UPPER_SP,,Float
0,Devices/[DemoWWTP]/Controller:Global/FCP501.PROBE_HEALTHY,,Boolean
0,Devices/[DemoWWTP]/Controller:Global/FCP501.PROBE_EN,,Boolean
0,Devices/[DemoWWTP]/Controller:Global/FCP501.PROBE_WARNING,,Boolean
0,Devices/[DemoWWTP]/Controller:Global/FCP501_STATUS,,String
0,Devices/[DemoWWTP]/Controller:Global/FILLED_DECANT_TIMER.DN,,Boolean
0,Devices/[DemoWWTP]/Controller:Global/FILLED_DECANT_TIMER.EN,,Boolean
0,Devices/[DemoWWTP]/Controller:Global/FILLED_DECANT_TIMER.TT,,Boolean
0,Devices/[DemoWWTP]/Controller:Global/FILLED_DECANT_TIMER.PRE,,Int32
0,Devices/[DemoWWTP]/Controller:Global/FILLED_DECANT_TIMER.ACC,,Int32
0,Devices/[DemoWWTP]/Controller:Global/FM101.EnableIn,,Boolean
0,Devices/[DemoWWTP]/Controller:Global/FM101.EnableOut,,Boolean
0,Devices/[DemoWWTP]/Controller:Global/FM101.DIGITAL_PULSE_EN,,Boolean
0,Devices/[DemoWWTP]/Controller:Global/FM101.FLOW_PULSE,,Boolean
0,Devices/[DemoWWTP]/Controller:Global/FM101.ETHERNET_TOTALISER,,Float
0,Devices/[DemoWWTP]/Controller:Global/FM101.VALVE_OP_EN,,Boolean
0,Devices/[DemoWWTP]/Controller:Global/FM101.VALVE_OPEN,,Boolean
0,Devices/[DemoWWTP]/Controller:Global/FM101.FLOW_TOTALISER,,Int32
0,Devices/[DemoWWTP]/Controller:Global/FM101.SCADA_DISPLAY,,Float
0,Devices/[DemoWWTP]/Controller:Global/FM101.PEAK_FLOW_HOUR_VOL,,Int32
0,Devices/[DemoWWTP]/Controller:Global/FM101.PEAK_FLOW_HOUR_HR,,Int32
0,Devices/[DemoWWTP]/Controller:Global/FM101.PEAK_FLOW_HOUR_DAY,,Int32
0,Devices/[DemoWWTP]/Controller:Global/FM101.PEAK_FLOW_HOUR_MONTH,,Int32
0,Devices/[DemoWWTP]/Controller:Global/FM101.PEAK_FLOW_HOUR_YR,,Int32
0,Devices/[DemoWWTP]/Controller:Global/FM101.PEAK_FLOW_2HOUR_VOL,,Int32
0,Devices/[DemoWWTP]/Controller:Global/FM101.PEAK_FLOW_2HOUR_HR,,Int32
0,Devices/[DemoWWTP]/Controller:Global/FM101.PEAK_FLOW_2HOUR_DAY,,Int32
0,Devices/[DemoWWTP]/Controller:Global/FM101.PEAK_FLOW_2HOUR_MONTH,,Int32
0,Devices/[DemoWWTP]/Controller:Global/FM101.PEAK_FLOW_2HOUR_YR,,Int32
0,Devices/[DemoWWTP]/Controller:Global/FM101.PEAK_FLOW_24HOUR_VOL,,Int32
0,Devices/[DemoWWTP]/Controller:Global/FM101.PEAK_FLOW_24HOUR_HR,,Int32
0,Devices/[DemoWWTP]/Controller:Global/FM101.PEAK_FLOW_24HOUR_DAY,,Int32
0,Devices/[DemoWWTP]/Controller:Global/FM101.PEAK_FLOW_24HOUR_MONTH,,Int32
0,Devices/[DemoWWTP]/Controller:Global/FM101.PEAK_FLOW_24HOUR_YR,,Int32
0,Devices/[DemoWWTP]/Controller:Global/FM101_ARRAY.DAYS,,Int32
0,Devices/[DemoWWTP]/Controller:Global/FM101_ARRAY.WEEKS,,Int32
0,Devices/[DemoWWTP]/Controller:Global/FM101_ARRAY.MONTHS,,Int32
0,Devices/[DemoWWTP]/Controller:Global/FM101_ARRAY.YEARS,,Int32
0,Devices/[DemoWWTP]/Controller:Global/FM101_D.EnableIn,,Boolean
0,Devices/[DemoWWTP]/Controller:Global/FM101_D.EnableOut,,Boolean
0,Devices/[DemoWWTP]/Controller:Global/FM101_D.DIAGNOSTICS,,Int32
0,Devices/[DemoWWTP]/Controller:Global/FM101_D.FLOW_RATE,,Float
0,Devices/[DemoWWTP]/Controller:Global/FM101_D.MASS_FLOW_RATE,,Float
0,Devices/[DemoWWTP]/Controller:Global/FM101_D.CONDUCTIVITY,,Float
0,Devices/[DemoWWTP]/Controller:Global/FM101_D.CONNECTION_FAULT,,Boolean
0,Devices/[DemoWWTP]/Controller:Global/FM101_D.TOTALISER,,Float
0,Devices/[DemoWWTP]/Controller:Global/FM101_D.ResetPB,,Boolean
0,Devices/[DemoWWTP]/Controller:Global/FM101_D.AL_COND_EN,,Boolean
0,Devices/[DemoWWTP]/Controller:Global/FM101_D.COND_HiHi_En,,Boolean
0,Devices/[DemoWWTP]/Controller:Global/FM101_D.COND_HiHi_ASP,,Float
0,Devices/[DemoWWTP]/Controller:Global/FM101_D.COND_HiHi_Time,,Int32
0,Devices/[DemoWWTP]/Controller:Global/FM101_D.COND_Hi_En,,Boolean
0,Devices/[DemoWWTP]/Controller:Global/FM101_D.COND_Hi_ASP,,Float
0,Devices/[DemoWWTP]/Controller:Global/FM101_D.COND_Hi_Time,,Int32
0,Devices/[DemoWWTP]/Controller:Global/FM101_D.COND_Lo_En,,Boolean
0,Devices/[DemoWWTP]/Controller:Global/FM101_D.COND_Lo_ASP,,Float
0,Devices/[DemoWWTP]/Controller:Global/FM101_D.COND_Lo_Time,,Int32
0,Devices/[DemoWWTP]/Controller:Global/FM101_D.COND_LoLo_En,,Boolean
0,Devices/[DemoWWTP]/Controller:Global/FM101_D.COND_LoLo_ASP,,Float
0,Devices/[DemoWWTP]/Controller:Global/FM101_D.COND_LoLo_Time,,Int32
0,Devices/[DemoWWTP]/Controller:Global/FM101_DWORD,,String
0,Devices/[DemoWWTP]/Controller:Global/FM101_ENET.EnableIn,,Boolean
0,Devices/[DemoWWTP]/Controller:Global/FM101_ENET.EnableOut,,Boolean
0,Devices/[DemoWWTP]/Controller:Global/FM101_ENET.DIAGNOSTICS,,Int32
0,Devices/[DemoWWTP]/Controller:Global/FM101_ENET.FLOW_RATE,,Float
0,Devices/[DemoWWTP]/Controller:Global/FM101_ENET.MASS_FLOW_RATE,,Float
0,Devices/[DemoWWTP]/Controller:Global/FM101_ENET.CONDUCTIVITY,,Float
0,Devices/[DemoWWTP]/Controller:Global/FM101_ENET.CONNECTION_FAULT,,Boolean
0,Devices/[DemoWWTP]/Controller:Global/FM101_ENET.TOTALISER,,Float
0,Devices/[DemoWWTP]/Controller:Global/FM101_ENET.ResetPB,,Boolean
0,Devices/[DemoWWTP]/Controller:Global/FM101_ENET.AL_COND_EN,,Boolean
0,Devices/[DemoWWTP]/Controller:Global/FM101_ENET.COND_HiHi_En,,Boolean
0,Devices/[DemoWWTP]/Controller:Global/FM101_ENET.COND_HiHi_ASP,,Float
0,Devices/[DemoWWTP]/Controller:Global/FM101_ENET.COND_HiHi_Time,,Int32
0,Devices/[DemoWWTP]/Controller:Global/FM101_ENET.COND_Hi_En,,Boolean
0,Devices/[DemoWWTP]/Controller:Global/FM101_ENET.COND_Hi_ASP,,Float
0,Devices/[DemoWWTP]/Controller:Global/FM101_ENET.COND_Hi_Time,,Int32
0,Devices/[DemoWWTP]/Controller:Global/FM101_ENET.COND_Lo_En,,Boolean
0,Devices/[DemoWWTP]/Controller:Global/FM101_ENET.COND_Lo_ASP,,Float
0,Devices/[DemoWWTP]/Controller:Global/FM101_ENET.COND_Lo_Time,,Int32
0,Devices/[DemoWWTP]/Controller:Global/FM101_ENET.COND_LoLo_En,,Boolean
0,Devices/[DemoWWTP]/Controller:Global/FM101_ENET.COND_LoLo_ASP,,Float
0,Devices/[DemoWWTP]/Controller:Global/FM101_ENET.COND_LoLo_Time,,Int32
0,Devices/[DemoWWTP]/Controller:Global/FM102.EnableIn,,Boolean
0,Devices/[DemoWWTP]/Controller:Global/FM102.EnableOut,,Boolean
0,Devices/[DemoWWTP]/Controller:Global/FM102.DIGITAL_PULSE_EN,,Boolean
0,Devices/[DemoWWTP]/Controller:Global/FM102.FLOW_PULSE,,Boolean
0,Devices/[DemoWWTP]/Controller:Global/FM102.ETHERNET_TOTALISER,,Float
0,Devices/[DemoWWTP]/Controller:Global/FM102.VALVE_OP_EN,,Boolean
0,Devices/[DemoWWTP]/Controller:Global/FM102.VALVE_OPEN,,Boolean
0,Devices/[DemoWWTP]/Controller:Global/FM102.FLOW_TOTALISER,,Int32
0,Devices/[DemoWWTP]/Controller:Global/FM102.SCADA_DISPLAY,,Float
0,Devices/[DemoWWTP]/Controller:Global/FM102.PEAK_FLOW_HOUR_VOL,,Int32
0,Devices/[DemoWWTP]/Controller:Global/FM102.PEAK_FLOW_HOUR_HR,,Int32
0,Devices/[DemoWWTP]/Controller:Global/FM102.PEAK_FLOW_HOUR_DAY,,Int32
0,Devices/[DemoWWTP]/Controller:Global/FM102.PEAK_FLOW_HOUR_MONTH,,Int32
0,Devices/[DemoWWTP]/Controller:Global/FM102.PEAK_FLOW_HOUR_YR,,Int32
0,Devices/[DemoWWTP]/Controller:Global/FM102.PEAK_FLOW_2HOUR_VOL,,Int32
0,Devices/[DemoWWTP]/Controller:Global/FM102.PEAK_FLOW_2HOUR_HR,,Int32
0,Devices/[DemoWWTP]/Controller:Global/FM102.PEAK_FLOW_2HOUR_DAY,,Int32
0,Devices/[DemoWWTP]/Controller:Global/FM102.PEAK_FLOW_2HOUR_MONTH,,Int32
0,Devices/[DemoWWTP]/Controller:Global/FM102.PEAK_FLOW_2HOUR_YR,,Int32
0,Devices/[DemoWWTP]/Controller:Global/FM102.PEAK_FLOW_24HOUR_VOL,,Int32
0,Devices/[DemoWWTP]/Controller:Global/FM102.PEAK_FLOW_24HOUR_HR,,Int32
0,Devices/[DemoWWTP]/Controller:Global/FM102.PEAK_FLOW_24HOUR_DAY,,Int32
0,Devices/[DemoWWTP]/Controller:Global/FM102.PEAK_FLOW_24HOUR_MONTH,,Int32
0,Devices/[DemoWWTP]/Controller:Global/FM102.PEAK_FLOW_24HOUR_YR,,Int32
0,Devices/[DemoWWTP]/Controller:Global/FM102_ARRAY.DAYS,,Int32
0,Devices/[DemoWWTP]/Controller:Global/FM102_ARRAY.WEEKS,,Int32
0,Devices/[DemoWWTP]/Controller:Global/FM102_ARRAY.MONTHS,,Int32
0,Devices/[DemoWWTP]/Controller:Global/FM102_ARRAY.YEARS,,Int32
0,Devices/[DemoWWTP]/Controller:Global/FM102_ENET.EnableIn,,Boolean
0,Devices/[DemoWWTP]/Controller:Global/FM102_ENET.EnableOut,,Boolean
0,Devices/[DemoWWTP]/Controller:Global/FM102_ENET.DIAGNOSTICS,,Int32
0,Devices/[DemoWWTP]/Controller:Global/FM102_ENET.FLOW_RATE,,Float
0,Devices/[DemoWWTP]/Controller:Global/FM102_ENET.MASS_FLOW_RATE,,Float
0,Devices/[DemoWWTP]/Controller:Global/FM102_ENET.CONDUCTIVITY,,Float
0,Devices/[DemoWWTP]/Controller:Global/FM102_ENET.CONNECTION_FAULT,,Boolean
0,Devices/[DemoWWTP]/Controller:Global/FM102_ENET.TOTALISER,,Float
0,Devices/[DemoWWTP]/Controller:Global/FM102_ENET.ResetPB,,Boolean
0,Devices/[DemoWWTP]/Controller:Global/FM102_ENET.AL_COND_EN,,Boolean
0,Devices/[DemoWWTP]/Controller:Global/FM102_ENET.COND_HiHi_En,,Boolean
0,Devices/[DemoWWTP]/Controller:Global/FM102_ENET.COND_HiHi_ASP,,Float
0,Devices/[DemoWWTP]/Controller:Global/FM102_ENET.COND_HiHi_Time,,Int32
0,Devices/[DemoWWTP]/Controller:Global/FM102_ENET.COND_Hi_En,,Boolean
0,Devices/[DemoWWTP]/Controller:Global/FM102_ENET.COND_Hi_ASP,,Float
0,Devices/[DemoWWTP]/Controller:Global/FM102_ENET.COND_Hi_Time,,Int32
0,Devices/[DemoWWTP]/Controller:Global/FM102_ENET.COND_Lo_En,,Boolean
0,Devices/[DemoWWTP]/Controller:Global/FM102_ENET.COND_Lo_ASP,,Float
0,Devices/[DemoWWTP]/Controller:Global/FM102_ENET.COND_Lo_Time,,Int32
0,Devices/[DemoWWTP]/Controller:Global/FM102_ENET.COND_LoLo_En,,Boolean
0,Devices/[DemoWWTP]/Controller:Global/FM102_ENET.COND_LoLo_ASP,,Float
0,Devices/[DemoWWTP]/Controller:Global/FM102_ENET.COND_LoLo_Time,,Int32
0,Devices/[DemoWWTP]/Controller:Global/FM103.EnableIn,,Boolean
0,Devices/[DemoWWTP]/Controller:Global/FM103.EnableOut,,Boolean
0,Devices/[DemoWWTP]/Controller:Global/FM103.DIGITAL_PULSE_EN,,Boolean
0,Devices/[DemoWWTP]/Controller:Global/FM103.FLOW_PULSE,,Boolean
0,Devices/[DemoWWTP]/Controller:Global/FM103.ETHERNET_TOTALISER,,Float
0,Devices/[DemoWWTP]/Controller:Global/FM103.VALVE_OP_EN,,Boolean
0,Devices/[DemoWWTP]/Controller:Global/FM103.VALVE_OPEN,,Boolean
0,Devices/[DemoWWTP]/Controller:Global/FM103.FLOW_TOTALISER,,Int32
0,Devices/[DemoWWTP]/Controller:Global/FM103.SCADA_DISPLAY,,Float
0,Devices/[DemoWWTP]/Controller:Global/FM103.PEAK_FLOW_HOUR_VOL,,Int32
0,Devices/[DemoWWTP]/Controller:Global/FM103.PEAK_FLOW_HOUR_HR,,Int32
0,Devices/[DemoWWTP]/Controller:Global/FM103.PEAK_FLOW_HOUR_DAY,,Int32
0,Devices/[DemoWWTP]/Controller:Global/FM103.PEAK_FLOW_HOUR_MONTH,,Int32
0,Devices/[DemoWWTP]/Controller:Global/FM103.PEAK_FLOW_HOUR_YR,,Int32
0,Devices/[DemoWWTP]/Controller:Global/FM103.PEAK_FLOW_2HOUR_VOL,,Int32
0,Devices/[DemoWWTP]/Controller:Global/FM103.PEAK_FLOW_2HOUR_HR,,Int32
0,Devices/[DemoWWTP]/Controller:Global/FM103.PEAK_FLOW_2HOUR_DAY,,Int32
0,Devices/[DemoWWTP]/Controller:Global/FM103.PEAK_FLOW_2HOUR_MONTH,,Int32
0,Devices/[DemoWWTP]/Controller:Global/FM103.PEAK_FLOW_2HOUR_YR,,Int32
0,Devices/[DemoWWTP]/Controller:Global/FM103.PEAK_FLOW_24HOUR_VOL,,Int32
0,Devices/[DemoWWTP]/Controller:Global/FM103.PEAK_FLOW_24HOUR_HR,,Int32
0,Devices/[DemoWWTP]/Controller:Global/FM103.PEAK_FLOW_24HOUR_DAY,,Int32
0,Devices/[DemoWWTP]/Controller:Global/FM103.PEAK_FLOW_24HOUR_MONTH,,Int32
0,Devices/[DemoWWTP]/Controller:Global/FM103.PEAK_FLOW_24HOUR_YR,,Int32
0,Devices/[DemoWWTP]/Controller:Global/FM103_ARRAY.DAYS,,Int32
0,Devices/[DemoWWTP]/Controller:Global/FM103_ARRAY.WEEKS,,Int32
0,Devices/[DemoWWTP]/Controller:Global/FM103_ARRAY.MONTHS,,Int32
0,Devices/[DemoWWTP]/Controller:Global/FM103_ARRAY.YEARS,,Int32
0,Devices/[DemoWWTP]/Controller:Global/FM103_ENET.EnableIn,,Boolean
0,Devices/[DemoWWTP]/Controller:Global/FM103_ENET.EnableOut,,Boolean
0,Devices/[DemoWWTP]/Controller:Global/FM103_ENET.DIAGNOSTICS,,Int32
0,Devices/[DemoWWTP]/Controller:Global/FM103_ENET.FLOW_RATE,,Float
0,Devices/[DemoWWTP]/Controller:Global/FM103_ENET.MASS_FLOW_RATE,,Float
0,Devices/[DemoWWTP]/Controller:Global/FM103_ENET.CONDUCTIVITY,,Float
0,Devices/[DemoWWTP]/Controller:Global/FM103_ENET.CONNECTION_FAULT,,Boolean
0,Devices/[DemoWWTP]/Controller:Global/FM103_ENET.TOTALISER,,Float
0,Devices/[DemoWWTP]/Controller:Global/FM103_ENET.ResetPB,,Boolean
0,Devices/[DemoWWTP]/Controller:Global/FM103_ENET.AL_COND_EN,,Boolean
0,Devices/[DemoWWTP]/Controller:Global/FM103_ENET.COND_HiHi_En,,Boolean
0,Devices/[DemoWWTP]/Controller:Global/FM103_ENET.COND_HiHi_ASP,,Float
0,Devices/[DemoWWTP]/Controller:Global/FM103_ENET.COND_HiHi_Time,,Int32
0,Devices/[DemoWWTP]/Controller:Global/FM103_ENET.COND_Hi_En,,Boolean
0,Devices/[DemoWWTP]/Controller:Global/FM103_ENET.COND_Hi_ASP,,Float
0,Devices/[DemoWWTP]/Controller:Global/FM103_ENET.COND_Hi_Time,,Int32
0,Devices/[DemoWWTP]/Controller:Global/FM103_ENET.COND_Lo_En,,Boolean
0,Devices/[DemoWWTP]/Controller:Global/FM103_ENET.COND_Lo_ASP,,Float
0,Devices/[DemoWWTP]/Controller:Global/FM103_ENET.COND_Lo_Time,,Int32
0,Devices/[DemoWWTP]/Controller:Global/FM103_ENET.COND_LoLo_En,,Boolean
0,Devices/[DemoWWTP]/Controller:Global/FM103_ENET.COND_LoLo_ASP,,Float
0,Devices/[DemoWWTP]/Controller:Global/FM103_ENET.COND_LoLo_Time,,Int32
0,Devices/[DemoWWTP]/Controller:Global/FM301.EnableIn,,Boolean
0,Devices/[DemoWWTP]/Controller:Global/FM301.EnableOut,,Boolean
0,Devices/[DemoWWTP]/Controller:Global/FM301.DIGITAL_PULSE_EN,,Boolean
0,Devices/[DemoWWTP]/Controller:Global/FM301.FLOW_PULSE,,Boolean
0,Devices/[DemoWWTP]/Controller:Global/FM301.ETHERNET_TOTALISER,,Float
0,Devices/[DemoWWTP]/Controller:Global/FM301.VALVE_OP_EN,,Boolean
0,Devices/[DemoWWTP]/Controller:Global/FM301.VALVE_OPEN,,Boolean
0,Devices/[DemoWWTP]/Controller:Global/FM301.FLOW_TOTALISER,,Int32
0,Devices/[DemoWWTP]/Controller:Global/FM301.SCADA_DISPLAY,,Float
0,Devices/[DemoWWTP]/Controller:Global/FM301.PEAK_FLOW_HOUR_VOL,,Int32
0,Devices/[DemoWWTP]/Controller:Global/FM301.PEAK_FLOW_HOUR_HR,,Int32
0,Devices/[DemoWWTP]/Controller:Global/FM301.PEAK_FLOW_HOUR_DAY,,Int32
0,Devices/[DemoWWTP]/Controller:Global/FM301.PEAK_FLOW_HOUR_MONTH,,Int32
0,Devices/[DemoWWTP]/Controller:Global/FM301.PEAK_FLOW_HOUR_YR,,Int32
0,Devices/[DemoWWTP]/Controller:Global/FM301.PEAK_FLOW_2HOUR_VOL,,Int32
0,Devices/[DemoWWTP]/Controller:Global/FM301.PEAK_FLOW_2HOUR_HR,,Int32
0,Devices/[DemoWWTP]/Controller:Global/FM301.PEAK_FLOW_2HOUR_DAY,,Int32
0,Devices/[DemoWWTP]/Controller:Global/FM301.PEAK_FLOW_2HOUR_MONTH,,Int32
0,Devices/[DemoWWTP]/Controller:Global/FM301.PEAK_FLOW_2HOUR_YR,,Int32
0,Devices/[DemoWWTP]/Controller:Global/FM301.PEAK_FLOW_24HOUR_VOL,,Int32
0,Devices/[DemoWWTP]/Controller:Global/FM301.PEAK_FLOW_24HOUR_HR,,Int32
0,Devices/[DemoWWTP]/Controller:Global/FM301.PEAK_FLOW_24HOUR_DAY,,Int32
0,Devices/[DemoWWTP]/Controller:Global/FM301.PEAK_FLOW_24HOUR_MONTH,,Int32
0,Devices/[DemoWWTP]/Controller:Global/FM301.PEAK_FLOW_24HOUR_YR,,Int32
0,Devices/[DemoWWTP]/Controller:Global/FM301_ARRAY.DAYS,,Int32
0,Devices/[DemoWWTP]/Controller:Global/FM301_ARRAY.WEEKS,,Int32
0,Devices/[DemoWWTP]/Controller:Global/FM301_ARRAY.MONTHS,,Int32
0,Devices/[DemoWWTP]/Controller:Global/FM301_ARRAY.YEARS,,Int32
0,Devices/[DemoWWTP]/Controller:Global/FM301_ENET.EnableIn,,Boolean
0,Devices/[DemoWWTP]/Controller:Global/FM301_ENET.EnableOut,,Boolean
0,Devices/[DemoWWTP]/Controller:Global/FM301_ENET.DIAGNOSTICS,,Int32
0,Devices/[DemoWWTP]/Controller:Global/FM301_ENET.FLOW_RATE,,Float
0,Devices/[DemoWWTP]/Controller:Global/FM301_ENET.MASS_FLOW_RATE,,Float
0,Devices/[DemoWWTP]/Controller:Global/FM301_ENET.CONDUCTIVITY,,Float
0,Devices/[DemoWWTP]/Controller:Global/FM301_ENET.CONNECTION_FAULT,,Boolean
0,Devices/[DemoWWTP]/Controller:Global/FM301_ENET.TOTALISER,,Float
0,Devices/[DemoWWTP]/Controller:Global/FM301_ENET.ResetPB,,Boolean
0,Devices/[DemoWWTP]/Controller:Global/FM301_ENET.AL_COND_EN,,Boolean
0,Devices/[DemoWWTP]/Controller:Global/FM301_ENET.COND_HiHi_En,,Boolean
0,Devices/[DemoWWTP]/Controller:Global/FM301_ENET.COND_HiHi_ASP,,Float
0,Devices/[DemoWWTP]/Controller:Global/FM301_ENET.COND_HiHi_Time,,Int32
0,Devices/[DemoWWTP]/Controller:Global/FM301_ENET.COND_Hi_En,,Boolean
0,Devices/[DemoWWTP]/Controller:Global/FM301_ENET.COND_Hi_ASP,,Float
0,Devices/[DemoWWTP]/Controller:Global/FM301_ENET.COND_Hi_Time,,Int32
0,Devices/[DemoWWTP]/Controller:Global/FM301_ENET.COND_Lo_En,,Boolean
0,Devices/[DemoWWTP]/Controller:Global/FM301_ENET.COND_Lo_ASP,,Float
0,Devices/[DemoWWTP]/Controller:Global/FM301_ENET.COND_Lo_Time,,Int32
0,Devices/[DemoWWTP]/Controller:Global/FM301_ENET.COND_LoLo_En,,Boolean
0,Devices/[DemoWWTP]/Controller:Global/FM301_ENET.COND_LoLo_ASP,,Float
0,Devices/[DemoWWTP]/Controller:Global/FM301_ENET.COND_LoLo_Time,,Int32
0,Devices/[DemoWWTP]/Controller:Global/FM302.EnableIn,,Boolean
0,Devices/[DemoWWTP]/Controller:Global/FM302.EnableOut,,Boolean
0,Devices/[DemoWWTP]/Controller:Global/FM302.DIGITAL_PULSE_EN,,Boolean
0,Devices/[DemoWWTP]/Controller:Global/FM302.FLOW_PULSE,,Boolean
0,Devices/[DemoWWTP]/Controller:Global/FM302.ETHERNET_TOTALISER,,Float
0,Devices/[DemoWWTP]/Controller:Global/FM302.VALVE_OP_EN,,Boolean
0,Devices/[DemoWWTP]/Controller:Global/FM302.VALVE_OPEN,,Boolean
0,Devices/[DemoWWTP]/Controller:Global/FM302.FLOW_TOTALISER,,Int32
0,Devices/[DemoWWTP]/Controller:Global/FM302.SCADA_DISPLAY,,Float
0,Devices/[DemoWWTP]/Controller:Global/FM302.PEAK_FLOW_HOUR_VOL,,Int32
0,Devices/[DemoWWTP]/Controller:Global/FM302.PEAK_FLOW_HOUR_HR,,Int32
0,Devices/[DemoWWTP]/Controller:Global/FM302.PEAK_FLOW_HOUR_DAY,,Int32
0,Devices/[DemoWWTP]/Controller:Global/FM302.PEAK_FLOW_HOUR_MONTH,,Int32
0,Devices/[DemoWWTP]/Controller:Global/FM302.PEAK_FLOW_HOUR_YR,,Int32
0,Devices/[DemoWWTP]/Controller:Global/FM302.PEAK_FLOW_2HOUR_VOL,,Int32
0,Devices/[DemoWWTP]/Controller:Global/FM302.PEAK_FLOW_2HOUR_HR,,Int32
0,Devices/[DemoWWTP]/Controller:Global/FM302.PEAK_FLOW_2HOUR_DAY,,Int32
0,Devices/[DemoWWTP]/Controller:Global/FM302.PEAK_FLOW_2HOUR_MONTH,,Int32
0,Devices/[DemoWWTP]/Controller:Global/FM302.PEAK_FLOW_2HOUR_YR,,Int32
0,Devices/[DemoWWTP]/Controller:Global/FM302.PEAK_FLOW_24HOUR_VOL,,Int32
0,Devices/[DemoWWTP]/Controller:Global/FM302.PEAK_FLOW_24HOUR_HR,,Int32
0,Devices/[DemoWWTP]/Controller:Global/FM302.PEAK_FLOW_24HOUR_DAY,,Int32
0,Devices/[DemoWWTP]/Controller:Global/FM302.PEAK_FLOW_24HOUR_MONTH,,Int32
0,Devices/[DemoWWTP]/Controller:Global/FM302.PEAK_FLOW_24HOUR_YR,,Int32
0,Devices/[DemoWWTP]/Controller:Global/FM302_ARRAY.DAYS,,Int32
0,Devices/[DemoWWTP]/Controller:Global/FM302_ARRAY.WEEKS,,Int32
0,Devices/[DemoWWTP]/Controller:Global/FM302_ARRAY.MONTHS,,Int32
0,Devices/[DemoWWTP]/Controller:Global/FM302_ARRAY.YEARS,,Int32
0,Devices/[DemoWWTP]/Controller:Global/FM302_ENET.EnableIn,,Boolean
0,Devices/[DemoWWTP]/Controller:Global/FM302_ENET.EnableOut,,Boolean
0,Devices/[DemoWWTP]/Controller:Global/FM302_ENET.DIAGNOSTICS,,Int32
0,Devices/[DemoWWTP]/Controller:Global/FM302_ENET.FLOW_RATE,,Float
0,Devices/[DemoWWTP]/Controller:Global/FM302_ENET.MASS_FLOW_RATE,,Float
0,Devices/[DemoWWTP]/Controller:Global/FM302_ENET.CONDUCTIVITY,,Float
0,Devices/[DemoWWTP]/Controller:Global/FM302_ENET.CONNECTION_FAULT,,Boolean
0,Devices/[DemoWWTP]/Controller:Global/FM302_ENET.TOTALISER,,Float
0,Devices/[DemoWWTP]/Controller:Global/FM302_ENET.ResetPB,,Boolean
0,Devices/[DemoWWTP]/Controller:Global/FM302_ENET.AL_COND_EN,,Boolean
0,Devices/[DemoWWTP]/Controller:Global/FM302_ENET.COND_HiHi_En,,Boolean
0,Devices/[DemoWWTP]/Controller:Global/FM302_ENET.COND_HiHi_ASP,,Float
0,Devices/[DemoWWTP]/Controller:Global/FM302_ENET.COND_HiHi_Time,,Int32
0,Devices/[DemoWWTP]/Controller:Global/FM302_ENET.COND_Hi_En,,Boolean
0,Devices/[DemoWWTP]/Controller:Global/FM302_ENET.COND_Hi_ASP,,Float
0,Devices/[DemoWWTP]/Controller:Global/FM302_ENET.COND_Hi_Time,,Int32
0,Devices/[DemoWWTP]/Controller:Global/FM302_ENET.COND_Lo_En,,Boolean
0,Devices/[DemoWWTP]/Controller:Global/FM302_ENET.COND_Lo_ASP,,Float
0,Devices/[DemoWWTP]/Controller:Global/FM302_ENET.COND_Lo_Time,,Int32
0,Devices/[DemoWWTP]/Controller:Global/FM302_ENET.COND_LoLo_En,,Boolean
0,Devices/[DemoWWTP]/Controller:Global/FM302_ENET.COND_LoLo_ASP,,Float
0,Devices/[DemoWWTP]/Controller:Global/FM302_ENET.COND_LoLo_Time,,Int32
0,Devices/[DemoWWTP]/Controller:Global/FM304.EnableIn,,Boolean
0,Devices/[DemoWWTP]/Controller:Global/FM304.EnableOut,,Boolean
0,Devices/[DemoWWTP]/Controller:Global/FM304.Raw,,Int16
0,Devices/[DemoWWTP]/Controller:Global/FM304.RawMin,,Int16
0,Devices/[DemoWWTP]/Controller:Global/FM304.RawMax,,Int16
0,Devices/[DemoWWTP]/Controller:Global/FM304.EngMin,,Float
0,Devices/[DemoWWTP]/Controller:Global/FM304.EngMax,,Float
0,Devices/[DemoWWTP]/Controller:Global/FM304.AI_Ext,,Boolean
0,Devices/[DemoWWTP]/Controller:Global/FM304.AI_En,,Boolean
0,Devices/[DemoWWTP]/Controller:Global/FM304.Sim,,Boolean
0,Devices/[DemoWWTP]/Controller:Global/FM304.Reset,,Boolean
0,Devices/[DemoWWTP]/Controller:Global/FM304.Scaled,,Float
0,Devices/[DemoWWTP]/Controller:Global/FM304.PV,,Float
0,Devices/[DemoWWTP]/Controller:Global/FM304.AvgCntSP,,Int32
0,Devices/[DemoWWTP]/Controller:Global/FM304.ResetPB,,Boolean
0,Devices/[DemoWWTP]/Controller:Global/FM304.HiHi_En,,Boolean
0,Devices/[DemoWWTP]/Controller:Global/FM304.Hi_En,,Boolean
0,Devices/[DemoWWTP]/Controller:Global/FM304.Lo_En,,Boolean
0,Devices/[DemoWWTP]/Controller:Global/FM304.LoLo_En,,Boolean
0,Devices/[DemoWWTP]/Controller:Global/FM304.HiHi_ASP,,Float
0,Devices/[DemoWWTP]/Controller:Global/FM304.Hi_ASP,,Float
0,Devices/[DemoWWTP]/Controller:Global/FM304.Lo_ASP,,Float
0,Devices/[DemoWWTP]/Controller:Global/FM304.LoLo_ASP,,Float
0,Devices/[DemoWWTP]/Controller:Global/FM304.TxFlt_Time,,Float
0,Devices/[DemoWWTP]/Controller:Global/FM304.HiHi_Time,,Float
0,Devices/[DemoWWTP]/Controller:Global/FM304.Hi_Time,,Float
0,Devices/[DemoWWTP]/Controller:Global/FM304.Lo_Time,,Float
0,Devices/[DemoWWTP]/Controller:Global/FM304.LoLo_Time,,Float
0,Devices/[DemoWWTP]/Controller:Global/FM304.Avail,,Boolean
0,Devices/[DemoWWTP]/Controller:Global/FM304.Alarms,,Int16
0,Devices/[DemoWWTP]/Controller:Global/FM304.Fault,,Boolean
0,Devices/[DemoWWTP]/Controller:Global/FM304.TxFlt,,Boolean
0,Devices/[DemoWWTP]/Controller:Global/FM304.HiHi,,Boolean
0,Devices/[DemoWWTP]/Controller:Global/FM304.Hi,,Boolean
0,Devices/[DemoWWTP]/Controller:Global/FM304.Lo,,Boolean
0,Devices/[DemoWWTP]/Controller:Global/FM304.LoLo,,Boolean
0,Devices/[DemoWWTP]/Controller:Global/FM304.FQ_Wrn,,Boolean
0,Devices/[DemoWWTP]/Controller:Global/FM304.Sim_Alm_En,,Boolean
0,Devices/[DemoWWTP]/Controller:Global/FM304.ExtReset,,Boolean
0,Devices/[DemoWWTP]/Controller:Global/FM304.Latch_Time,,Float
0,Devices/[DemoWWTP]/Controller:Global/FM304.RecordStats,,Boolean
0,Devices/[DemoWWTP]/Controller:Global/FM304.ResetStats,,Boolean
0,Devices/[DemoWWTP]/Controller:Global/FM304.RecMin,,Float
0,Devices/[DemoWWTP]/Controller:Global/FM304.RecMax,,Float
0,Devices/[DemoWWTP]/Controller:Global/FM304.RecAvg,,Float
0,Devices/[DemoWWTP]/Controller:Global/FM304.RecMinPrev,,Float
0,Devices/[DemoWWTP]/Controller:Global/FM304.RecMaxPrev,,Float
0,Devices/[DemoWWTP]/Controller:Global/FM304.RecAvgPrev,,Float
0,Devices/[DemoWWTP]/Controller:Global/FM501.EnableIn,,Boolean
0,Devices/[DemoWWTP]/Controller:Global/FM501.EnableOut,,Boolean
0,Devices/[DemoWWTP]/Controller:Global/FM501.DIGITAL_PULSE_EN,,Boolean
0,Devices/[DemoWWTP]/Controller:Global/FM501.FLOW_PULSE,,Boolean
0,Devices/[DemoWWTP]/Controller:Global/FM501.ETHERNET_TOTALISER,,Float
0,Devices/[DemoWWTP]/Controller:Global/FM501.VALVE_OP_EN,,Boolean
0,Devices/[DemoWWTP]/Controller:Global/FM501.VALVE_OPEN,,Boolean
0,Devices/[DemoWWTP]/Controller:Global/FM501.FLOW_TOTALISER,,Int32
0,Devices/[DemoWWTP]/Controller:Global/FM501.SCADA_DISPLAY,,Float
0,Devices/[DemoWWTP]/Controller:Global/FM501.PEAK_FLOW_HOUR_VOL,,Int32
0,Devices/[DemoWWTP]/Controller:Global/FM501.PEAK_FLOW_HOUR_HR,,Int32
0,Devices/[DemoWWTP]/Controller:Global/FM501.PEAK_FLOW_HOUR_DAY,,Int32
0,Devices/[DemoWWTP]/Controller:Global/FM501.PEAK_FLOW_HOUR_MONTH,,Int32
0,Devices/[DemoWWTP]/Controller:Global/FM501.PEAK_FLOW_HOUR_YR,,Int32
0,Devices/[DemoWWTP]/Controller:Global/FM501.PEAK_FLOW_2HOUR_VOL,,Int32
0,Devices/[DemoWWTP]/Controller:Global/FM501.PEAK_FLOW_2HOUR_HR,,Int32
0,Devices/[DemoWWTP]/Controller:Global/FM501.PEAK_FLOW_2HOUR_DAY,,Int32
0,Devices/[DemoWWTP]/Controller:Global/FM501.PEAK_FLOW_2HOUR_MONTH,,Int32
0,Devices/[DemoWWTP]/Controller:Global/FM501.PEAK_FLOW_2HOUR_YR,,Int32
0,Devices/[DemoWWTP]/Controller:Global/FM501.PEAK_FLOW_24HOUR_VOL,,Int32
0,Devices/[DemoWWTP]/Controller:Global/FM501.PEAK_FLOW_24HOUR_HR,,Int32
0,Devices/[DemoWWTP]/Controller:Global/FM501.PEAK_FLOW_24HOUR_DAY,,Int32
0,Devices/[DemoWWTP]/Controller:Global/FM501.PEAK_FLOW_24HOUR_MONTH,,Int32
0,Devices/[DemoWWTP]/Controller:Global/FM501.PEAK_FLOW_24HOUR_YR,,Int32
0,Devices/[DemoWWTP]/Controller:Global/FM501_ARRAY.DAYS,,Int32
0,Devices/[DemoWWTP]/Controller:Global/FM501_ARRAY.WEEKS,,Int32
0,Devices/[DemoWWTP]/Controller:Global/FM501_ARRAY.MONTHS,,Int32
0,Devices/[DemoWWTP]/Controller:Global/FM501_ARRAY.YEARS,,Int32
0,Devices/[DemoWWTP]/Controller:Global/FM501_ENET.EnableIn,,Boolean
0,Devices/[DemoWWTP]/Controller:Global/FM501_ENET.EnableOut,,Boolean
0,Devices/[DemoWWTP]/Controller:Global/FM501_ENET.DIAGNOSTICS,,Int32
0,Devices/[DemoWWTP]/Controller:Global/FM501_ENET.FLOW_RATE,,Float
0,Devices/[DemoWWTP]/Controller:Global/FM501_ENET.MASS_FLOW_RATE,,Float
0,Devices/[DemoWWTP]/Controller:Global/FM501_ENET.CONDUCTIVITY,,Float
0,Devices/[DemoWWTP]/Controller:Global/FM501_ENET.CONNECTION_FAULT,,Boolean
0,Devices/[DemoWWTP]/Controller:Global/FM501_ENET.TOTALISER,,Float
0,Devices/[DemoWWTP]/Controller:Global/FM501_ENET.ResetPB,,Boolean
0,Devices/[DemoWWTP]/Controller:Global/FM501_ENET.AL_COND_EN,,Boolean
0,Devices/[DemoWWTP]/Controller:Global/FM501_ENET.COND_HiHi_En,,Boolean
0,Devices/[DemoWWTP]/Controller:Global/FM501_ENET.COND_HiHi_ASP,,Float
0,Devices/[DemoWWTP]/Controller:Global/FM501_ENET.COND_HiHi_Time,,Int32
0,Devices/[DemoWWTP]/Controller:Global/FM501_ENET.COND_Hi_En,,Boolean
0,Devices/[DemoWWTP]/Controller:Global/FM501_ENET.COND_Hi_ASP,,Float
0,Devices/[DemoWWTP]/Controller:Global/FM501_ENET.COND_Hi_Time,,Int32
0,Devices/[DemoWWTP]/Controller:Global/FM501_ENET.COND_Lo_En,,Boolean
0,Devices/[DemoWWTP]/Controller:Global/FM501_ENET.COND_Lo_ASP,,Float
0,Devices/[DemoWWTP]/Controller:Global/FM501_ENET.COND_Lo_Time,,Int32
0,Devices/[DemoWWTP]/Controller:Global/FM501_ENET.COND_LoLo_En,,Boolean
0,Devices/[DemoWWTP]/Controller:Global/FM501_ENET.COND_LoLo_ASP,,Float
0,Devices/[DemoWWTP]/Controller:Global/FM501_ENET.COND_LoLo_Time,,Int32
0,Devices/[DemoWWTP]/Controller:Global/FM502.EnableIn,,Boolean
0,Devices/[DemoWWTP]/Controller:Global/FM502.EnableOut,,Boolean
0,Devices/[DemoWWTP]/Controller:Global/FM502.DIGITAL_PULSE_EN,,Boolean
0,Devices/[DemoWWTP]/Controller:Global/FM502.FLOW_PULSE,,Boolean
0,Devices/[DemoWWTP]/Controller:Global/FM502.ETHERNET_TOTALISER,,Float
0,Devices/[DemoWWTP]/Controller:Global/FM502.VALVE_OP_EN,,Boolean
0,Devices/[DemoWWTP]/Controller:Global/FM502.VALVE_OPEN,,Boolean
0,Devices/[DemoWWTP]/Controller:Global/FM502.FLOW_TOTALISER,,Int32
0,Devices/[DemoWWTP]/Controller:Global/FM502.SCADA_DISPLAY,,Float
0,Devices/[DemoWWTP]/Controller:Global/FM502.PEAK_FLOW_HOUR_VOL,,Int32
0,Devices/[DemoWWTP]/Controller:Global/FM502.PEAK_FLOW_HOUR_HR,,Int32
0,Devices/[DemoWWTP]/Controller:Global/FM502.PEAK_FLOW_HOUR_DAY,,Int32
0,Devices/[DemoWWTP]/Controller:Global/FM502.PEAK_FLOW_HOUR_MONTH,,Int32
0,Devices/[DemoWWTP]/Controller:Global/FM502.PEAK_FLOW_HOUR_YR,,Int32
0,Devices/[DemoWWTP]/Controller:Global/FM502.PEAK_FLOW_2HOUR_VOL,,Int32
0,Devices/[DemoWWTP]/Controller:Global/FM502.PEAK_FLOW_2HOUR_HR,,Int32
0,Devices/[DemoWWTP]/Controller:Global/FM502.PEAK_FLOW_2HOUR_DAY,,Int32
0,Devices/[DemoWWTP]/Controller:Global/FM502.PEAK_FLOW_2HOUR_MONTH,,Int32
0,Devices/[DemoWWTP]/Controller:Global/FM502.PEAK_FLOW_2HOUR_YR,,Int32
0,Devices/[DemoWWTP]/Controller:Global/FM502.PEAK_FLOW_24HOUR_VOL,,Int32
0,Devices/[DemoWWTP]/Controller:Global/FM502.PEAK_FLOW_24HOUR_HR,,Int32
0,Devices/[DemoWWTP]/Controller:Global/FM502.PEAK_FLOW_24HOUR_DAY,,Int32
0,Devices/[DemoWWTP]/Controller:Global/FM502.PEAK_FLOW_24HOUR_MONTH,,Int32
0,Devices/[DemoWWTP]/Controller:Global/FM502.PEAK_FLOW_24HOUR_YR,,Int32
0,Devices/[DemoWWTP]/Controller:Global/FM502_ARRAY.DAYS,,Int32
0,Devices/[DemoWWTP]/Controller:Global/FM502_ARRAY.WEEKS,,Int32
0,Devices/[DemoWWTP]/Controller:Global/FM502_ARRAY.MONTHS,,Int32
0,Devices/[DemoWWTP]/Controller:Global/FM502_ARRAY.YEARS,,Int32
0,Devices/[DemoWWTP]/Controller:Global/FM502_ENET.EnableIn,,Boolean
0,Devices/[DemoWWTP]/Controller:Global/FM502_ENET.EnableOut,,Boolean
0,Devices/[DemoWWTP]/Controller:Global/FM502_ENET.DIAGNOSTICS,,Int32
0,Devices/[DemoWWTP]/Controller:Global/FM502_ENET.FLOW_RATE,,Float
0,Devices/[DemoWWTP]/Controller:Global/FM502_ENET.MASS_FLOW_RATE,,Float
0,Devices/[DemoWWTP]/Controller:Global/FM502_ENET.CONDUCTIVITY,,Float
0,Devices/[DemoWWTP]/Controller:Global/FM502_ENET.CONNECTION_FAULT,,Boolean
0,Devices/[DemoWWTP]/Controller:Global/FM502_ENET.TOTALISER,,Float
0,Devices/[DemoWWTP]/Controller:Global/FM502_ENET.ResetPB,,Boolean
0,Devices/[DemoWWTP]/Controller:Global/FM502_ENET.AL_COND_EN,,Boolean
0,Devices/[DemoWWTP]/Controller:Global/FM502_ENET.COND_HiHi_En,,Boolean
0,Devices/[DemoWWTP]/Controller:Global/FM502_ENET.COND_HiHi_ASP,,Float
0,Devices/[DemoWWTP]/Controller:Global/FM502_ENET.COND_HiHi_Time,,Int32
0,Devices/[DemoWWTP]/Controller:Global/FM502_ENET.COND_Hi_En,,Boolean
0,Devices/[DemoWWTP]/Controller:Global/FM502_ENET.COND_Hi_ASP,,Float
0,Devices/[DemoWWTP]/Controller:Global/FM502_ENET.COND_Hi_Time,,Int32
0,Devices/[DemoWWTP]/Controller:Global/FM502_ENET.COND_Lo_En,,Boolean
0,Devices/[DemoWWTP]/Controller:Global/FM502_ENET.COND_Lo_ASP,,Float
0,Devices/[DemoWWTP]/Controller:Global/FM502_ENET.COND_Lo_Time,,Int32
0,Devices/[DemoWWTP]/Controller:Global/FM502_ENET.COND_LoLo_En,,Boolean
0,Devices/[DemoWWTP]/Controller:Global/FM502_ENET.COND_LoLo_ASP,,Float
0,Devices/[DemoWWTP]/Controller:Global/FM502_ENET.COND_LoLo_Time,,Int32
0,Devices/[DemoWWTP]/Controller:Global/FM503.EnableIn,,Boolean
0,Devices/[DemoWWTP]/Controller:Global/FM503.EnableOut,,Boolean
0,Devices/[DemoWWTP]/Controller:Global/FM503.DIGITAL_PULSE_EN,,Boolean
0,Devices/[DemoWWTP]/Controller:Global/FM503.FLOW_PULSE,,Boolean
0,Devices/[DemoWWTP]/Controller:Global/FM503.ETHERNET_TOTALISER,,Float
0,Devices/[DemoWWTP]/Controller:Global/FM503.VALVE_OP_EN,,Boolean
0,Devices/[DemoWWTP]/Controller:Global/FM503.VALVE_OPEN,,Boolean
0,Devices/[DemoWWTP]/Controller:Global/FM503.FLOW_TOTALISER,,Int32
0,Devices/[DemoWWTP]/Controller:Global/FM503.SCADA_DISPLAY,,Float
0,Devices/[DemoWWTP]/Controller:Global/FM503.PEAK_FLOW_HOUR_VOL,,Int32
0,Devices/[DemoWWTP]/Controller:Global/FM503.PEAK_FLOW_HOUR_HR,,Int32
0,Devices/[DemoWWTP]/Controller:Global/FM503.PEAK_FLOW_HOUR_DAY,,Int32
0,Devices/[DemoWWTP]/Controller:Global/FM503.PEAK_FLOW_HOUR_MONTH,,Int32
0,Devices/[DemoWWTP]/Controller:Global/FM503.PEAK_FLOW_HOUR_YR,,Int32
0,Devices/[DemoWWTP]/Controller:Global/FM503.PEAK_FLOW_2HOUR_VOL,,Int32
0,Devices/[DemoWWTP]/Controller:Global/FM503.PEAK_FLOW_2HOUR_HR,,Int32
0,Devices/[DemoWWTP]/Controller:Global/FM503.PEAK_FLOW_2HOUR_DAY,,Int32
0,Devices/[DemoWWTP]/Controller:Global/FM503.PEAK_FLOW_2HOUR_MONTH,,Int32
0,Devices/[DemoWWTP]/Controller:Global/FM503.PEAK_FLOW_2HOUR_YR,,Int32
0,Devices/[DemoWWTP]/Controller:Global/FM503.PEAK_FLOW_24HOUR_VOL,,Int32
0,Devices/[DemoWWTP]/Controller:Global/FM503.PEAK_FLOW_24HOUR_HR,,Int32
0,Devices/[DemoWWTP]/Controller:Global/FM503.PEAK_FLOW_24HOUR_DAY,,Int32
0,Devices/[DemoWWTP]/Controller:Global/FM503.PEAK_FLOW_24HOUR_MONTH,,Int32
0,Devices/[DemoWWTP]/Controller:Global/FM503.PEAK_FLOW_24HOUR_YR,,Int32
0,Devices/[DemoWWTP]/Controller:Global/FM503_ARRAY.DAYS,,Int32
0,Devices/[DemoWWTP]/Controller:Global/FM503_ARRAY.WEEKS,,Int32
0,Devices/[DemoWWTP]/Controller:Global/FM503_ARRAY.MONTHS,,Int32
0,Devices/[DemoWWTP]/Controller:Global/FM503_ARRAY.YEARS,,Int32
0,Devices/[DemoWWTP]/Controller:Global/FM503_ENET.EnableIn,,Boolean
0,Devices/[DemoWWTP]/Controller:Global/FM503_ENET.EnableOut,,Boolean
0,Devices/[DemoWWTP]/Controller:Global/FM503_ENET.DIAGNOSTICS,,Int32
0,Devices/[DemoWWTP]/Controller:Global/FM503_ENET.FLOW_RATE,,Float
0,Devices/[DemoWWTP]/Controller:Global/FM503_ENET.MASS_FLOW_RATE,,Float
0,Devices/[DemoWWTP]/Controller:Global/FM503_ENET.CONDUCTIVITY,,Float
0,Devices/[DemoWWTP]/Controller:Global/FM503_ENET.CONNECTION_FAULT,,Boolean
0,Devices/[DemoWWTP]/Controller:Global/FM503_ENET.TOTALISER,,Float
0,Devices/[DemoWWTP]/Controller:Global/FM503_ENET.ResetPB,,Boolean
0,Devices/[DemoWWTP]/Controller:Global/FM503_ENET.AL_COND_EN,,Boolean
0,Devices/[DemoWWTP]/Controller:Global/FM503_ENET.COND_HiHi_En,,Boolean
0,Devices/[DemoWWTP]/Controller:Global/FM503_ENET.COND_HiHi_ASP,,Float
0,Devices/[DemoWWTP]/Controller:Global/FM503_ENET.COND_HiHi_Time,,Int32
0,Devices/[DemoWWTP]/Controller:Global/FM503_ENET.COND_Hi_En,,Boolean
0,Devices/[DemoWWTP]/Controller:Global/FM503_ENET.COND_Hi_ASP,,Float
0,Devices/[DemoWWTP]/Controller:Global/FM503_ENET.COND_Hi_Time,,Int32
0,Devices/[DemoWWTP]/Controller:Global/FM503_ENET.COND_Lo_En,,Boolean
0,Devices/[DemoWWTP]/Controller:Global/FM503_ENET.COND_Lo_ASP,,Float
0,Devices/[DemoWWTP]/Controller:Global/FM503_ENET.COND_Lo_Time,,Int32
0,Devices/[DemoWWTP]/Controller:Global/FM503_ENET.COND_LoLo_En,,Boolean
0,Devices/[DemoWWTP]/Controller:Global/FM503_ENET.COND_LoLo_ASP,,Float
0,Devices/[DemoWWTP]/Controller:Global/FM503_ENET.COND_LoLo_Time,,Int32
0,Devices/[DemoWWTP]/Controller:Global/FM504.EnableIn,,Boolean
0,Devices/[DemoWWTP]/Controller:Global/FM504.EnableOut,,Boolean
0,Devices/[DemoWWTP]/Controller:Global/FM504.DIGITAL_PULSE_EN,,Boolean
0,Devices/[DemoWWTP]/Controller:Global/FM504.FLOW_PULSE,,Boolean
0,Devices/[DemoWWTP]/Controller:Global/FM504.ETHERNET_TOTALISER,,Float
0,Devices/[DemoWWTP]/Controller:Global/FM504.VALVE_OP_EN,,Boolean
0,Devices/[DemoWWTP]/Controller:Global/FM504.VALVE_OPEN,,Boolean
0,Devices/[DemoWWTP]/Controller:Global/FM504.FLOW_TOTALISER,,Int32
0,Devices/[DemoWWTP]/Controller:Global/FM504.SCADA_DISPLAY,,Float
0,Devices/[DemoWWTP]/Controller:Global/FM504.PEAK_FLOW_HOUR_VOL,,Int32
0,Devices/[DemoWWTP]/Controller:Global/FM504.PEAK_FLOW_HOUR_HR,,Int32
0,Devices/[DemoWWTP]/Controller:Global/FM504.PEAK_FLOW_HOUR_DAY,,Int32
0,Devices/[DemoWWTP]/Controller:Global/FM504.PEAK_FLOW_HOUR_MONTH,,Int32
0,Devices/[DemoWWTP]/Controller:Global/FM504.PEAK_FLOW_HOUR_YR,,Int32
0,Devices/[DemoWWTP]/Controller:Global/FM504.PEAK_FLOW_2HOUR_VOL,,Int32
0,Devices/[DemoWWTP]/Controller:Global/FM504.PEAK_FLOW_2HOUR_HR,,Int32
0,Devices/[DemoWWTP]/Controller:Global/FM504.PEAK_FLOW_2HOUR_DAY,,Int32
0,Devices/[DemoWWTP]/Controller:Global/FM504.PEAK_FLOW_2HOUR_MONTH,,Int32
0,Devices/[DemoWWTP]/Controller:Global/FM504.PEAK_FLOW_2HOUR_YR,,Int32
0,Devices/[DemoWWTP]/Controller:Global/FM504.PEAK_FLOW_24HOUR_VOL,,Int32
0,Devices/[DemoWWTP]/Controller:Global/FM504.PEAK_FLOW_24HOUR_HR,,Int32
0,Devices/[DemoWWTP]/Controller:Global/FM504.PEAK_FLOW_24HOUR_DAY,,Int32
0,Devices/[DemoWWTP]/Controller:Global/FM504.PEAK_FLOW_24HOUR_MONTH,,Int32
0,Devices/[DemoWWTP]/Controller:Global/FM504.PEAK_FLOW_24HOUR_YR,,Int32
0,Devices/[DemoWWTP]/Controller:Global/FM504_ARRAY.DAYS,,Int32
0,Devices/[DemoWWTP]/Controller:Global/FM504_ARRAY.WEEKS,,Int32
0,Devices/[DemoWWTP]/Controller:Global/FM504_ARRAY.MONTHS,,Int32
0,Devices/[DemoWWTP]/Controller:Global/FM504_ARRAY.YEARS,,Int32
0,Devices/[DemoWWTP]/Controller:Global/FM504_ENET.EnableIn,,Boolean
0,Devices/[DemoWWTP]/Controller:Global/FM504_ENET.EnableOut,,Boolean
0,Devices/[DemoWWTP]/Controller:Global/FM504_ENET.DIAGNOSTICS,,Int32
0,Devices/[DemoWWTP]/Controller:Global/FM504_ENET.FLOW_RATE,,Float
0,Devices/[DemoWWTP]/Controller:Global/FM504_ENET.MASS_FLOW_RATE,,Float
0,Devices/[DemoWWTP]/Controller:Global/FM504_ENET.CONDUCTIVITY,,Float
0,Devices/[DemoWWTP]/Controller:Global/FM504_ENET.CONNECTION_FAULT,,Boolean
0,Devices/[DemoWWTP]/Controller:Global/FM504_ENET.TOTALISER,,Float
0,Devices/[DemoWWTP]/Controller:Global/FM504_ENET.ResetPB,,Boolean
0,Devices/[DemoWWTP]/Controller:Global/FM504_ENET.AL_COND_EN,,Boolean
0,Devices/[DemoWWTP]/Controller:Global/FM504_ENET.COND_HiHi_En,,Boolean
0,Devices/[DemoWWTP]/Controller:Global/FM504_ENET.COND_HiHi_ASP,,Float
0,Devices/[DemoWWTP]/Controller:Global/FM504_ENET.COND_HiHi_Time,,Int32
0,Devices/[DemoWWTP]/Controller:Global/FM504_ENET.COND_Hi_En,,Boolean
0,Devices/[DemoWWTP]/Controller:Global/FM504_ENET.COND_Hi_ASP,,Float
0,Devices/[DemoWWTP]/Controller:Global/FM504_ENET.COND_Hi_Time,,Int32
0,Devices/[DemoWWTP]/Controller:Global/FM504_ENET.COND_Lo_En,,Boolean
0,Devices/[DemoWWTP]/Controller:Global/FM504_ENET.COND_Lo_ASP,,Float
0,Devices/[DemoWWTP]/Controller:Global/FM504_ENET.COND_Lo_Time,,Int32
0,Devices/[DemoWWTP]/Controller:Global/FM504_ENET.COND_LoLo_En,,Boolean
0,Devices/[DemoWWTP]/Controller:Global/FM504_ENET.COND_LoLo_ASP,,Float
0,Devices/[DemoWWTP]/Controller:Global/FM504_ENET.COND_LoLo_Time,,Int32
0,Devices/[DemoWWTP]/Controller:Global/FM601.EnableIn,,Boolean
0,Devices/[DemoWWTP]/Controller:Global/FM601.EnableOut,,Boolean
0,Devices/[DemoWWTP]/Controller:Global/FM601.DIGITAL_PULSE_EN,,Boolean
0,Devices/[DemoWWTP]/Controller:Global/FM601.FLOW_PULSE,,Boolean
0,Devices/[DemoWWTP]/Controller:Global/FM601.ETHERNET_TOTALISER,,Float
0,Devices/[DemoWWTP]/Controller:Global/FM601.VALVE_OP_EN,,Boolean
0,Devices/[DemoWWTP]/Controller:Global/FM601.VALVE_OPEN,,Boolean
0,Devices/[DemoWWTP]/Controller:Global/FM601.FLOW_TOTALISER,,Int32
0,Devices/[DemoWWTP]/Controller:Global/FM601.SCADA_DISPLAY,,Float
0,Devices/[DemoWWTP]/Controller:Global/FM601.PEAK_FLOW_HOUR_VOL,,Int32
0,Devices/[DemoWWTP]/Controller:Global/FM601.PEAK_FLOW_HOUR_HR,,Int32
0,Devices/[DemoWWTP]/Controller:Global/FM601.PEAK_FLOW_HOUR_DAY,,Int32
0,Devices/[DemoWWTP]/Controller:Global/FM601.PEAK_FLOW_HOUR_MONTH,,Int32
0,Devices/[DemoWWTP]/Controller:Global/FM601.PEAK_FLOW_HOUR_YR,,Int32
0,Devices/[DemoWWTP]/Controller:Global/FM601.PEAK_FLOW_2HOUR_VOL,,Int32
0,Devices/[DemoWWTP]/Controller:Global/FM601.PEAK_FLOW_2HOUR_HR,,Int32
0,Devices/[DemoWWTP]/Controller:Global/FM601.PEAK_FLOW_2HOUR_DAY,,Int32
0,Devices/[DemoWWTP]/Controller:Global/FM601.PEAK_FLOW_2HOUR_MONTH,,Int32
0,Devices/[DemoWWTP]/Controller:Global/FM601.PEAK_FLOW_2HOUR_YR,,Int32
0,Devices/[DemoWWTP]/Controller:Global/FM601.PEAK_FLOW_24HOUR_VOL,,Int32
0,Devices/[DemoWWTP]/Controller:Global/FM601.PEAK_FLOW_24HOUR_HR,,Int32
0,Devices/[DemoWWTP]/Controller:Global/FM601.PEAK_FLOW_24HOUR_DAY,,Int32
0,Devices/[DemoWWTP]/Controller:Global/FM601.PEAK_FLOW_24HOUR_MONTH,,Int32
0,Devices/[DemoWWTP]/Controller:Global/FM601.PEAK_FLOW_24HOUR_YR,,Int32
0,Devices/[DemoWWTP]/Controller:Global/FM601_ARRAY.DAYS,,Int32
0,Devices/[DemoWWTP]/Controller:Global/FM601_ARRAY.WEEKS,,Int32
0,Devices/[DemoWWTP]/Controller:Global/FM601_ARRAY.MONTHS,,Int32
0,Devices/[DemoWWTP]/Controller:Global/FM601_ARRAY.YEARS,,Int32
0,Devices/[DemoWWTP]/Controller:Global/FM601_ENET.EnableIn,,Boolean
0,Devices/[DemoWWTP]/Controller:Global/FM601_ENET.EnableOut,,Boolean
0,Devices/[DemoWWTP]/Controller:Global/FM601_ENET.DIAGNOSTICS,,Int32
0,Devices/[DemoWWTP]/Controller:Global/FM601_ENET.FLOW_RATE,,Float
0,Devices/[DemoWWTP]/Controller:Global/FM601_ENET.MASS_FLOW_RATE,,Float
0,Devices/[DemoWWTP]/Controller:Global/FM601_ENET.CONDUCTIVITY,,Float
0,Devices/[DemoWWTP]/Controller:Global/FM601_ENET.CONNECTION_FAULT,,Boolean
0,Devices/[DemoWWTP]/Controller:Global/FM601_ENET.TOTALISER,,Float
0,Devices/[DemoWWTP]/Controller:Global/FM601_ENET.ResetPB,,Boolean
0,Devices/[DemoWWTP]/Controller:Global/FM601_ENET.AL_COND_EN,,Boolean
0,Devices/[DemoWWTP]/Controller:Global/FM601_ENET.COND_HiHi_En,,Boolean
0,Devices/[DemoWWTP]/Controller:Global/FM601_ENET.COND_HiHi_ASP,,Float
0,Devices/[DemoWWTP]/Controller:Global/FM601_ENET.COND_HiHi_Time,,Int32
0,Devices/[DemoWWTP]/Controller:Global/FM601_ENET.COND_Hi_En,,Boolean
0,Devices/[DemoWWTP]/Controller:Global/FM601_ENET.COND_Hi_ASP,,Float
0,Devices/[DemoWWTP]/Controller:Global/FM601_ENET.COND_Hi_Time,,Int32
0,Devices/[DemoWWTP]/Controller:Global/FM601_ENET.COND_Lo_En,,Boolean
0,Devices/[DemoWWTP]/Controller:Global/FM601_ENET.COND_Lo_ASP,,Float
0,Devices/[DemoWWTP]/Controller:Global/FM601_ENET.COND_Lo_Time,,Int32
0,Devices/[DemoWWTP]/Controller:Global/FM601_ENET.COND_LoLo_En,,Boolean
0,Devices/[DemoWWTP]/Controller:Global/FM601_ENET.COND_LoLo_ASP,,Float
0,Devices/[DemoWWTP]/Controller:Global/FM601_ENET.COND_LoLo_Time,,Int32
0,Devices/[DemoWWTP]/Controller:Global/FM701.EnableIn,,Boolean
0,Devices/[DemoWWTP]/Controller:Global/FM701.EnableOut,,Boolean
0,Devices/[DemoWWTP]/Controller:Global/FM701.DIGITAL_PULSE_EN,,Boolean
0,Devices/[DemoWWTP]/Controller:Global/FM701.FLOW_PULSE,,Boolean
0,Devices/[DemoWWTP]/Controller:Global/FM701.ETHERNET_TOTALISER,,Float
0,Devices/[DemoWWTP]/Controller:Global/FM701.VALVE_OP_EN,,Boolean
0,Devices/[DemoWWTP]/Controller:Global/FM701.VALVE_OPEN,,Boolean
0,Devices/[DemoWWTP]/Controller:Global/FM701.FLOW_TOTALISER,,Int32
0,Devices/[DemoWWTP]/Controller:Global/FM701.SCADA_DISPLAY,,Float
0,Devices/[DemoWWTP]/Controller:Global/FM701.PEAK_FLOW_HOUR_VOL,,Int32
0,Devices/[DemoWWTP]/Controller:Global/FM701.PEAK_FLOW_HOUR_HR,,Int32
0,Devices/[DemoWWTP]/Controller:Global/FM701.PEAK_FLOW_HOUR_DAY,,Int32
0,Devices/[DemoWWTP]/Controller:Global/FM701.PEAK_FLOW_HOUR_MONTH,,Int32
0,Devices/[DemoWWTP]/Controller:Global/FM701.PEAK_FLOW_HOUR_YR,,Int32
0,Devices/[DemoWWTP]/Controller:Global/FM701.PEAK_FLOW_2HOUR_VOL,,Int32
0,Devices/[DemoWWTP]/Controller:Global/FM701.PEAK_FLOW_2HOUR_HR,,Int32
0,Devices/[DemoWWTP]/Controller:Global/FM701.PEAK_FLOW_2HOUR_DAY,,Int32
0,Devices/[DemoWWTP]/Controller:Global/FM701.PEAK_FLOW_2HOUR_MONTH,,Int32
0,Devices/[DemoWWTP]/Controller:Global/FM701.PEAK_FLOW_2HOUR_YR,,Int32
0,Devices/[DemoWWTP]/Controller:Global/FM701.PEAK_FLOW_24HOUR_VOL,,Int32
0,Devices/[DemoWWTP]/Controller:Global/FM701.PEAK_FLOW_24HOUR_HR,,Int32
0,Devices/[DemoWWTP]/Controller:Global/FM701.PEAK_FLOW_24HOUR_DAY,,Int32
0,Devices/[DemoWWTP]/Controller:Global/FM701.PEAK_FLOW_24HOUR_MONTH,,Int32
0,Devices/[DemoWWTP]/Controller:Global/FM701.PEAK_FLOW_24HOUR_YR,,Int32
0,Devices/[DemoWWTP]/Controller:Global/FM701_ARRAY.DAYS,,Int32
0,Devices/[DemoWWTP]/Controller:Global/FM701_ARRAY.WEEKS,,Int32
0,Devices/[DemoWWTP]/Controller:Global/FM701_ARRAY.MONTHS,,Int32
0,Devices/[DemoWWTP]/Controller:Global/FM701_ARRAY.YEARS,,Int32
0,Devices/[DemoWWTP]/Controller:Global/FM701_ENET.EnableIn,,Boolean
0,Devices/[DemoWWTP]/Controller:Global/FM701_ENET.EnableOut,,Boolean
0,Devices/[DemoWWTP]/Controller:Global/FM701_ENET.DIAGNOSTICS,,Int32
0,Devices/[DemoWWTP]/Controller:Global/FM701_ENET.FLOW_RATE,,Float
0,Devices/[DemoWWTP]/Controller:Global/FM701_ENET.MASS_FLOW_RATE,,Float
0,Devices/[DemoWWTP]/Controller:Global/FM701_ENET.CONDUCTIVITY,,Float
0,Devices/[DemoWWTP]/Controller:Global/FM701_ENET.CONNECTION_FAULT,,Boolean
0,Devices/[DemoWWTP]/Controller:Global/FM701_ENET.TOTALISER,,Float
0,Devices/[DemoWWTP]/Controller:Global/FM701_ENET.ResetPB,,Boolean
0,Devices/[DemoWWTP]/Controller:Global/FM701_ENET.AL_COND_EN,,Boolean
0,Devices/[DemoWWTP]/Controller:Global/FM701_ENET.COND_HiHi_En,,Boolean
0,Devices/[DemoWWTP]/Controller:Global/FM701_ENET.COND_HiHi_ASP,,Float
0,Devices/[DemoWWTP]/Controller:Global/FM701_ENET.COND_HiHi_Time,,Int32
0,Devices/[DemoWWTP]/Controller:Global/FM701_ENET.COND_Hi_En,,Boolean
0,Devices/[DemoWWTP]/Controller:Global/FM701_ENET.COND_Hi_ASP,,Float
0,Devices/[DemoWWTP]/Controller:Global/FM701_ENET.COND_Hi_Time,,Int32
0,Devices/[DemoWWTP]/Controller:Global/FM701_ENET.COND_Lo_En,,Boolean
0,Devices/[DemoWWTP]/Controller:Global/FM701_ENET.COND_Lo_ASP,,Float
0,Devices/[DemoWWTP]/Controller:Global/FM701_ENET.COND_Lo_Time,,Int32
0,Devices/[DemoWWTP]/Controller:Global/FM701_ENET.COND_LoLo_En,,Boolean
0,Devices/[DemoWWTP]/Controller:Global/FM701_ENET.COND_LoLo_ASP,,Float
0,Devices/[DemoWWTP]/Controller:Global/FM701_ENET.COND_LoLo_Time,,Int32
0,Devices/[DemoWWTP]/Controller:Global/FT501_CCP.EnableIn,,Boolean
0,Devices/[DemoWWTP]/Controller:Global/FT501_CCP.EnableOut,,Boolean
0,Devices/[DemoWWTP]/Controller:Global/FT501_CCP.START_UP_SP,,Int32
0,Devices/[DemoWWTP]/Controller:Global/FT501_CCP.CCP_SP1_REJECT,,Float
0,Devices/[DemoWWTP]/Controller:Global/FT501_CCP.CCP_SP_SP1_PRESET,,Int32
0,Devices/[DemoWWTP]/Controller:Global/FT501_CCP.CCP_SP2_REJECT,,Float
0,Devices/[DemoWWTP]/Controller:Global/FT501_CCP.CCP_SP_SP2_PRESET,,Int32
0,Devices/[DemoWWTP]/Controller:Global/FT501_CCP.CCP_RESET_SP,,Float
0,Devices/[DemoWWTP]/Controller:Global/FT501_CCP.CCP_SP_RESET_PRESET,,Int32
0,Devices/[DemoWWTP]/Controller:Global/FT501_CCP.MEASURMENT_PV,,Float
0,Devices/[DemoWWTP]/Controller:Global/FT501_CCP.MEASUREMENT_FLT,,Boolean
0,Devices/[DemoWWTP]/Controller:Global/FT501_CCP.PUMP1_RUNNING,,Boolean
0,Devices/[DemoWWTP]/Controller:Global/FT501_CCP.PUMP2_RUNNING,,Boolean
0,Devices/[DemoWWTP]/Controller:Global/FT501_CCP.BYPASS_ACTIVE,,Boolean
0,Devices/[DemoWWTP]/Controller:Global/FT501_CCP.REJECT_VALVE_OPEN,,Boolean
0,Devices/[DemoWWTP]/Controller:Global/FT501_CCP.PASS_VALVE_OPEN,,Boolean
0,Devices/[DemoWWTP]/Controller:Global/FT501_CCP.CCP_REJECT,,Boolean
0,Devices/[DemoWWTP]/Controller:Global/FT501_CCP.LOGIC_INVERT,,Boolean
0,Devices/[DemoWWTP]/Controller:Global/FT501_OK_TO_FILL,,Boolean
0,Devices/[DemoWWTP]/Controller:Global/HET401.EnableIn,,Boolean
0,Devices/[DemoWWTP]/Controller:Global/HET401.EnableOut,,Boolean
0,Devices/[DemoWWTP]/Controller:Global/HET401.Run_FB,,Boolean
0,Devices/[DemoWWTP]/Controller:Global/HET401.Isl_OK,,Boolean
0,Devices/[DemoWWTP]/Controller:Global/HET401.CB_OK,,Boolean
0,Devices/[DemoWWTP]/Controller:Global/HET401.ESt_OK,,Boolean
0,Devices/[DemoWWTP]/Controller:Global/HET401.FQ,,Boolean
0,Devices/[DemoWWTP]/Controller:Global/HET401.Sim,,Boolean
0,Devices/[DemoWWTP]/Controller:Global/HET401.Reset,,Boolean
0,Devices/[DemoWWTP]/Controller:Global/HET401.En,,Boolean
0,Devices/[DemoWWTP]/Controller:Global/HET401.AutoRun,,Boolean
0,Devices/[DemoWWTP]/Controller:Global/HET401.RunDel,,Boolean
0,Devices/[DemoWWTP]/Controller:Global/HET401.StopDel,,Boolean
0,Devices/[DemoWWTP]/Controller:Global/HET401.Sts,,Int32
0,Devices/[DemoWWTP]/Controller:Global/HET401.Hour,,Int32
0,Devices/[DemoWWTP]/Controller:Global/HET401.Min,,Int32
0,Devices/[DemoWWTP]/Controller:Global/HET401.Start_WD,,Float
0,Devices/[DemoWWTP]/Controller:Global/HET401.Stop_WD,,Float
0,Devices/[DemoWWTP]/Controller:Global/HET401.Man,,Boolean
0,Devices/[DemoWWTP]/Controller:Global/HET401.StartPB,,Boolean
0,Devices/[DemoWWTP]/Controller:Global/HET401.StopPB,,Boolean
0,Devices/[DemoWWTP]/Controller:Global/HET401.ResetPB,,Boolean
0,Devices/[DemoWWTP]/Controller:Global/HET401.Avail,,Boolean
0,Devices/[DemoWWTP]/Controller:Global/HET401.Running,,Boolean
0,Devices/[DemoWWTP]/Controller:Global/HET401.Fault,,Boolean
0,Devices/[DemoWWTP]/Controller:Global/HET401.Siren,,Boolean
0,Devices/[DemoWWTP]/Controller:Global/HET401.PreStart,,Boolean
0,Devices/[DemoWWTP]/Controller:Global/HET401.IL,,Boolean
0,Devices/[DemoWWTP]/Controller:Global/HET401.SirenDurSP,,Float
0,Devices/[DemoWWTP]/Controller:Global/HET401.RunDel_SP,,Float
0,Devices/[DemoWWTP]/Controller:Global/HET401.StopDel_SP,,Float
0,Devices/[DemoWWTP]/Controller:Global/HET401.NoFlow_WD,,Float
0,Devices/[DemoWWTP]/Controller:Global/HET401.RunTimeResetPB,,Boolean
0,Devices/[DemoWWTP]/Controller:Global/HET401.Alarms,,Int16
0,Devices/[DemoWWTP]/Controller:Global/HET401.FQ_ons,,Boolean
0,Devices/[DemoWWTP]/Controller:Global/HET401.FQ_pls,,Boolean
0,Devices/[DemoWWTP]/Controller:Global/HET401.Dummy,,Boolean
0,Devices/[DemoWWTP]/Controller:Global/HET401.DosTotModePB,,Boolean
0,Devices/[DemoWWTP]/Controller:Global/HET401.StartFault,,Boolean
0,Devices/[DemoWWTP]/Controller:Global/HET401.StopFault,,Boolean
0,Devices/[DemoWWTP]/Controller:Global/HET401.CB_Fault,,Boolean
0,Devices/[DemoWWTP]/Controller:Global/HET401.IslFault,,Boolean
0,Devices/[DemoWWTP]/Controller:Global/HET401.NoFlowFault,,Boolean
0,Devices/[DemoWWTP]/Controller:Global/HET401.STARTS,,Int32
0,Devices/[DemoWWTP]/Controller:Global/HMI.Alarms,,Int32
0,Devices/[DemoWWTP]/Controller:Global/HMI.AlarmResetPB,,Boolean
0,Devices/[DemoWWTP]/Controller:Global/HMI.AlarmActive,,Boolean
0,Devices/[DemoWWTP]/Controller:Global/HMI.AlarmResetTimer.DN,,Boolean
0,Devices/[DemoWWTP]/Controller:Global/HMI.AlarmResetTimer.EN,,Boolean
0,Devices/[DemoWWTP]/Controller:Global/HMI.AlarmResetTimer.TT,,Boolean
0,Devices/[DemoWWTP]/Controller:Global/HMI.AlarmResetTimer.PRE,,Int32
0,Devices/[DemoWWTP]/Controller:Global/HMI.AlarmResetTimer.ACC,,Int32
0,Devices/[DemoWWTP]/Controller:Global/HMI.EStopOK,,Boolean
0,Devices/[DemoWWTP]/Controller:Global/HMI.PowerAlarmActive,,Boolean
0,Devices/[DemoWWTP]/Controller:Global/INITIATE_CIP_FILL,,Boolean
0,Devices/[DemoWWTP]/Controller:Global/INITIATE_WASH,,Boolean
0,Devices/[DemoWWTP]/Controller:Global/INLET_PIT_OK_TO_TRANSFER,,Boolean
0,Devices/[DemoWWTP]/Controller:Global/IS101.EnableIn,,Boolean
0,Devices/[DemoWWTP]/Controller:Global/IS101.EnableOut,,Boolean
0,Devices/[DemoWWTP]/Controller:Global/IS101.START_LEVEL_SENSOR,,Boolean
0,Devices/[DemoWWTP]/Controller:Global/IS101.LEVEL_SENSE_EN,,Boolean
0,Devices/[DemoWWTP]/Controller:Global/IS101.FLOW_RATE,,Float
0,Devices/[DemoWWTP]/Controller:Global/IS101.FLOW_RATE_SP,,Float
0,Devices/[DemoWWTP]/Controller:Global/IS101.FLOW_RATE_EN,,Boolean
0,Devices/[DemoWWTP]/Controller:Global/IS101.RUN_OVERIDE,,Boolean
0,Devices/[DemoWWTP]/Controller:Global/IS101.OVERFLOW_SENSOR,,Boolean
0,Devices/[DemoWWTP]/Controller:Global/IS101.OVERFLOW_EN,,Boolean
0,Devices/[DemoWWTP]/Controller:Global/IS101.START_CONFIRM_SP,,Int32
0,Devices/[DemoWWTP]/Controller:Global/IS101.CLEAR_CONFIRM_SP,,Int32
0,Devices/[DemoWWTP]/Controller:Global/IS101.SCREENWASH_SCADA_PB_LONGWASH,,Boolean
0,Devices/[DemoWWTP]/Controller:Global/IS101.REVERSE_INTERVAL_SP,,Int32
0,Devices/[DemoWWTP]/Controller:Global/IS101.REVERSE_DURATION_SP,,Int32
0,Devices/[DemoWWTP]/Controller:Global/IS101.PROBE_FLT_CONFIRM_SP,,Int32
0,Devices/[DemoWWTP]/Controller:Global/IS101.OVERFLOW_CONFIRM_SP,,Int32
0,Devices/[DemoWWTP]/Controller:Global/IS101.SCREENWASH_CYCLE_SP,,Int32
0,Devices/[DemoWWTP]/Controller:Global/IS101.WASH_SOL1_START_SP,,Float
0,Devices/[DemoWWTP]/Controller:Global/IS101.WASH_SOL1_STOP_SP,,Float
0,Devices/[DemoWWTP]/Controller:Global/IS101.WASH_SOL2_START_SP,,Float
0,Devices/[DemoWWTP]/Controller:Global/IS101.WASH_SOL2_STOP_SP,,Float
0,Devices/[DemoWWTP]/Controller:Global/IS101.WASH_SOLENOID1,,Boolean
0,Devices/[DemoWWTP]/Controller:Global/IS101.WASH_SOLENOID2,,Boolean
0,Devices/[DemoWWTP]/Controller:Global/IS101.SCREEN_RUNNING_FWD,,Boolean
0,Devices/[DemoWWTP]/Controller:Global/IS101.SCREEN_RUNNING_REV,,Boolean
0,Devices/[DemoWWTP]/Controller:Global/IS101.SCREEN_AUTORUN,,Boolean
0,Devices/[DemoWWTP]/Controller:Global/IS101.AUTO_REVERSE_SCREEN,,Boolean
0,Devices/[DemoWWTP]/Controller:Global/LEVEL_VARIANCE_ALM_DELAY.DN,,Boolean
0,Devices/[DemoWWTP]/Controller:Global/LEVEL_VARIANCE_ALM_DELAY.EN,,Boolean
0,Devices/[DemoWWTP]/Controller:Global/LEVEL_VARIANCE_ALM_DELAY.TT,,Boolean
0,Devices/[DemoWWTP]/Controller:Global/LEVEL_VARIANCE_ALM_DELAY.PRE,,Int32
0,Devices/[DemoWWTP]/Controller:Global/LEVEL_VARIANCE_ALM_DELAY.ACC,,Int32
0,Devices/[DemoWWTP]/Controller:Global/LOAD_ALARM_PAGE,,Boolean
0,Devices/[DemoWWTP]/Controller:Global/MAJOR_FAULTS,,Int32
0,Devices/[DemoWWTP]/Controller:Global/MAJOR_FAULTS_BITS,,Int32
0,Devices/[DemoWWTP]/Controller:Global/MD_A101.EnableIn,,Boolean
0,Devices/[DemoWWTP]/Controller:Global/MD_A101.EnableOut,,Boolean
0,Devices/[DemoWWTP]/Controller:Global/MD_A101.ONLINE,,Boolean
0,Devices/[DemoWWTP]/Controller:Global/MD_A101.RUFB,,Boolean
0,Devices/[DemoWWTP]/Controller:Global/MD_A101.CBFB,,Boolean
0,Devices/[DemoWWTP]/Controller:Global/MD_A101.EXTFB,,Boolean
0,Devices/[DemoWWTP]/Controller:Global/MD_A101.ISFB,,Boolean
0,Devices/[DemoWWTP]/Controller:Global/MD_A101.MINICAS_EN,,Boolean
0,Devices/[DemoWWTP]/Controller:Global/MD_A101.MINICAS_T,,Boolean
0,Devices/[DemoWWTP]/Controller:Global/MD_A101.MINICAS_L,,Boolean
0,Devices/[DemoWWTP]/Controller:Global/MD_A101.MINICAS_RESET,,Boolean
0,Devices/[DemoWWTP]/Controller:Global/MD_A101.FLOW_PLS,,Boolean
0,Devices/[DemoWWTP]/Controller:Global/MD_A101.RESET,,Boolean
0,Devices/[DemoWWTP]/Controller:Global/MD_A101.SYSTEM_ALARMS_OK,,Boolean
0,Devices/[DemoWWTP]/Controller:Global/MD_A101.SIMULATE,,Boolean
0,Devices/[DemoWWTP]/Controller:Global/MD_A101.AUTO_MANUAL,,Boolean
0,Devices/[DemoWWTP]/Controller:Global/MD_A101.AUTORUN,,Boolean
0,Devices/[DemoWWTP]/Controller:Global/MD_A101.MANUAL_RUN,,Boolean
0,Devices/[DemoWWTP]/Controller:Global/MD_A101.ILOCK,,Boolean
0,Devices/[DemoWWTP]/Controller:Global/MD_A101.AVAIL,,Boolean
0,Devices/[DemoWWTP]/Controller:Global/MD_A101.FAULT,,Boolean
0,Devices/[DemoWWTP]/Controller:Global/MD_A101.ENABLE,,Boolean
0,Devices/[DemoWWTP]/Controller:Global/MD_A101.START_WD,,Int32
0,Devices/[DemoWWTP]/Controller:Global/MD_A101.STOP_WD,,Int32
0,Devices/[DemoWWTP]/Controller:Global/MD_A101.FLOW_SWITCH_EN,,Boolean
0,Devices/[DemoWWTP]/Controller:Global/MD_A101.FLOW_SWITCH,,Boolean
0,Devices/[DemoWWTP]/Controller:Global/MD_A101.FLOWRATE_EN,,Boolean
0,Devices/[DemoWWTP]/Controller:Global/MD_A101.FLOWRATE_PV,,Float
0,Devices/[DemoWWTP]/Controller:Global/MD_A101.FLOWRATE_SP,,Int32
0,Devices/[DemoWWTP]/Controller:Global/MD_A101.NOFLOW_WD,,Int32
0,Devices/[DemoWWTP]/Controller:Global/MD_A101.FLOW_TRANSFER_EN,,Boolean
0,Devices/[DemoWWTP]/Controller:Global/MD_A101.RISE_FALL,,Boolean
0,Devices/[DemoWWTP]/Controller:Global/MD_A101.TANK_LEVEL,,Int32
0,Devices/[DemoWWTP]/Controller:Global/MD_A101.FLOW_TRANSFER_SP,,Int32
0,Devices/[DemoWWTP]/Controller:Global/MD_A101.FLOW_TRANSFER_WD_SP,,Int32
0,Devices/[DemoWWTP]/Controller:Global/MD_A101.RUN_DEL_SP,,Int32
0,Devices/[DemoWWTP]/Controller:Global/MD_A101.RESTART_EN,,Boolean
0,Devices/[DemoWWTP]/Controller:Global/MD_A101.RESTART_DELAY_SP,,Int32
0,Devices/[DemoWWTP]/Controller:Global/MD_A101.RESTART_C_SP,,Int32
0,Devices/[DemoWWTP]/Controller:Global/MD_A101.RESET_AUTO_EN,,Boolean
0,Devices/[DemoWWTP]/Controller:Global/MD_A101.RESET_AUTO_SP,,Int32
0,Devices/[DemoWWTP]/Controller:Global/MD_A101.PRESSURE_PV,,Int32
0,Devices/[DemoWWTP]/Controller:Global/MD_A101.LOW_P_SP,,Float
0,Devices/[DemoWWTP]/Controller:Global/MD_A101.HI_P_SP,,Float
0,Devices/[DemoWWTP]/Controller:Global/MD_A101.LOW_P_WD_SP,,Int32
0,Devices/[DemoWWTP]/Controller:Global/MD_A101.HI_P_WD_SP,,Int32
0,Devices/[DemoWWTP]/Controller:Global/MD_A101.STATUS,,Int32
0,Devices/[DemoWWTP]/Controller:Global/MD_A101.ALARMS,,Int32
0,Devices/[DemoWWTP]/Controller:Global/MD_A101.RUN_DEL,,Boolean
0,Devices/[DemoWWTP]/Controller:Global/MD_A101.RUN_TIME_RESET_PB,,Boolean
0,Devices/[DemoWWTP]/Controller:Global/MD_A101.STARTS,,Int32
0,Devices/[DemoWWTP]/Controller:Global/MD_A101.HOUR,,Int32
0,Devices/[DemoWWTP]/Controller:Global/MD_A101.MIN,,Int32
0,Devices/[DemoWWTP]/Controller:Global/MD_A101.START_OF_HOUR,,Boolean
0,Devices/[DemoWWTP]/Controller:Global/MD_A101._24HR_STARTS,,Int32
0,Devices/[DemoWWTP]/Controller:Global/MD_A101._24HR_MINUTES,,Int32
0,Devices/[DemoWWTP]/Controller:Global/MD_A101.RUNNING,,Boolean
0,Devices/[DemoWWTP]/Controller:Global/MD_A201.EnableIn,,Boolean
0,Devices/[DemoWWTP]/Controller:Global/MD_A201.EnableOut,,Boolean
0,Devices/[DemoWWTP]/Controller:Global/MD_A201.ONLINE,,Boolean
0,Devices/[DemoWWTP]/Controller:Global/MD_A201.RUFB,,Boolean
0,Devices/[DemoWWTP]/Controller:Global/MD_A201.CBFB,,Boolean
0,Devices/[DemoWWTP]/Controller:Global/MD_A201.EXTFB,,Boolean
0,Devices/[DemoWWTP]/Controller:Global/MD_A201.ISFB,,Boolean
0,Devices/[DemoWWTP]/Controller:Global/MD_A201.MINICAS_EN,,Boolean
0,Devices/[DemoWWTP]/Controller:Global/MD_A201.MINICAS_T,,Boolean
0,Devices/[DemoWWTP]/Controller:Global/MD_A201.MINICAS_L,,Boolean
0,Devices/[DemoWWTP]/Controller:Global/MD_A201.MINICAS_RESET,,Boolean
0,Devices/[DemoWWTP]/Controller:Global/MD_A201.FLOW_PLS,,Boolean
0,Devices/[DemoWWTP]/Controller:Global/MD_A201.RESET,,Boolean
0,Devices/[DemoWWTP]/Controller:Global/MD_A201.SYSTEM_ALARMS_OK,,Boolean
0,Devices/[DemoWWTP]/Controller:Global/MD_A201.SIMULATE,,Boolean
0,Devices/[DemoWWTP]/Controller:Global/MD_A201.AUTO_MANUAL,,Boolean
0,Devices/[DemoWWTP]/Controller:Global/MD_A201.AUTORUN,,Boolean
0,Devices/[DemoWWTP]/Controller:Global/MD_A201.MANUAL_RUN,,Boolean
0,Devices/[DemoWWTP]/Controller:Global/MD_A201.ILOCK,,Boolean
0,Devices/[DemoWWTP]/Controller:Global/MD_A201.AVAIL,,Boolean
0,Devices/[DemoWWTP]/Controller:Global/MD_A201.FAULT,,Boolean
0,Devices/[DemoWWTP]/Controller:Global/MD_A201.ENABLE,,Boolean
0,Devices/[DemoWWTP]/Controller:Global/MD_A201.START_WD,,Int32
0,Devices/[DemoWWTP]/Controller:Global/MD_A201.STOP_WD,,Int32
0,Devices/[DemoWWTP]/Controller:Global/MD_A201.FLOW_SWITCH_EN,,Boolean
0,Devices/[DemoWWTP]/Controller:Global/MD_A201.FLOW_SWITCH,,Boolean
0,Devices/[DemoWWTP]/Controller:Global/MD_A201.FLOWRATE_EN,,Boolean
0,Devices/[DemoWWTP]/Controller:Global/MD_A201.FLOWRATE_PV,,Float
0,Devices/[DemoWWTP]/Controller:Global/MD_A201.FLOWRATE_SP,,Int32
0,Devices/[DemoWWTP]/Controller:Global/MD_A201.NOFLOW_WD,,Int32
0,Devices/[DemoWWTP]/Controller:Global/MD_A201.FLOW_TRANSFER_EN,,Boolean
0,Devices/[DemoWWTP]/Controller:Global/MD_A201.RISE_FALL,,Boolean
0,Devices/[DemoWWTP]/Controller:Global/MD_A201.TANK_LEVEL,,Int32
0,Devices/[DemoWWTP]/Controller:Global/MD_A201.FLOW_TRANSFER_SP,,Int32
0,Devices/[DemoWWTP]/Controller:Global/MD_A201.FLOW_TRANSFER_WD_SP,,Int32
0,Devices/[DemoWWTP]/Controller:Global/MD_A201.RUN_DEL_SP,,Int32
0,Devices/[DemoWWTP]/Controller:Global/MD_A201.RESTART_EN,,Boolean
0,Devices/[DemoWWTP]/Controller:Global/MD_A201.RESTART_DELAY_SP,,Int32
0,Devices/[DemoWWTP]/Controller:Global/MD_A201.RESTART_C_SP,,Int32
0,Devices/[DemoWWTP]/Controller:Global/MD_A201.RESET_AUTO_EN,,Boolean
0,Devices/[DemoWWTP]/Controller:Global/MD_A201.RESET_AUTO_SP,,Int32
0,Devices/[DemoWWTP]/Controller:Global/MD_A201.PRESSURE_PV,,Int32
0,Devices/[DemoWWTP]/Controller:Global/MD_A201.LOW_P_SP,,Float
0,Devices/[DemoWWTP]/Controller:Global/MD_A201.HI_P_SP,,Float
0,Devices/[DemoWWTP]/Controller:Global/MD_A201.LOW_P_WD_SP,,Int32
0,Devices/[DemoWWTP]/Controller:Global/MD_A201.HI_P_WD_SP,,Int32
0,Devices/[DemoWWTP]/Controller:Global/MD_A201.STATUS,,Int32
0,Devices/[DemoWWTP]/Controller:Global/MD_A201.ALARMS,,Int32
0,Devices/[DemoWWTP]/Controller:Global/MD_A201.RUN_DEL,,Boolean
0,Devices/[DemoWWTP]/Controller:Global/MD_A201.RUN_TIME_RESET_PB,,Boolean
0,Devices/[DemoWWTP]/Controller:Global/MD_A201.STARTS,,Int32
0,Devices/[DemoWWTP]/Controller:Global/MD_A201.HOUR,,Int32
0,Devices/[DemoWWTP]/Controller:Global/MD_A201.MIN,,Int32
0,Devices/[DemoWWTP]/Controller:Global/MD_A201.START_OF_HOUR,,Boolean
0,Devices/[DemoWWTP]/Controller:Global/MD_A201._24HR_STARTS,,Int32
0,Devices/[DemoWWTP]/Controller:Global/MD_A201._24HR_MINUTES,,Int32
0,Devices/[DemoWWTP]/Controller:Global/MD_A201.RUNNING,,Boolean
0,Devices/[DemoWWTP]/Controller:Global/MD_A202.EnableIn,,Boolean
0,Devices/[DemoWWTP]/Controller:Global/MD_A202.EnableOut,,Boolean
0,Devices/[DemoWWTP]/Controller:Global/MD_A202.ONLINE,,Boolean
0,Devices/[DemoWWTP]/Controller:Global/MD_A202.RUFB,,Boolean
0,Devices/[DemoWWTP]/Controller:Global/MD_A202.CBFB,,Boolean
0,Devices/[DemoWWTP]/Controller:Global/MD_A202.EXTFB,,Boolean
0,Devices/[DemoWWTP]/Controller:Global/MD_A202.ISFB,,Boolean
0,Devices/[DemoWWTP]/Controller:Global/MD_A202.MINICAS_EN,,Boolean
0,Devices/[DemoWWTP]/Controller:Global/MD_A202.MINICAS_T,,Boolean
0,Devices/[DemoWWTP]/Controller:Global/MD_A202.MINICAS_L,,Boolean
0,Devices/[DemoWWTP]/Controller:Global/MD_A202.MINICAS_RESET,,Boolean
0,Devices/[DemoWWTP]/Controller:Global/MD_A202.FLOW_PLS,,Boolean
0,Devices/[DemoWWTP]/Controller:Global/MD_A202.RESET,,Boolean
0,Devices/[DemoWWTP]/Controller:Global/MD_A202.SYSTEM_ALARMS_OK,,Boolean
0,Devices/[DemoWWTP]/Controller:Global/MD_A202.SIMULATE,,Boolean
0,Devices/[DemoWWTP]/Controller:Global/MD_A202.AUTO_MANUAL,,Boolean
0,Devices/[DemoWWTP]/Controller:Global/MD_A202.AUTORUN,,Boolean
0,Devices/[DemoWWTP]/Controller:Global/MD_A202.MANUAL_RUN,,Boolean
0,Devices/[DemoWWTP]/Controller:Global/MD_A202.ILOCK,,Boolean
0,Devices/[DemoWWTP]/Controller:Global/MD_A202.AVAIL,,Boolean
0,Devices/[DemoWWTP]/Controller:Global/MD_A202.FAULT,,Boolean
0,Devices/[DemoWWTP]/Controller:Global/MD_A202.ENABLE,,Boolean
0,Devices/[DemoWWTP]/Controller:Global/MD_A202.START_WD,,Int32
0,Devices/[DemoWWTP]/Controller:Global/MD_A202.STOP_WD,,Int32
0,Devices/[DemoWWTP]/Controller:Global/MD_A202.FLOW_SWITCH_EN,,Boolean
0,Devices/[DemoWWTP]/Controller:Global/MD_A202.FLOW_SWITCH,,Boolean
0,Devices/[DemoWWTP]/Controller:Global/MD_A202.FLOWRATE_EN,,Boolean
0,Devices/[DemoWWTP]/Controller:Global/MD_A202.FLOWRATE_PV,,Float
0,Devices/[DemoWWTP]/Controller:Global/MD_A202.FLOWRATE_SP,,Int32
0,Devices/[DemoWWTP]/Controller:Global/MD_A202.NOFLOW_WD,,Int32
0,Devices/[DemoWWTP]/Controller:Global/MD_A202.FLOW_TRANSFER_EN,,Boolean
0,Devices/[DemoWWTP]/Controller:Global/MD_A202.RISE_FALL,,Boolean
0,Devices/[DemoWWTP]/Controller:Global/MD_A202.TANK_LEVEL,,Int32
0,Devices/[DemoWWTP]/Controller:Global/MD_A202.FLOW_TRANSFER_SP,,Int32
0,Devices/[DemoWWTP]/Controller:Global/MD_A202.FLOW_TRANSFER_WD_SP,,Int32
0,Devices/[DemoWWTP]/Controller:Global/MD_A202.RUN_DEL_SP,,Int32
0,Devices/[DemoWWTP]/Controller:Global/MD_A202.RESTART_EN,,Boolean
0,Devices/[DemoWWTP]/Controller:Global/MD_A202.RESTART_DELAY_SP,,Int32
0,Devices/[DemoWWTP]/Controller:Global/MD_A202.RESTART_C_SP,,Int32
0,Devices/[DemoWWTP]/Controller:Global/MD_A202.RESET_AUTO_EN,,Boolean
0,Devices/[DemoWWTP]/Controller:Global/MD_A202.RESET_AUTO_SP,,Int32
0,Devices/[DemoWWTP]/Controller:Global/MD_A202.PRESSURE_PV,,Int32
0,Devices/[DemoWWTP]/Controller:Global/MD_A202.LOW_P_SP,,Float
0,Devices/[DemoWWTP]/Controller:Global/MD_A202.HI_P_SP,,Float
0,Devices/[DemoWWTP]/Controller:Global/MD_A202.LOW_P_WD_SP,,Int32
0,Devices/[DemoWWTP]/Controller:Global/MD_A202.HI_P_WD_SP,,Int32
0,Devices/[DemoWWTP]/Controller:Global/MD_A202.STATUS,,Int32
0,Devices/[DemoWWTP]/Controller:Global/MD_A202.ALARMS,,Int32
0,Devices/[DemoWWTP]/Controller:Global/MD_A202.RUN_DEL,,Boolean
0,Devices/[DemoWWTP]/Controller:Global/MD_A202.RUN_TIME_RESET_PB,,Boolean
0,Devices/[DemoWWTP]/Controller:Global/MD_A202.STARTS,,Int32
0,Devices/[DemoWWTP]/Controller:Global/MD_A202.HOUR,,Int32
0,Devices/[DemoWWTP]/Controller:Global/MD_A202.MIN,,Int32
0,Devices/[DemoWWTP]/Controller:Global/MD_A202.START_OF_HOUR,,Boolean
0,Devices/[DemoWWTP]/Controller:Global/MD_A202._24HR_STARTS,,Int32
0,Devices/[DemoWWTP]/Controller:Global/MD_A202._24HR_MINUTES,,Int32
0,Devices/[DemoWWTP]/Controller:Global/MD_A202.RUNNING,,Boolean
0,Devices/[DemoWWTP]/Controller:Global/MD_A203.EnableIn,,Boolean
0,Devices/[DemoWWTP]/Controller:Global/MD_A203.EnableOut,,Boolean
0,Devices/[DemoWWTP]/Controller:Global/MD_A203.ONLINE,,Boolean
0,Devices/[DemoWWTP]/Controller:Global/MD_A203.RUFB,,Boolean
0,Devices/[DemoWWTP]/Controller:Global/MD_A203.CBFB,,Boolean
0,Devices/[DemoWWTP]/Controller:Global/MD_A203.EXTFB,,Boolean
0,Devices/[DemoWWTP]/Controller:Global/MD_A203.ISFB,,Boolean
0,Devices/[DemoWWTP]/Controller:Global/MD_A203.MINICAS_EN,,Boolean
0,Devices/[DemoWWTP]/Controller:Global/MD_A203.MINICAS_T,,Boolean
0,Devices/[DemoWWTP]/Controller:Global/MD_A203.MINICAS_L,,Boolean
0,Devices/[DemoWWTP]/Controller:Global/MD_A203.MINICAS_RESET,,Boolean
0,Devices/[DemoWWTP]/Controller:Global/MD_A203.FLOW_PLS,,Boolean
0,Devices/[DemoWWTP]/Controller:Global/MD_A203.RESET,,Boolean
0,Devices/[DemoWWTP]/Controller:Global/MD_A203.SYSTEM_ALARMS_OK,,Boolean
0,Devices/[DemoWWTP]/Controller:Global/MD_A203.SIMULATE,,Boolean
0,Devices/[DemoWWTP]/Controller:Global/MD_A203.AUTO_MANUAL,,Boolean
0,Devices/[DemoWWTP]/Controller:Global/MD_A203.AUTORUN,,Boolean
0,Devices/[DemoWWTP]/Controller:Global/MD_A203.MANUAL_RUN,,Boolean
0,Devices/[DemoWWTP]/Controller:Global/MD_A203.ILOCK,,Boolean
0,Devices/[DemoWWTP]/Controller:Global/MD_A203.AVAIL,,Boolean
0,Devices/[DemoWWTP]/Controller:Global/MD_A203.FAULT,,Boolean
0,Devices/[DemoWWTP]/Controller:Global/MD_A203.ENABLE,,Boolean
0,Devices/[DemoWWTP]/Controller:Global/MD_A203.START_WD,,Int32
0,Devices/[DemoWWTP]/Controller:Global/MD_A203.STOP_WD,,Int32
0,Devices/[DemoWWTP]/Controller:Global/MD_A203.FLOW_SWITCH_EN,,Boolean
0,Devices/[DemoWWTP]/Controller:Global/MD_A203.FLOW_SWITCH,,Boolean
0,Devices/[DemoWWTP]/Controller:Global/MD_A203.FLOWRATE_EN,,Boolean
0,Devices/[DemoWWTP]/Controller:Global/MD_A203.FLOWRATE_PV,,Float
0,Devices/[DemoWWTP]/Controller:Global/MD_A203.FLOWRATE_SP,,Int32
0,Devices/[DemoWWTP]/Controller:Global/MD_A203.NOFLOW_WD,,Int32
0,Devices/[DemoWWTP]/Controller:Global/MD_A203.FLOW_TRANSFER_EN,,Boolean
0,Devices/[DemoWWTP]/Controller:Global/MD_A203.RISE_FALL,,Boolean
0,Devices/[DemoWWTP]/Controller:Global/MD_A203.TANK_LEVEL,,Int32
0,Devices/[DemoWWTP]/Controller:Global/MD_A203.FLOW_TRANSFER_SP,,Int32
0,Devices/[DemoWWTP]/Controller:Global/MD_A203.FLOW_TRANSFER_WD_SP,,Int32
0,Devices/[DemoWWTP]/Controller:Global/MD_A203.RUN_DEL_SP,,Int32
0,Devices/[DemoWWTP]/Controller:Global/MD_A203.RESTART_EN,,Boolean
0,Devices/[DemoWWTP]/Controller:Global/MD_A203.RESTART_DELAY_SP,,Int32
0,Devices/[DemoWWTP]/Controller:Global/MD_A203.RESTART_C_SP,,Int32
0,Devices/[DemoWWTP]/Controller:Global/MD_A203.RESET_AUTO_EN,,Boolean
0,Devices/[DemoWWTP]/Controller:Global/MD_A203.RESET_AUTO_SP,,Int32
0,Devices/[DemoWWTP]/Controller:Global/MD_A203.PRESSURE_PV,,Int32
0,Devices/[DemoWWTP]/Controller:Global/MD_A203.LOW_P_SP,,Float
0,Devices/[DemoWWTP]/Controller:Global/MD_A203.HI_P_SP,,Float
0,Devices/[DemoWWTP]/Controller:Global/MD_A203.LOW_P_WD_SP,,Int32
0,Devices/[DemoWWTP]/Controller:Global/MD_A203.HI_P_WD_SP,,Int32
0,Devices/[DemoWWTP]/Controller:Global/MD_A203.STATUS,,Int32
0,Devices/[DemoWWTP]/Controller:Global/MD_A203.ALARMS,,Int32
0,Devices/[DemoWWTP]/Controller:Global/MD_A203.RUN_DEL,,Boolean
0,Devices/[DemoWWTP]/Controller:Global/MD_A203.RUN_TIME_RESET_PB,,Boolean
0,Devices/[DemoWWTP]/Controller:Global/MD_A203.STARTS,,Int32
0,Devices/[DemoWWTP]/Controller:Global/MD_A203.HOUR,,Int32
0,Devices/[DemoWWTP]/Controller:Global/MD_A203.MIN,,Int32
0,Devices/[DemoWWTP]/Controller:Global/MD_A203.START_OF_HOUR,,Boolean
0,Devices/[DemoWWTP]/Controller:Global/MD_A203._24HR_STARTS,,Int32
0,Devices/[DemoWWTP]/Controller:Global/MD_A203._24HR_MINUTES,,Int32
0,Devices/[DemoWWTP]/Controller:Global/MD_A203.RUNNING,,Boolean
0,Devices/[DemoWWTP]/Controller:Global/MD_A204.EnableIn,,Boolean
0,Devices/[DemoWWTP]/Controller:Global/MD_A204.EnableOut,,Boolean
0,Devices/[DemoWWTP]/Controller:Global/MD_A204.ONLINE,,Boolean
0,Devices/[DemoWWTP]/Controller:Global/MD_A204.RUFB,,Boolean
0,Devices/[DemoWWTP]/Controller:Global/MD_A204.CBFB,,Boolean
0,Devices/[DemoWWTP]/Controller:Global/MD_A204.EXTFB,,Boolean
0,Devices/[DemoWWTP]/Controller:Global/MD_A204.ISFB,,Boolean
0,Devices/[DemoWWTP]/Controller:Global/MD_A204.MINICAS_EN,,Boolean
0,Devices/[DemoWWTP]/Controller:Global/MD_A204.MINICAS_T,,Boolean
0,Devices/[DemoWWTP]/Controller:Global/MD_A204.MINICAS_L,,Boolean
0,Devices/[DemoWWTP]/Controller:Global/MD_A204.MINICAS_RESET,,Boolean
0,Devices/[DemoWWTP]/Controller:Global/MD_A204.FLOW_PLS,,Boolean
0,Devices/[DemoWWTP]/Controller:Global/MD_A204.RESET,,Boolean
0,Devices/[DemoWWTP]/Controller:Global/MD_A204.SYSTEM_ALARMS_OK,,Boolean
0,Devices/[DemoWWTP]/Controller:Global/MD_A204.SIMULATE,,Boolean
0,Devices/[DemoWWTP]/Controller:Global/MD_A204.AUTO_MANUAL,,Boolean
0,Devices/[DemoWWTP]/Controller:Global/MD_A204.AUTORUN,,Boolean
0,Devices/[DemoWWTP]/Controller:Global/MD_A204.MANUAL_RUN,,Boolean
0,Devices/[DemoWWTP]/Controller:Global/MD_A204.ILOCK,,Boolean
0,Devices/[DemoWWTP]/Controller:Global/MD_A204.AVAIL,,Boolean
0,Devices/[DemoWWTP]/Controller:Global/MD_A204.FAULT,,Boolean
0,Devices/[DemoWWTP]/Controller:Global/MD_A204.ENABLE,,Boolean
0,Devices/[DemoWWTP]/Controller:Global/MD_A204.START_WD,,Int32
0,Devices/[DemoWWTP]/Controller:Global/MD_A204.STOP_WD,,Int32
0,Devices/[DemoWWTP]/Controller:Global/MD_A204.FLOW_SWITCH_EN,,Boolean
0,Devices/[DemoWWTP]/Controller:Global/MD_A204.FLOW_SWITCH,,Boolean
0,Devices/[DemoWWTP]/Controller:Global/MD_A204.FLOWRATE_EN,,Boolean
0,Devices/[DemoWWTP]/Controller:Global/MD_A204.FLOWRATE_PV,,Float
0,Devices/[DemoWWTP]/Controller:Global/MD_A204.FLOWRATE_SP,,Int32
0,Devices/[DemoWWTP]/Controller:Global/MD_A204.NOFLOW_WD,,Int32
0,Devices/[DemoWWTP]/Controller:Global/MD_A204.FLOW_TRANSFER_EN,,Boolean
0,Devices/[DemoWWTP]/Controller:Global/MD_A204.RISE_FALL,,Boolean
0,Devices/[DemoWWTP]/Controller:Global/MD_A204.TANK_LEVEL,,Int32
0,Devices/[DemoWWTP]/Controller:Global/MD_A204.FLOW_TRANSFER_SP,,Int32
0,Devices/[DemoWWTP]/Controller:Global/MD_A204.FLOW_TRANSFER_WD_SP,,Int32
0,Devices/[DemoWWTP]/Controller:Global/MD_A204.RUN_DEL_SP,,Int32
0,Devices/[DemoWWTP]/Controller:Global/MD_A204.RESTART_EN,,Boolean
0,Devices/[DemoWWTP]/Controller:Global/MD_A204.RESTART_DELAY_SP,,Int32
0,Devices/[DemoWWTP]/Controller:Global/MD_A204.RESTART_C_SP,,Int32
0,Devices/[DemoWWTP]/Controller:Global/MD_A204.RESET_AUTO_EN,,Boolean
0,Devices/[DemoWWTP]/Controller:Global/MD_A204.RESET_AUTO_SP,,Int32
0,Devices/[DemoWWTP]/Controller:Global/MD_A204.PRESSURE_PV,,Int32
0,Devices/[DemoWWTP]/Controller:Global/MD_A204.LOW_P_SP,,Float
0,Devices/[DemoWWTP]/Controller:Global/MD_A204.HI_P_SP,,Float
0,Devices/[DemoWWTP]/Controller:Global/MD_A204.LOW_P_WD_SP,,Int32
0,Devices/[DemoWWTP]/Controller:Global/MD_A204.HI_P_WD_SP,,Int32
0,Devices/[DemoWWTP]/Controller:Global/MD_A204.STATUS,,Int32
0,Devices/[DemoWWTP]/Controller:Global/MD_A204.ALARMS,,Int32
0,Devices/[DemoWWTP]/Controller:Global/MD_A204.RUN_DEL,,Boolean
0,Devices/[DemoWWTP]/Controller:Global/MD_A204.RUN_TIME_RESET_PB,,Boolean
0,Devices/[DemoWWTP]/Controller:Global/MD_A204.STARTS,,Int32
0,Devices/[DemoWWTP]/Controller:Global/MD_A204.HOUR,,Int32
0,Devices/[DemoWWTP]/Controller:Global/MD_A204.MIN,,Int32
0,Devices/[DemoWWTP]/Controller:Global/MD_A204.START_OF_HOUR,,Boolean
0,Devices/[DemoWWTP]/Controller:Global/MD_A204._24HR_STARTS,,Int32
0,Devices/[DemoWWTP]/Controller:Global/MD_A204._24HR_MINUTES,,Int32
0,Devices/[DemoWWTP]/Controller:Global/MD_A204.RUNNING,,Boolean
0,Devices/[DemoWWTP]/Controller:Global/MD_A205.EnableIn,,Boolean
0,Devices/[DemoWWTP]/Controller:Global/MD_A205.EnableOut,,Boolean
0,Devices/[DemoWWTP]/Controller:Global/MD_A205.ONLINE,,Boolean
0,Devices/[DemoWWTP]/Controller:Global/MD_A205.RUFB,,Boolean
0,Devices/[DemoWWTP]/Controller:Global/MD_A205.CBFB,,Boolean
0,Devices/[DemoWWTP]/Controller:Global/MD_A205.EXTFB,,Boolean
0,Devices/[DemoWWTP]/Controller:Global/MD_A205.ISFB,,Boolean
0,Devices/[DemoWWTP]/Controller:Global/MD_A205.MINICAS_EN,,Boolean
0,Devices/[DemoWWTP]/Controller:Global/MD_A205.MINICAS_T,,Boolean
0,Devices/[DemoWWTP]/Controller:Global/MD_A205.MINICAS_L,,Boolean
0,Devices/[DemoWWTP]/Controller:Global/MD_A205.MINICAS_RESET,,Boolean
0,Devices/[DemoWWTP]/Controller:Global/MD_A205.FLOW_PLS,,Boolean
0,Devices/[DemoWWTP]/Controller:Global/MD_A205.RESET,,Boolean
0,Devices/[DemoWWTP]/Controller:Global/MD_A205.SYSTEM_ALARMS_OK,,Boolean
0,Devices/[DemoWWTP]/Controller:Global/MD_A205.SIMULATE,,Boolean
0,Devices/[DemoWWTP]/Controller:Global/MD_A205.AUTO_MANUAL,,Boolean
0,Devices/[DemoWWTP]/Controller:Global/MD_A205.AUTORUN,,Boolean
0,Devices/[DemoWWTP]/Controller:Global/MD_A205.MANUAL_RUN,,Boolean
0,Devices/[DemoWWTP]/Controller:Global/MD_A205.ILOCK,,Boolean
0,Devices/[DemoWWTP]/Controller:Global/MD_A205.AVAIL,,Boolean
0,Devices/[DemoWWTP]/Controller:Global/MD_A205.FAULT,,Boolean
0,Devices/[DemoWWTP]/Controller:Global/MD_A205.ENABLE,,Boolean
0,Devices/[DemoWWTP]/Controller:Global/MD_A205.START_WD,,Int32
0,Devices/[DemoWWTP]/Controller:Global/MD_A205.STOP_WD,,Int32
0,Devices/[DemoWWTP]/Controller:Global/MD_A205.FLOW_SWITCH_EN,,Boolean
0,Devices/[DemoWWTP]/Controller:Global/MD_A205.FLOW_SWITCH,,Boolean
0,Devices/[DemoWWTP]/Controller:Global/MD_A205.FLOWRATE_EN,,Boolean
0,Devices/[DemoWWTP]/Controller:Global/MD_A205.FLOWRATE_PV,,Float
0,Devices/[DemoWWTP]/Controller:Global/MD_A205.FLOWRATE_SP,,Int32
0,Devices/[DemoWWTP]/Controller:Global/MD_A205.NOFLOW_WD,,Int32
0,Devices/[DemoWWTP]/Controller:Global/MD_A205.FLOW_TRANSFER_EN,,Boolean
0,Devices/[DemoWWTP]/Controller:Global/MD_A205.RISE_FALL,,Boolean
0,Devices/[DemoWWTP]/Controller:Global/MD_A205.TANK_LEVEL,,Int32
0,Devices/[DemoWWTP]/Controller:Global/MD_A205.FLOW_TRANSFER_SP,,Int32
0,Devices/[DemoWWTP]/Controller:Global/MD_A205.FLOW_TRANSFER_WD_SP,,Int32
0,Devices/[DemoWWTP]/Controller:Global/MD_A205.RUN_DEL_SP,,Int32
0,Devices/[DemoWWTP]/Controller:Global/MD_A205.RESTART_EN,,Boolean
0,Devices/[DemoWWTP]/Controller:Global/MD_A205.RESTART_DELAY_SP,,Int32
0,Devices/[DemoWWTP]/Controller:Global/MD_A205.RESTART_C_SP,,Int32
0,Devices/[DemoWWTP]/Controller:Global/MD_A205.RESET_AUTO_EN,,Boolean
0,Devices/[DemoWWTP]/Controller:Global/MD_A205.RESET_AUTO_SP,,Int32
0,Devices/[DemoWWTP]/Controller:Global/MD_A205.PRESSURE_PV,,Int32
0,Devices/[DemoWWTP]/Controller:Global/MD_A205.LOW_P_SP,,Float
0,Devices/[DemoWWTP]/Controller:Global/MD_A205.HI_P_SP,,Float
0,Devices/[DemoWWTP]/Controller:Global/MD_A205.LOW_P_WD_SP,,Int32
0,Devices/[DemoWWTP]/Controller:Global/MD_A205.HI_P_WD_SP,,Int32
0,Devices/[DemoWWTP]/Controller:Global/MD_A205.STATUS,,Int32
0,Devices/[DemoWWTP]/Controller:Global/MD_A205.ALARMS,,Int32
0,Devices/[DemoWWTP]/Controller:Global/MD_A205.RUN_DEL,,Boolean
0,Devices/[DemoWWTP]/Controller:Global/MD_A205.RUN_TIME_RESET_PB,,Boolean
0,Devices/[DemoWWTP]/Controller:Global/MD_A205.STARTS,,Int32
0,Devices/[DemoWWTP]/Controller:Global/MD_A205.HOUR,,Int32
0,Devices/[DemoWWTP]/Controller:Global/MD_A205.MIN,,Int32
0,Devices/[DemoWWTP]/Controller:Global/MD_A205.START_OF_HOUR,,Boolean
0,Devices/[DemoWWTP]/Controller:Global/MD_A205._24HR_STARTS,,Int32
0,Devices/[DemoWWTP]/Controller:Global/MD_A205._24HR_MINUTES,,Int32
0,Devices/[DemoWWTP]/Controller:Global/MD_A205.RUNNING,,Boolean
0,Devices/[DemoWWTP]/Controller:Global/MD_A206.EnableIn,,Boolean
0,Devices/[DemoWWTP]/Controller:Global/MD_A206.EnableOut,,Boolean
0,Devices/[DemoWWTP]/Controller:Global/MD_A206.ONLINE,,Boolean
0,Devices/[DemoWWTP]/Controller:Global/MD_A206.RUFB,,Boolean
0,Devices/[DemoWWTP]/Controller:Global/MD_A206.CBFB,,Boolean
0,Devices/[DemoWWTP]/Controller:Global/MD_A206.EXTFB,,Boolean
0,Devices/[DemoWWTP]/Controller:Global/MD_A206.ISFB,,Boolean
0,Devices/[DemoWWTP]/Controller:Global/MD_A206.MINICAS_EN,,Boolean
0,Devices/[DemoWWTP]/Controller:Global/MD_A206.MINICAS_T,,Boolean
0,Devices/[DemoWWTP]/Controller:Global/MD_A206.MINICAS_L,,Boolean
0,Devices/[DemoWWTP]/Controller:Global/MD_A206.MINICAS_RESET,,Boolean
0,Devices/[DemoWWTP]/Controller:Global/MD_A206.FLOW_PLS,,Boolean
0,Devices/[DemoWWTP]/Controller:Global/MD_A206.RESET,,Boolean
0,Devices/[DemoWWTP]/Controller:Global/MD_A206.SYSTEM_ALARMS_OK,,Boolean
0,Devices/[DemoWWTP]/Controller:Global/MD_A206.SIMULATE,,Boolean
0,Devices/[DemoWWTP]/Controller:Global/MD_A206.AUTO_MANUAL,,Boolean
0,Devices/[DemoWWTP]/Controller:Global/MD_A206.AUTORUN,,Boolean
0,Devices/[DemoWWTP]/Controller:Global/MD_A206.MANUAL_RUN,,Boolean
0,Devices/[DemoWWTP]/Controller:Global/MD_A206.ILOCK,,Boolean
0,Devices/[DemoWWTP]/Controller:Global/MD_A206.AVAIL,,Boolean
0,Devices/[DemoWWTP]/Controller:Global/MD_A206.FAULT,,Boolean
0,Devices/[DemoWWTP]/Controller:Global/MD_A206.ENABLE,,Boolean
0,Devices/[DemoWWTP]/Controller:Global/MD_A206.START_WD,,Int32
0,Devices/[DemoWWTP]/Controller:Global/MD_A206.STOP_WD,,Int32
0,Devices/[DemoWWTP]/Controller:Global/MD_A206.FLOW_SWITCH_EN,,Boolean
0,Devices/[DemoWWTP]/Controller:Global/MD_A206.FLOW_SWITCH,,Boolean
0,Devices/[DemoWWTP]/Controller:Global/MD_A206.FLOWRATE_EN,,Boolean
0,Devices/[DemoWWTP]/Controller:Global/MD_A206.FLOWRATE_PV,,Float
0,Devices/[DemoWWTP]/Controller:Global/MD_A206.FLOWRATE_SP,,Int32
0,Devices/[DemoWWTP]/Controller:Global/MD_A206.NOFLOW_WD,,Int32
0,Devices/[DemoWWTP]/Controller:Global/MD_A206.FLOW_TRANSFER_EN,,Boolean
0,Devices/[DemoWWTP]/Controller:Global/MD_A206.RISE_FALL,,Boolean
0,Devices/[DemoWWTP]/Controller:Global/MD_A206.TANK_LEVEL,,Int32
0,Devices/[DemoWWTP]/Controller:Global/MD_A206.FLOW_TRANSFER_SP,,Int32
0,Devices/[DemoWWTP]/Controller:Global/MD_A206.FLOW_TRANSFER_WD_SP,,Int32
0,Devices/[DemoWWTP]/Controller:Global/MD_A206.RUN_DEL_SP,,Int32
0,Devices/[DemoWWTP]/Controller:Global/MD_A206.RESTART_EN,,Boolean
0,Devices/[DemoWWTP]/Controller:Global/MD_A206.RESTART_DELAY_SP,,Int32
0,Devices/[DemoWWTP]/Controller:Global/MD_A206.RESTART_C_SP,,Int32
0,Devices/[DemoWWTP]/Controller:Global/MD_A206.RESET_AUTO_EN,,Boolean
0,Devices/[DemoWWTP]/Controller:Global/MD_A206.RESET_AUTO_SP,,Int32
0,Devices/[DemoWWTP]/Controller:Global/MD_A206.PRESSURE_PV,,Int32
0,Devices/[DemoWWTP]/Controller:Global/MD_A206.LOW_P_SP,,Float
0,Devices/[DemoWWTP]/Controller:Global/MD_A206.HI_P_SP,,Float
0,Devices/[DemoWWTP]/Controller:Global/MD_A206.LOW_P_WD_SP,,Int32
0,Devices/[DemoWWTP]/Controller:Global/MD_A206.HI_P_WD_SP,,Int32
0,Devices/[DemoWWTP]/Controller:Global/MD_A206.STATUS,,Int32
0,Devices/[DemoWWTP]/Controller:Global/MD_A206.ALARMS,,Int32
0,Devices/[DemoWWTP]/Controller:Global/MD_A206.RUN_DEL,,Boolean
0,Devices/[DemoWWTP]/Controller:Global/MD_A206.RUN_TIME_RESET_PB,,Boolean
0,Devices/[DemoWWTP]/Controller:Global/MD_A206.STARTS,,Int32
0,Devices/[DemoWWTP]/Controller:Global/MD_A206.HOUR,,Int32
0,Devices/[DemoWWTP]/Controller:Global/MD_A206.MIN,,Int32
0,Devices/[DemoWWTP]/Controller:Global/MD_A206.START_OF_HOUR,,Boolean
0,Devices/[DemoWWTP]/Controller:Global/MD_A206._24HR_STARTS,,Int32
0,Devices/[DemoWWTP]/Controller:Global/MD_A206._24HR_MINUTES,,Int32
0,Devices/[DemoWWTP]/Controller:Global/MD_A206.RUNNING,,Boolean
0,Devices/[DemoWWTP]/Controller:Global/MD_A207.EnableIn,,Boolean
0,Devices/[DemoWWTP]/Controller:Global/MD_A207.EnableOut,,Boolean
0,Devices/[DemoWWTP]/Controller:Global/MD_A207.ONLINE,,Boolean
0,Devices/[DemoWWTP]/Controller:Global/MD_A207.RUFB,,Boolean
0,Devices/[DemoWWTP]/Controller:Global/MD_A207.CBFB,,Boolean
0,Devices/[DemoWWTP]/Controller:Global/MD_A207.EXTFB,,Boolean
0,Devices/[DemoWWTP]/Controller:Global/MD_A207.ISFB,,Boolean
0,Devices/[DemoWWTP]/Controller:Global/MD_A207.MINICAS_EN,,Boolean
0,Devices/[DemoWWTP]/Controller:Global/MD_A207.MINICAS_T,,Boolean
0,Devices/[DemoWWTP]/Controller:Global/MD_A207.MINICAS_L,,Boolean
0,Devices/[DemoWWTP]/Controller:Global/MD_A207.MINICAS_RESET,,Boolean
0,Devices/[DemoWWTP]/Controller:Global/MD_A207.FLOW_PLS,,Boolean
0,Devices/[DemoWWTP]/Controller:Global/MD_A207.RESET,,Boolean
0,Devices/[DemoWWTP]/Controller:Global/MD_A207.SYSTEM_ALARMS_OK,,Boolean
0,Devices/[DemoWWTP]/Controller:Global/MD_A207.SIMULATE,,Boolean
0,Devices/[DemoWWTP]/Controller:Global/MD_A207.AUTO_MANUAL,,Boolean
0,Devices/[DemoWWTP]/Controller:Global/MD_A207.AUTORUN,,Boolean
0,Devices/[DemoWWTP]/Controller:Global/MD_A207.MANUAL_RUN,,Boolean
0,Devices/[DemoWWTP]/Controller:Global/MD_A207.ILOCK,,Boolean
0,Devices/[DemoWWTP]/Controller:Global/MD_A207.AVAIL,,Boolean
0,Devices/[DemoWWTP]/Controller:Global/MD_A207.FAULT,,Boolean
0,Devices/[DemoWWTP]/Controller:Global/MD_A207.ENABLE,,Boolean
0,Devices/[DemoWWTP]/Controller:Global/MD_A207.START_WD,,Int32
0,Devices/[DemoWWTP]/Controller:Global/MD_A207.STOP_WD,,Int32
0,Devices/[DemoWWTP]/Controller:Global/MD_A207.FLOW_SWITCH_EN,,Boolean
0,Devices/[DemoWWTP]/Controller:Global/MD_A207.FLOW_SWITCH,,Boolean
0,Devices/[DemoWWTP]/Controller:Global/MD_A207.FLOWRATE_EN,,Boolean
0,Devices/[DemoWWTP]/Controller:Global/MD_A207.FLOWRATE_PV,,Float
0,Devices/[DemoWWTP]/Controller:Global/MD_A207.FLOWRATE_SP,,Int32
0,Devices/[DemoWWTP]/Controller:Global/MD_A207.NOFLOW_WD,,Int32
0,Devices/[DemoWWTP]/Controller:Global/MD_A207.FLOW_TRANSFER_EN,,Boolean
0,Devices/[DemoWWTP]/Controller:Global/MD_A207.RISE_FALL,,Boolean
0,Devices/[DemoWWTP]/Controller:Global/MD_A207.TANK_LEVEL,,Int32
0,Devices/[DemoWWTP]/Controller:Global/MD_A207.FLOW_TRANSFER_SP,,Int32
0,Devices/[DemoWWTP]/Controller:Global/MD_A207.FLOW_TRANSFER_WD_SP,,Int32
0,Devices/[DemoWWTP]/Controller:Global/MD_A207.RUN_DEL_SP,,Int32
0,Devices/[DemoWWTP]/Controller:Global/MD_A207.RESTART_EN,,Boolean
0,Devices/[DemoWWTP]/Controller:Global/MD_A207.RESTART_DELAY_SP,,Int32
0,Devices/[DemoWWTP]/Controller:Global/MD_A207.RESTART_C_SP,,Int32
0,Devices/[DemoWWTP]/Controller:Global/MD_A207.RESET_AUTO_EN,,Boolean
0,Devices/[DemoWWTP]/Controller:Global/MD_A207.RESET_AUTO_SP,,Int32
0,Devices/[DemoWWTP]/Controller:Global/MD_A207.PRESSURE_PV,,Int32
0,Devices/[DemoWWTP]/Controller:Global/MD_A207.LOW_P_SP,,Float
0,Devices/[DemoWWTP]/Controller:Global/MD_A207.HI_P_SP,,Float
0,Devices/[DemoWWTP]/Controller:Global/MD_A207.LOW_P_WD_SP,,Int32
0,Devices/[DemoWWTP]/Controller:Global/MD_A207.HI_P_WD_SP,,Int32
0,Devices/[DemoWWTP]/Controller:Global/MD_A207.STATUS,,Int32
0,Devices/[DemoWWTP]/Controller:Global/MD_A207.ALARMS,,Int32
0,Devices/[DemoWWTP]/Controller:Global/MD_A207.RUN_DEL,,Boolean
0,Devices/[DemoWWTP]/Controller:Global/MD_A207.RUN_TIME_RESET_PB,,Boolean
0,Devices/[DemoWWTP]/Controller:Global/MD_A207.STARTS,,Int32
0,Devices/[DemoWWTP]/Controller:Global/MD_A207.HOUR,,Int32
0,Devices/[DemoWWTP]/Controller:Global/MD_A207.MIN,,Int32
0,Devices/[DemoWWTP]/Controller:Global/MD_A207.START_OF_HOUR,,Boolean
0,Devices/[DemoWWTP]/Controller:Global/MD_A207._24HR_STARTS,,Int32
0,Devices/[DemoWWTP]/Controller:Global/MD_A207._24HR_MINUTES,,Int32
0,Devices/[DemoWWTP]/Controller:Global/MD_A207.RUNNING,,Boolean
0,Devices/[DemoWWTP]/Controller:Global/MD_A208.EnableIn,,Boolean
0,Devices/[DemoWWTP]/Controller:Global/MD_A208.EnableOut,,Boolean
0,Devices/[DemoWWTP]/Controller:Global/MD_A208.ONLINE,,Boolean
0,Devices/[DemoWWTP]/Controller:Global/MD_A208.RUFB,,Boolean
0,Devices/[DemoWWTP]/Controller:Global/MD_A208.CBFB,,Boolean
0,Devices/[DemoWWTP]/Controller:Global/MD_A208.EXTFB,,Boolean
0,Devices/[DemoWWTP]/Controller:Global/MD_A208.ISFB,,Boolean
0,Devices/[DemoWWTP]/Controller:Global/MD_A208.MINICAS_EN,,Boolean
0,Devices/[DemoWWTP]/Controller:Global/MD_A208.MINICAS_T,,Boolean
0,Devices/[DemoWWTP]/Controller:Global/MD_A208.MINICAS_L,,Boolean
0,Devices/[DemoWWTP]/Controller:Global/MD_A208.MINICAS_RESET,,Boolean
0,Devices/[DemoWWTP]/Controller:Global/MD_A208.FLOW_PLS,,Boolean
0,Devices/[DemoWWTP]/Controller:Global/MD_A208.RESET,,Boolean
0,Devices/[DemoWWTP]/Controller:Global/MD_A208.SYSTEM_ALARMS_OK,,Boolean
0,Devices/[DemoWWTP]/Controller:Global/MD_A208.SIMULATE,,Boolean
0,Devices/[DemoWWTP]/Controller:Global/MD_A208.AUTO_MANUAL,,Boolean
0,Devices/[DemoWWTP]/Controller:Global/MD_A208.AUTORUN,,Boolean
0,Devices/[DemoWWTP]/Controller:Global/MD_A208.MANUAL_RUN,,Boolean
0,Devices/[DemoWWTP]/Controller:Global/MD_A208.ILOCK,,Boolean
0,Devices/[DemoWWTP]/Controller:Global/MD_A208.AVAIL,,Boolean
0,Devices/[DemoWWTP]/Controller:Global/MD_A208.FAULT,,Boolean
0,Devices/[DemoWWTP]/Controller:Global/MD_A208.ENABLE,,Boolean
0,Devices/[DemoWWTP]/Controller:Global/MD_A208.START_WD,,Int32
0,Devices/[DemoWWTP]/Controller:Global/MD_A208.STOP_WD,,Int32
0,Devices/[DemoWWTP]/Controller:Global/MD_A208.FLOW_SWITCH_EN,,Boolean
0,Devices/[DemoWWTP]/Controller:Global/MD_A208.FLOW_SWITCH,,Boolean
0,Devices/[DemoWWTP]/Controller:Global/MD_A208.FLOWRATE_EN,,Boolean
0,Devices/[DemoWWTP]/Controller:Global/MD_A208.FLOWRATE_PV,,Float
0,Devices/[DemoWWTP]/Controller:Global/MD_A208.FLOWRATE_SP,,Int32
0,Devices/[DemoWWTP]/Controller:Global/MD_A208.NOFLOW_WD,,Int32
0,Devices/[DemoWWTP]/Controller:Global/MD_A208.FLOW_TRANSFER_EN,,Boolean
0,Devices/[DemoWWTP]/Controller:Global/MD_A208.RISE_FALL,,Boolean
0,Devices/[DemoWWTP]/Controller:Global/MD_A208.TANK_LEVEL,,Int32
0,Devices/[DemoWWTP]/Controller:Global/MD_A208.FLOW_TRANSFER_SP,,Int32
0,Devices/[DemoWWTP]/Controller:Global/MD_A208.FLOW_TRANSFER_WD_SP,,Int32
0,Devices/[DemoWWTP]/Controller:Global/MD_A208.RUN_DEL_SP,,Int32
0,Devices/[DemoWWTP]/Controller:Global/MD_A208.RESTART_EN,,Boolean
0,Devices/[DemoWWTP]/Controller:Global/MD_A208.RESTART_DELAY_SP,,Int32
0,Devices/[DemoWWTP]/Controller:Global/MD_A208.RESTART_C_SP,,Int32
0,Devices/[DemoWWTP]/Controller:Global/MD_A208.RESET_AUTO_EN,,Boolean
0,Devices/[DemoWWTP]/Controller:Global/MD_A208.RESET_AUTO_SP,,Int32
0,Devices/[DemoWWTP]/Controller:Global/MD_A208.PRESSURE_PV,,Int32
0,Devices/[DemoWWTP]/Controller:Global/MD_A208.LOW_P_SP,,Float
0,Devices/[DemoWWTP]/Controller:Global/MD_A208.HI_P_SP,,Float
0,Devices/[DemoWWTP]/Controller:Global/MD_A208.LOW_P_WD_SP,,Int32
0,Devices/[DemoWWTP]/Controller:Global/MD_A208.HI_P_WD_SP,,Int32
0,Devices/[DemoWWTP]/Controller:Global/MD_A208.STATUS,,Int32
0,Devices/[DemoWWTP]/Controller:Global/MD_A208.ALARMS,,Int32
0,Devices/[DemoWWTP]/Controller:Global/MD_A208.RUN_DEL,,Boolean
0,Devices/[DemoWWTP]/Controller:Global/MD_A208.RUN_TIME_RESET_PB,,Boolean
0,Devices/[DemoWWTP]/Controller:Global/MD_A208.STARTS,,Int32
0,Devices/[DemoWWTP]/Controller:Global/MD_A208.HOUR,,Int32
0,Devices/[DemoWWTP]/Controller:Global/MD_A208.MIN,,Int32
0,Devices/[DemoWWTP]/Controller:Global/MD_A208.START_OF_HOUR,,Boolean
0,Devices/[DemoWWTP]/Controller:Global/MD_A208._24HR_STARTS,,Int32
0,Devices/[DemoWWTP]/Controller:Global/MD_A208._24HR_MINUTES,,Int32
0,Devices/[DemoWWTP]/Controller:Global/MD_A208.RUNNING,,Boolean
0,Devices/[DemoWWTP]/Controller:Global/MD_A209.EnableIn,,Boolean
0,Devices/[DemoWWTP]/Controller:Global/MD_A209.EnableOut,,Boolean
0,Devices/[DemoWWTP]/Controller:Global/MD_A209.ONLINE,,Boolean
0,Devices/[DemoWWTP]/Controller:Global/MD_A209.RUFB,,Boolean
0,Devices/[DemoWWTP]/Controller:Global/MD_A209.CBFB,,Boolean
0,Devices/[DemoWWTP]/Controller:Global/MD_A209.EXTFB,,Boolean
0,Devices/[DemoWWTP]/Controller:Global/MD_A209.ISFB,,Boolean
0,Devices/[DemoWWTP]/Controller:Global/MD_A209.MINICAS_EN,,Boolean
0,Devices/[DemoWWTP]/Controller:Global/MD_A209.MINICAS_T,,Boolean
0,Devices/[DemoWWTP]/Controller:Global/MD_A209.MINICAS_L,,Boolean
0,Devices/[DemoWWTP]/Controller:Global/MD_A209.MINICAS_RESET,,Boolean
0,Devices/[DemoWWTP]/Controller:Global/MD_A209.FLOW_PLS,,Boolean
0,Devices/[DemoWWTP]/Controller:Global/MD_A209.RESET,,Boolean
0,Devices/[DemoWWTP]/Controller:Global/MD_A209.SYSTEM_ALARMS_OK,,Boolean
0,Devices/[DemoWWTP]/Controller:Global/MD_A209.SIMULATE,,Boolean
0,Devices/[DemoWWTP]/Controller:Global/MD_A209.AUTO_MANUAL,,Boolean
0,Devices/[DemoWWTP]/Controller:Global/MD_A209.AUTORUN,,Boolean
0,Devices/[DemoWWTP]/Controller:Global/MD_A209.MANUAL_RUN,,Boolean
0,Devices/[DemoWWTP]/Controller:Global/MD_A209.ILOCK,,Boolean
0,Devices/[DemoWWTP]/Controller:Global/MD_A209.AVAIL,,Boolean
0,Devices/[DemoWWTP]/Controller:Global/MD_A209.FAULT,,Boolean
0,Devices/[DemoWWTP]/Controller:Global/MD_A209.ENABLE,,Boolean
0,Devices/[DemoWWTP]/Controller:Global/MD_A209.START_WD,,Int32
0,Devices/[DemoWWTP]/Controller:Global/MD_A209.STOP_WD,,Int32
0,Devices/[DemoWWTP]/Controller:Global/MD_A209.FLOW_SWITCH_EN,,Boolean
0,Devices/[DemoWWTP]/Controller:Global/MD_A209.FLOW_SWITCH,,Boolean
0,Devices/[DemoWWTP]/Controller:Global/MD_A209.FLOWRATE_EN,,Boolean
0,Devices/[DemoWWTP]/Controller:Global/MD_A209.FLOWRATE_PV,,Float
0,Devices/[DemoWWTP]/Controller:Global/MD_A209.FLOWRATE_SP,,Int32
0,Devices/[DemoWWTP]/Controller:Global/MD_A209.NOFLOW_WD,,Int32
0,Devices/[DemoWWTP]/Controller:Global/MD_A209.FLOW_TRANSFER_EN,,Boolean
0,Devices/[DemoWWTP]/Controller:Global/MD_A209.RISE_FALL,,Boolean
0,Devices/[DemoWWTP]/Controller:Global/MD_A209.TANK_LEVEL,,Int32
0,Devices/[DemoWWTP]/Controller:Global/MD_A209.FLOW_TRANSFER_SP,,Int32
0,Devices/[DemoWWTP]/Controller:Global/MD_A209.FLOW_TRANSFER_WD_SP,,Int32
0,Devices/[DemoWWTP]/Controller:Global/MD_A209.RUN_DEL_SP,,Int32
0,Devices/[DemoWWTP]/Controller:Global/MD_A209.RESTART_EN,,Boolean
0,Devices/[DemoWWTP]/Controller:Global/MD_A209.RESTART_DELAY_SP,,Int32
0,Devices/[DemoWWTP]/Controller:Global/MD_A209.RESTART_C_SP,,Int32
0,Devices/[DemoWWTP]/Controller:Global/MD_A209.RESET_AUTO_EN,,Boolean
0,Devices/[DemoWWTP]/Controller:Global/MD_A209.RESET_AUTO_SP,,Int32
0,Devices/[DemoWWTP]/Controller:Global/MD_A209.PRESSURE_PV,,Int32
0,Devices/[DemoWWTP]/Controller:Global/MD_A209.LOW_P_SP,,Float
0,Devices/[DemoWWTP]/Controller:Global/MD_A209.HI_P_SP,,Float
0,Devices/[DemoWWTP]/Controller:Global/MD_A209.LOW_P_WD_SP,,Int32
0,Devices/[DemoWWTP]/Controller:Global/MD_A209.HI_P_WD_SP,,Int32
0,Devices/[DemoWWTP]/Controller:Global/MD_A209.STATUS,,Int32
0,Devices/[DemoWWTP]/Controller:Global/MD_A209.ALARMS,,Int32
0,Devices/[DemoWWTP]/Controller:Global/MD_A209.RUN_DEL,,Boolean
0,Devices/[DemoWWTP]/Controller:Global/MD_A209.RUN_TIME_RESET_PB,,Boolean
0,Devices/[DemoWWTP]/Controller:Global/MD_A209.STARTS,,Int32
0,Devices/[DemoWWTP]/Controller:Global/MD_A209.HOUR,,Int32
0,Devices/[DemoWWTP]/Controller:Global/MD_A209.MIN,,Int32
0,Devices/[DemoWWTP]/Controller:Global/MD_A209.START_OF_HOUR,,Boolean
0,Devices/[DemoWWTP]/Controller:Global/MD_A209._24HR_STARTS,,Int32
0,Devices/[DemoWWTP]/Controller:Global/MD_A209._24HR_MINUTES,,Int32
0,Devices/[DemoWWTP]/Controller:Global/MD_A209.RUNNING,,Boolean
0,Devices/[DemoWWTP]/Controller:Global/MD_A210.EnableIn,,Boolean
0,Devices/[DemoWWTP]/Controller:Global/MD_A210.EnableOut,,Boolean
0,Devices/[DemoWWTP]/Controller:Global/MD_A210.ONLINE,,Boolean
0,Devices/[DemoWWTP]/Controller:Global/MD_A210.RUFB,,Boolean
0,Devices/[DemoWWTP]/Controller:Global/MD_A210.CBFB,,Boolean
0,Devices/[DemoWWTP]/Controller:Global/MD_A210.EXTFB,,Boolean
0,Devices/[DemoWWTP]/Controller:Global/MD_A210.ISFB,,Boolean
0,Devices/[DemoWWTP]/Controller:Global/MD_A210.MINICAS_EN,,Boolean
0,Devices/[DemoWWTP]/Controller:Global/MD_A210.MINICAS_T,,Boolean
0,Devices/[DemoWWTP]/Controller:Global/MD_A210.MINICAS_L,,Boolean
0,Devices/[DemoWWTP]/Controller:Global/MD_A210.MINICAS_RESET,,Boolean
0,Devices/[DemoWWTP]/Controller:Global/MD_A210.FLOW_PLS,,Boolean
0,Devices/[DemoWWTP]/Controller:Global/MD_A210.RESET,,Boolean
0,Devices/[DemoWWTP]/Controller:Global/MD_A210.SYSTEM_ALARMS_OK,,Boolean
0,Devices/[DemoWWTP]/Controller:Global/MD_A210.SIMULATE,,Boolean
0,Devices/[DemoWWTP]/Controller:Global/MD_A210.AUTO_MANUAL,,Boolean
0,Devices/[DemoWWTP]/Controller:Global/MD_A210.AUTORUN,,Boolean
0,Devices/[DemoWWTP]/Controller:Global/MD_A210.MANUAL_RUN,,Boolean
0,Devices/[DemoWWTP]/Controller:Global/MD_A210.ILOCK,,Boolean
0,Devices/[DemoWWTP]/Controller:Global/MD_A210.AVAIL,,Boolean
0,Devices/[DemoWWTP]/Controller:Global/MD_A210.FAULT,,Boolean
0,Devices/[DemoWWTP]/Controller:Global/MD_A210.ENABLE,,Boolean
0,Devices/[DemoWWTP]/Controller:Global/MD_A210.START_WD,,Int32
0,Devices/[DemoWWTP]/Controller:Global/MD_A210.STOP_WD,,Int32
0,Devices/[DemoWWTP]/Controller:Global/MD_A210.FLOW_SWITCH_EN,,Boolean
0,Devices/[DemoWWTP]/Controller:Global/MD_A210.FLOW_SWITCH,,Boolean
0,Devices/[DemoWWTP]/Controller:Global/MD_A210.FLOWRATE_EN,,Boolean
0,Devices/[DemoWWTP]/Controller:Global/MD_A210.FLOWRATE_PV,,Float
0,Devices/[DemoWWTP]/Controller:Global/MD_A210.FLOWRATE_SP,,Int32
0,Devices/[DemoWWTP]/Controller:Global/MD_A210.NOFLOW_WD,,Int32
0,Devices/[DemoWWTP]/Controller:Global/MD_A210.FLOW_TRANSFER_EN,,Boolean
0,Devices/[DemoWWTP]/Controller:Global/MD_A210.RISE_FALL,,Boolean
0,Devices/[DemoWWTP]/Controller:Global/MD_A210.TANK_LEVEL,,Int32
0,Devices/[DemoWWTP]/Controller:Global/MD_A210.FLOW_TRANSFER_SP,,Int32
0,Devices/[DemoWWTP]/Controller:Global/MD_A210.FLOW_TRANSFER_WD_SP,,Int32
0,Devices/[DemoWWTP]/Controller:Global/MD_A210.RUN_DEL_SP,,Int32
0,Devices/[DemoWWTP]/Controller:Global/MD_A210.RESTART_EN,,Boolean
0,Devices/[DemoWWTP]/Controller:Global/MD_A210.RESTART_DELAY_SP,,Int32
0,Devices/[DemoWWTP]/Controller:Global/MD_A210.RESTART_C_SP,,Int32
0,Devices/[DemoWWTP]/Controller:Global/MD_A210.RESET_AUTO_EN,,Boolean
0,Devices/[DemoWWTP]/Controller:Global/MD_A210.RESET_AUTO_SP,,Int32
0,Devices/[DemoWWTP]/Controller:Global/MD_A210.PRESSURE_PV,,Int32
0,Devices/[DemoWWTP]/Controller:Global/MD_A210.LOW_P_SP,,Float
0,Devices/[DemoWWTP]/Controller:Global/MD_A210.HI_P_SP,,Float
0,Devices/[DemoWWTP]/Controller:Global/MD_A210.LOW_P_WD_SP,,Int32
0,Devices/[DemoWWTP]/Controller:Global/MD_A210.HI_P_WD_SP,,Int32
0,Devices/[DemoWWTP]/Controller:Global/MD_A210.STATUS,,Int32
0,Devices/[DemoWWTP]/Controller:Global/MD_A210.ALARMS,,Int32
0,Devices/[DemoWWTP]/Controller:Global/MD_A210.RUN_DEL,,Boolean
0,Devices/[DemoWWTP]/Controller:Global/MD_A210.RUN_TIME_RESET_PB,,Boolean
0,Devices/[DemoWWTP]/Controller:Global/MD_A210.STARTS,,Int32
0,Devices/[DemoWWTP]/Controller:Global/MD_A210.HOUR,,Int32
0,Devices/[DemoWWTP]/Controller:Global/MD_A210.MIN,,Int32
0,Devices/[DemoWWTP]/Controller:Global/MD_A210.START_OF_HOUR,,Boolean
0,Devices/[DemoWWTP]/Controller:Global/MD_A210._24HR_STARTS,,Int32
0,Devices/[DemoWWTP]/Controller:Global/MD_A210._24HR_MINUTES,,Int32
0,Devices/[DemoWWTP]/Controller:Global/MD_A210.RUNNING,,Boolean
0,Devices/[DemoWWTP]/Controller:Global/MD_HET401.EnableIn,,Boolean
0,Devices/[DemoWWTP]/Controller:Global/MD_HET401.EnableOut,,Boolean
0,Devices/[DemoWWTP]/Controller:Global/MD_HET401.ONLINE,,Boolean
0,Devices/[DemoWWTP]/Controller:Global/MD_HET401.RUFB,,Boolean
0,Devices/[DemoWWTP]/Controller:Global/MD_HET401.CBFB,,Boolean
0,Devices/[DemoWWTP]/Controller:Global/MD_HET401.EXTFB,,Boolean
0,Devices/[DemoWWTP]/Controller:Global/MD_HET401.ISFB,,Boolean
0,Devices/[DemoWWTP]/Controller:Global/MD_HET401.MINICAS_EN,,Boolean
0,Devices/[DemoWWTP]/Controller:Global/MD_HET401.MINICAS_T,,Boolean
0,Devices/[DemoWWTP]/Controller:Global/MD_HET401.MINICAS_L,,Boolean
0,Devices/[DemoWWTP]/Controller:Global/MD_HET401.MINICAS_RESET,,Boolean
0,Devices/[DemoWWTP]/Controller:Global/MD_HET401.FLOW_PLS,,Boolean
0,Devices/[DemoWWTP]/Controller:Global/MD_HET401.RESET,,Boolean
0,Devices/[DemoWWTP]/Controller:Global/MD_HET401.SYSTEM_ALARMS_OK,,Boolean
0,Devices/[DemoWWTP]/Controller:Global/MD_HET401.SIMULATE,,Boolean
0,Devices/[DemoWWTP]/Controller:Global/MD_HET401.AUTO_MANUAL,,Boolean
0,Devices/[DemoWWTP]/Controller:Global/MD_HET401.AUTORUN,,Boolean
0,Devices/[DemoWWTP]/Controller:Global/MD_HET401.MANUAL_RUN,,Boolean
0,Devices/[DemoWWTP]/Controller:Global/MD_HET401.ILOCK,,Boolean
0,Devices/[DemoWWTP]/Controller:Global/MD_HET401.AVAIL,,Boolean
0,Devices/[DemoWWTP]/Controller:Global/MD_HET401.FAULT,,Boolean
0,Devices/[DemoWWTP]/Controller:Global/MD_HET401.ENABLE,,Boolean
0,Devices/[DemoWWTP]/Controller:Global/MD_HET401.START_WD,,Int32
0,Devices/[DemoWWTP]/Controller:Global/MD_HET401.STOP_WD,,Int32
0,Devices/[DemoWWTP]/Controller:Global/MD_HET401.FLOW_SWITCH_EN,,Boolean
0,Devices/[DemoWWTP]/Controller:Global/MD_HET401.FLOW_SWITCH,,Boolean
0,Devices/[DemoWWTP]/Controller:Global/MD_HET401.FLOWRATE_EN,,Boolean
0,Devices/[DemoWWTP]/Controller:Global/MD_HET401.FLOWRATE_PV,,Float
0,Devices/[DemoWWTP]/Controller:Global/MD_HET401.FLOWRATE_SP,,Int32
0,Devices/[DemoWWTP]/Controller:Global/MD_HET401.NOFLOW_WD,,Int32
0,Devices/[DemoWWTP]/Controller:Global/MD_HET401.FLOW_TRANSFER_EN,,Boolean
0,Devices/[DemoWWTP]/Controller:Global/MD_HET401.RISE_FALL,,Boolean
0,Devices/[DemoWWTP]/Controller:Global/MD_HET401.TANK_LEVEL,,Int32
0,Devices/[DemoWWTP]/Controller:Global/MD_HET401.FLOW_TRANSFER_SP,,Int32
0,Devices/[DemoWWTP]/Controller:Global/MD_HET401.FLOW_TRANSFER_WD_SP,,Int32
0,Devices/[DemoWWTP]/Controller:Global/MD_HET401.RUN_DEL_SP,,Int32
0,Devices/[DemoWWTP]/Controller:Global/MD_HET401.RESTART_EN,,Boolean
0,Devices/[DemoWWTP]/Controller:Global/MD_HET401.RESTART_DELAY_SP,,Int32
0,Devices/[DemoWWTP]/Controller:Global/MD_HET401.RESTART_C_SP,,Int32
0,Devices/[DemoWWTP]/Controller:Global/MD_HET401.RESET_AUTO_EN,,Boolean
0,Devices/[DemoWWTP]/Controller:Global/MD_HET401.RESET_AUTO_SP,,Int32
0,Devices/[DemoWWTP]/Controller:Global/MD_HET401.PRESSURE_PV,,Int32
0,Devices/[DemoWWTP]/Controller:Global/MD_HET401.LOW_P_SP,,Float
0,Devices/[DemoWWTP]/Controller:Global/MD_HET401.HI_P_SP,,Float
0,Devices/[DemoWWTP]/Controller:Global/MD_HET401.LOW_P_WD_SP,,Int32
0,Devices/[DemoWWTP]/Controller:Global/MD_HET401.HI_P_WD_SP,,Int32
0,Devices/[DemoWWTP]/Controller:Global/MD_HET401.STATUS,,Int32
0,Devices/[DemoWWTP]/Controller:Global/MD_HET401.ALARMS,,Int32
0,Devices/[DemoWWTP]/Controller:Global/MD_HET401.RUN_DEL,,Boolean
0,Devices/[DemoWWTP]/Controller:Global/MD_HET401.RUN_TIME_RESET_PB,,Boolean
0,Devices/[DemoWWTP]/Controller:Global/MD_HET401.STARTS,,Int32
0,Devices/[DemoWWTP]/Controller:Global/MD_HET401.HOUR,,Int32
0,Devices/[DemoWWTP]/Controller:Global/MD_HET401.MIN,,Int32
0,Devices/[DemoWWTP]/Controller:Global/MD_HET401.START_OF_HOUR,,Boolean
0,Devices/[DemoWWTP]/Controller:Global/MD_HET401._24HR_STARTS,,Int32
0,Devices/[DemoWWTP]/Controller:Global/MD_HET401._24HR_MINUTES,,Int32
0,Devices/[DemoWWTP]/Controller:Global/MD_HET401.RUNNING,,Boolean
0,Devices/[DemoWWTP]/Controller:Global/MD_MIX701.EnableIn,,Boolean
0,Devices/[DemoWWTP]/Controller:Global/MD_MIX701.EnableOut,,Boolean
0,Devices/[DemoWWTP]/Controller:Global/MD_MIX701.ONLINE,,Boolean
0,Devices/[DemoWWTP]/Controller:Global/MD_MIX701.RUFB,,Boolean
0,Devices/[DemoWWTP]/Controller:Global/MD_MIX701.CBFB,,Boolean
0,Devices/[DemoWWTP]/Controller:Global/MD_MIX701.EXTFB,,Boolean
0,Devices/[DemoWWTP]/Controller:Global/MD_MIX701.ISFB,,Boolean
0,Devices/[DemoWWTP]/Controller:Global/MD_MIX701.MINICAS_EN,,Boolean
0,Devices/[DemoWWTP]/Controller:Global/MD_MIX701.MINICAS_T,,Boolean
0,Devices/[DemoWWTP]/Controller:Global/MD_MIX701.MINICAS_L,,Boolean
0,Devices/[DemoWWTP]/Controller:Global/MD_MIX701.MINICAS_RESET,,Boolean
0,Devices/[DemoWWTP]/Controller:Global/MD_MIX701.FLOW_PLS,,Boolean
0,Devices/[DemoWWTP]/Controller:Global/MD_MIX701.RESET,,Boolean
0,Devices/[DemoWWTP]/Controller:Global/MD_MIX701.SYSTEM_ALARMS_OK,,Boolean
0,Devices/[DemoWWTP]/Controller:Global/MD_MIX701.SIMULATE,,Boolean
0,Devices/[DemoWWTP]/Controller:Global/MD_MIX701.AUTO_MANUAL,,Boolean
0,Devices/[DemoWWTP]/Controller:Global/MD_MIX701.AUTORUN,,Boolean
0,Devices/[DemoWWTP]/Controller:Global/MD_MIX701.MANUAL_RUN,,Boolean
0,Devices/[DemoWWTP]/Controller:Global/MD_MIX701.ILOCK,,Boolean
0,Devices/[DemoWWTP]/Controller:Global/MD_MIX701.AVAIL,,Boolean
0,Devices/[DemoWWTP]/Controller:Global/MD_MIX701.FAULT,,Boolean
0,Devices/[DemoWWTP]/Controller:Global/MD_MIX701.ENABLE,,Boolean
0,Devices/[DemoWWTP]/Controller:Global/MD_MIX701.START_WD,,Int32
0,Devices/[DemoWWTP]/Controller:Global/MD_MIX701.STOP_WD,,Int32
0,Devices/[DemoWWTP]/Controller:Global/MD_MIX701.FLOW_SWITCH_EN,,Boolean
0,Devices/[DemoWWTP]/Controller:Global/MD_MIX701.FLOW_SWITCH,,Boolean
0,Devices/[DemoWWTP]/Controller:Global/MD_MIX701.FLOWRATE_EN,,Boolean
0,Devices/[DemoWWTP]/Controller:Global/MD_MIX701.FLOWRATE_PV,,Float
0,Devices/[DemoWWTP]/Controller:Global/MD_MIX701.FLOWRATE_SP,,Int32
0,Devices/[DemoWWTP]/Controller:Global/MD_MIX701.NOFLOW_WD,,Int32
0,Devices/[DemoWWTP]/Controller:Global/MD_MIX701.FLOW_TRANSFER_EN,,Boolean
0,Devices/[DemoWWTP]/Controller:Global/MD_MIX701.RISE_FALL,,Boolean
0,Devices/[DemoWWTP]/Controller:Global/MD_MIX701.TANK_LEVEL,,Int32
0,Devices/[DemoWWTP]/Controller:Global/MD_MIX701.FLOW_TRANSFER_SP,,Int32
0,Devices/[DemoWWTP]/Controller:Global/MD_MIX701.FLOW_TRANSFER_WD_SP,,Int32
0,Devices/[DemoWWTP]/Controller:Global/MD_MIX701.RUN_DEL_SP,,Int32
0,Devices/[DemoWWTP]/Controller:Global/MD_MIX701.RESTART_EN,,Boolean
0,Devices/[DemoWWTP]/Controller:Global/MD_MIX701.RESTART_DELAY_SP,,Int32
0,Devices/[DemoWWTP]/Controller:Global/MD_MIX701.RESTART_C_SP,,Int32
0,Devices/[DemoWWTP]/Controller:Global/MD_MIX701.RESET_AUTO_EN,,Boolean
0,Devices/[DemoWWTP]/Controller:Global/MD_MIX701.RESET_AUTO_SP,,Int32
0,Devices/[DemoWWTP]/Controller:Global/MD_MIX701.PRESSURE_PV,,Int32
0,Devices/[DemoWWTP]/Controller:Global/MD_MIX701.LOW_P_SP,,Float
0,Devices/[DemoWWTP]/Controller:Global/MD_MIX701.HI_P_SP,,Float
0,Devices/[DemoWWTP]/Controller:Global/MD_MIX701.LOW_P_WD_SP,,Int32
0,Devices/[DemoWWTP]/Controller:Global/MD_MIX701.HI_P_WD_SP,,Int32
0,Devices/[DemoWWTP]/Controller:Global/MD_MIX701.STATUS,,Int32
0,Devices/[DemoWWTP]/Controller:Global/MD_MIX701.ALARMS,,Int32
0,Devices/[DemoWWTP]/Controller:Global/MD_MIX701.RUN_DEL,,Boolean
0,Devices/[DemoWWTP]/Controller:Global/MD_MIX701.RUN_TIME_RESET_PB,,Boolean
0,Devices/[DemoWWTP]/Controller:Global/MD_MIX701.STARTS,,Int32
0,Devices/[DemoWWTP]/Controller:Global/MD_MIX701.HOUR,,Int32
0,Devices/[DemoWWTP]/Controller:Global/MD_MIX701.MIN,,Int32
0,Devices/[DemoWWTP]/Controller:Global/MD_MIX701.START_OF_HOUR,,Boolean
0,Devices/[DemoWWTP]/Controller:Global/MD_MIX701._24HR_STARTS,,Int32
0,Devices/[DemoWWTP]/Controller:Global/MD_MIX701._24HR_MINUTES,,Int32
0,Devices/[DemoWWTP]/Controller:Global/MD_MIX701.RUNNING,,Boolean
0,Devices/[DemoWWTP]/Controller:Global/MD_P101.EnableIn,,Boolean
0,Devices/[DemoWWTP]/Controller:Global/MD_P101.EnableOut,,Boolean
0,Devices/[DemoWWTP]/Controller:Global/MD_P101.ONLINE,,Boolean
0,Devices/[DemoWWTP]/Controller:Global/MD_P101.RUFB,,Boolean
0,Devices/[DemoWWTP]/Controller:Global/MD_P101.CBFB,,Boolean
0,Devices/[DemoWWTP]/Controller:Global/MD_P101.EXTFB,,Boolean
0,Devices/[DemoWWTP]/Controller:Global/MD_P101.ISFB,,Boolean
0,Devices/[DemoWWTP]/Controller:Global/MD_P101.MINICAS_EN,,Boolean
0,Devices/[DemoWWTP]/Controller:Global/MD_P101.MINICAS_T,,Boolean
0,Devices/[DemoWWTP]/Controller:Global/MD_P101.MINICAS_L,,Boolean
0,Devices/[DemoWWTP]/Controller:Global/MD_P101.MINICAS_RESET,,Boolean
0,Devices/[DemoWWTP]/Controller:Global/MD_P101.FLOW_PLS,,Boolean
0,Devices/[DemoWWTP]/Controller:Global/MD_P101.RESET,,Boolean
0,Devices/[DemoWWTP]/Controller:Global/MD_P101.SYSTEM_ALARMS_OK,,Boolean
0,Devices/[DemoWWTP]/Controller:Global/MD_P101.SIMULATE,,Boolean
0,Devices/[DemoWWTP]/Controller:Global/MD_P101.AUTO_MANUAL,,Boolean
0,Devices/[DemoWWTP]/Controller:Global/MD_P101.AUTORUN,,Boolean
0,Devices/[DemoWWTP]/Controller:Global/MD_P101.MANUAL_RUN,,Boolean
0,Devices/[DemoWWTP]/Controller:Global/MD_P101.ILOCK,,Boolean
0,Devices/[DemoWWTP]/Controller:Global/MD_P101.AVAIL,,Boolean
0,Devices/[DemoWWTP]/Controller:Global/MD_P101.FAULT,,Boolean
0,Devices/[DemoWWTP]/Controller:Global/MD_P101.ENABLE,,Boolean
0,Devices/[DemoWWTP]/Controller:Global/MD_P101.START_WD,,Int32
0,Devices/[DemoWWTP]/Controller:Global/MD_P101.STOP_WD,,Int32
0,Devices/[DemoWWTP]/Controller:Global/MD_P101.FLOW_SWITCH_EN,,Boolean
0,Devices/[DemoWWTP]/Controller:Global/MD_P101.FLOW_SWITCH,,Boolean
0,Devices/[DemoWWTP]/Controller:Global/MD_P101.FLOWRATE_EN,,Boolean
0,Devices/[DemoWWTP]/Controller:Global/MD_P101.FLOWRATE_PV,,Float
0,Devices/[DemoWWTP]/Controller:Global/MD_P101.FLOWRATE_SP,,Int32
0,Devices/[DemoWWTP]/Controller:Global/MD_P101.NOFLOW_WD,,Int32
0,Devices/[DemoWWTP]/Controller:Global/MD_P101.FLOW_TRANSFER_EN,,Boolean
0,Devices/[DemoWWTP]/Controller:Global/MD_P101.RISE_FALL,,Boolean
0,Devices/[DemoWWTP]/Controller:Global/MD_P101.TANK_LEVEL,,Int32
0,Devices/[DemoWWTP]/Controller:Global/MD_P101.FLOW_TRANSFER_SP,,Int32
0,Devices/[DemoWWTP]/Controller:Global/MD_P101.FLOW_TRANSFER_WD_SP,,Int32
0,Devices/[DemoWWTP]/Controller:Global/MD_P101.RUN_DEL_SP,,Int32
0,Devices/[DemoWWTP]/Controller:Global/MD_P101.RESTART_EN,,Boolean
0,Devices/[DemoWWTP]/Controller:Global/MD_P101.RESTART_DELAY_SP,,Int32
0,Devices/[DemoWWTP]/Controller:Global/MD_P101.RESTART_C_SP,,Int32
0,Devices/[DemoWWTP]/Controller:Global/MD_P101.RESET_AUTO_EN,,Boolean
0,Devices/[DemoWWTP]/Controller:Global/MD_P101.RESET_AUTO_SP,,Int32
0,Devices/[DemoWWTP]/Controller:Global/MD_P101.PRESSURE_PV,,Int32
0,Devices/[DemoWWTP]/Controller:Global/MD_P101.LOW_P_SP,,Float
0,Devices/[DemoWWTP]/Controller:Global/MD_P101.HI_P_SP,,Float
0,Devices/[DemoWWTP]/Controller:Global/MD_P101.LOW_P_WD_SP,,Int32
0,Devices/[DemoWWTP]/Controller:Global/MD_P101.HI_P_WD_SP,,Int32
0,Devices/[DemoWWTP]/Controller:Global/MD_P101.STATUS,,Int32
0,Devices/[DemoWWTP]/Controller:Global/MD_P101.ALARMS,,Int32
0,Devices/[DemoWWTP]/Controller:Global/MD_P101.RUN_DEL,,Boolean
0,Devices/[DemoWWTP]/Controller:Global/MD_P101.RUN_TIME_RESET_PB,,Boolean
0,Devices/[DemoWWTP]/Controller:Global/MD_P101.STARTS,,Int32
0,Devices/[DemoWWTP]/Controller:Global/MD_P101.HOUR,,Int32
0,Devices/[DemoWWTP]/Controller:Global/MD_P101.MIN,,Int32
0,Devices/[DemoWWTP]/Controller:Global/MD_P101.START_OF_HOUR,,Boolean
0,Devices/[DemoWWTP]/Controller:Global/MD_P101._24HR_STARTS,,Int32
0,Devices/[DemoWWTP]/Controller:Global/MD_P101._24HR_MINUTES,,Int32
0,Devices/[DemoWWTP]/Controller:Global/MD_P101.RUNNING,,Boolean
0,Devices/[DemoWWTP]/Controller:Global/MD_P102.EnableIn,,Boolean
0,Devices/[DemoWWTP]/Controller:Global/MD_P102.EnableOut,,Boolean
0,Devices/[DemoWWTP]/Controller:Global/MD_P102.ONLINE,,Boolean
0,Devices/[DemoWWTP]/Controller:Global/MD_P102.RUFB,,Boolean
0,Devices/[DemoWWTP]/Controller:Global/MD_P102.CBFB,,Boolean
0,Devices/[DemoWWTP]/Controller:Global/MD_P102.EXTFB,,Boolean
0,Devices/[DemoWWTP]/Controller:Global/MD_P102.ISFB,,Boolean
0,Devices/[DemoWWTP]/Controller:Global/MD_P102.MINICAS_EN,,Boolean
0,Devices/[DemoWWTP]/Controller:Global/MD_P102.MINICAS_T,,Boolean
0,Devices/[DemoWWTP]/Controller:Global/MD_P102.MINICAS_L,,Boolean
0,Devices/[DemoWWTP]/Controller:Global/MD_P102.MINICAS_RESET,,Boolean
0,Devices/[DemoWWTP]/Controller:Global/MD_P102.FLOW_PLS,,Boolean
0,Devices/[DemoWWTP]/Controller:Global/MD_P102.RESET,,Boolean
0,Devices/[DemoWWTP]/Controller:Global/MD_P102.SYSTEM_ALARMS_OK,,Boolean
0,Devices/[DemoWWTP]/Controller:Global/MD_P102.SIMULATE,,Boolean
0,Devices/[DemoWWTP]/Controller:Global/MD_P102.AUTO_MANUAL,,Boolean
0,Devices/[DemoWWTP]/Controller:Global/MD_P102.AUTORUN,,Boolean
0,Devices/[DemoWWTP]/Controller:Global/MD_P102.MANUAL_RUN,,Boolean
0,Devices/[DemoWWTP]/Controller:Global/MD_P102.ILOCK,,Boolean
0,Devices/[DemoWWTP]/Controller:Global/MD_P102.AVAIL,,Boolean
0,Devices/[DemoWWTP]/Controller:Global/MD_P102.FAULT,,Boolean
0,Devices/[DemoWWTP]/Controller:Global/MD_P102.ENABLE,,Boolean
0,Devices/[DemoWWTP]/Controller:Global/MD_P102.START_WD,,Int32
0,Devices/[DemoWWTP]/Controller:Global/MD_P102.STOP_WD,,Int32
0,Devices/[DemoWWTP]/Controller:Global/MD_P102.FLOW_SWITCH_EN,,Boolean
0,Devices/[DemoWWTP]/Controller:Global/MD_P102.FLOW_SWITCH,,Boolean
0,Devices/[DemoWWTP]/Controller:Global/MD_P102.FLOWRATE_EN,,Boolean
0,Devices/[DemoWWTP]/Controller:Global/MD_P102.FLOWRATE_PV,,Float
0,Devices/[DemoWWTP]/Controller:Global/MD_P102.FLOWRATE_SP,,Int32
0,Devices/[DemoWWTP]/Controller:Global/MD_P102.NOFLOW_WD,,Int32
0,Devices/[DemoWWTP]/Controller:Global/MD_P102.FLOW_TRANSFER_EN,,Boolean
0,Devices/[DemoWWTP]/Controller:Global/MD_P102.RISE_FALL,,Boolean
0,Devices/[DemoWWTP]/Controller:Global/MD_P102.TANK_LEVEL,,Int32
0,Devices/[DemoWWTP]/Controller:Global/MD_P102.FLOW_TRANSFER_SP,,Int32
0,Devices/[DemoWWTP]/Controller:Global/MD_P102.FLOW_TRANSFER_WD_SP,,Int32
0,Devices/[DemoWWTP]/Controller:Global/MD_P102.RUN_DEL_SP,,Int32
0,Devices/[DemoWWTP]/Controller:Global/MD_P102.RESTART_EN,,Boolean
0,Devices/[DemoWWTP]/Controller:Global/MD_P102.RESTART_DELAY_SP,,Int32
0,Devices/[DemoWWTP]/Controller:Global/MD_P102.RESTART_C_SP,,Int32
0,Devices/[DemoWWTP]/Controller:Global/MD_P102.RESET_AUTO_EN,,Boolean
0,Devices/[DemoWWTP]/Controller:Global/MD_P102.RESET_AUTO_SP,,Int32
0,Devices/[DemoWWTP]/Controller:Global/MD_P102.PRESSURE_PV,,Int32
0,Devices/[DemoWWTP]/Controller:Global/MD_P102.LOW_P_SP,,Float
0,Devices/[DemoWWTP]/Controller:Global/MD_P102.HI_P_SP,,Float
0,Devices/[DemoWWTP]/Controller:Global/MD_P102.LOW_P_WD_SP,,Int32
0,Devices/[DemoWWTP]/Controller:Global/MD_P102.HI_P_WD_SP,,Int32
0,Devices/[DemoWWTP]/Controller:Global/MD_P102.STATUS,,Int32
0,Devices/[DemoWWTP]/Controller:Global/MD_P102.ALARMS,,Int32
0,Devices/[DemoWWTP]/Controller:Global/MD_P102.RUN_DEL,,Boolean
0,Devices/[DemoWWTP]/Controller:Global/MD_P102.RUN_TIME_RESET_PB,,Boolean
0,Devices/[DemoWWTP]/Controller:Global/MD_P102.STARTS,,Int32
0,Devices/[DemoWWTP]/Controller:Global/MD_P102.HOUR,,Int32
0,Devices/[DemoWWTP]/Controller:Global/MD_P102.MIN,,Int32
0,Devices/[DemoWWTP]/Controller:Global/MD_P102.START_OF_HOUR,,Boolean
0,Devices/[DemoWWTP]/Controller:Global/MD_P102._24HR_STARTS,,Int32
0,Devices/[DemoWWTP]/Controller:Global/MD_P102._24HR_MINUTES,,Int32
0,Devices/[DemoWWTP]/Controller:Global/MD_P102.RUNNING,,Boolean
0,Devices/[DemoWWTP]/Controller:Global/MD_P103.EnableIn,,Boolean
0,Devices/[DemoWWTP]/Controller:Global/MD_P103.EnableOut,,Boolean
0,Devices/[DemoWWTP]/Controller:Global/MD_P103.ONLINE,,Boolean
0,Devices/[DemoWWTP]/Controller:Global/MD_P103.RUFB,,Boolean
0,Devices/[DemoWWTP]/Controller:Global/MD_P103.CBFB,,Boolean
0,Devices/[DemoWWTP]/Controller:Global/MD_P103.EXTFB,,Boolean
0,Devices/[DemoWWTP]/Controller:Global/MD_P103.ISFB,,Boolean
0,Devices/[DemoWWTP]/Controller:Global/MD_P103.MINICAS_EN,,Boolean
0,Devices/[DemoWWTP]/Controller:Global/MD_P103.MINICAS_T,,Boolean
0,Devices/[DemoWWTP]/Controller:Global/MD_P103.MINICAS_L,,Boolean
0,Devices/[DemoWWTP]/Controller:Global/MD_P103.MINICAS_RESET,,Boolean
0,Devices/[DemoWWTP]/Controller:Global/MD_P103.FLOW_PLS,,Boolean
0,Devices/[DemoWWTP]/Controller:Global/MD_P103.RESET,,Boolean
0,Devices/[DemoWWTP]/Controller:Global/MD_P103.SYSTEM_ALARMS_OK,,Boolean
0,Devices/[DemoWWTP]/Controller:Global/MD_P103.SIMULATE,,Boolean
0,Devices/[DemoWWTP]/Controller:Global/MD_P103.AUTO_MANUAL,,Boolean
0,Devices/[DemoWWTP]/Controller:Global/MD_P103.AUTORUN,,Boolean
0,Devices/[DemoWWTP]/Controller:Global/MD_P103.MANUAL_RUN,,Boolean
0,Devices/[DemoWWTP]/Controller:Global/MD_P103.ILOCK,,Boolean
0,Devices/[DemoWWTP]/Controller:Global/MD_P103.AVAIL,,Boolean
0,Devices/[DemoWWTP]/Controller:Global/MD_P103.FAULT,,Boolean
0,Devices/[DemoWWTP]/Controller:Global/MD_P103.ENABLE,,Boolean
0,Devices/[DemoWWTP]/Controller:Global/MD_P103.START_WD,,Int32
0,Devices/[DemoWWTP]/Controller:Global/MD_P103.STOP_WD,,Int32
0,Devices/[DemoWWTP]/Controller:Global/MD_P103.FLOW_SWITCH_EN,,Boolean
0,Devices/[DemoWWTP]/Controller:Global/MD_P103.FLOW_SWITCH,,Boolean
0,Devices/[DemoWWTP]/Controller:Global/MD_P103.FLOWRATE_EN,,Boolean
0,Devices/[DemoWWTP]/Controller:Global/MD_P103.FLOWRATE_PV,,Float
0,Devices/[DemoWWTP]/Controller:Global/MD_P103.FLOWRATE_SP,,Int32
0,Devices/[DemoWWTP]/Controller:Global/MD_P103.NOFLOW_WD,,Int32
0,Devices/[DemoWWTP]/Controller:Global/MD_P103.FLOW_TRANSFER_EN,,Boolean
0,Devices/[DemoWWTP]/Controller:Global/MD_P103.RISE_FALL,,Boolean
0,Devices/[DemoWWTP]/Controller:Global/MD_P103.TANK_LEVEL,,Int32
0,Devices/[DemoWWTP]/Controller:Global/MD_P103.FLOW_TRANSFER_SP,,Int32
0,Devices/[DemoWWTP]/Controller:Global/MD_P103.FLOW_TRANSFER_WD_SP,,Int32
0,Devices/[DemoWWTP]/Controller:Global/MD_P103.RUN_DEL_SP,,Int32
0,Devices/[DemoWWTP]/Controller:Global/MD_P103.RESTART_EN,,Boolean
0,Devices/[DemoWWTP]/Controller:Global/MD_P103.RESTART_DELAY_SP,,Int32
0,Devices/[DemoWWTP]/Controller:Global/MD_P103.RESTART_C_SP,,Int32
0,Devices/[DemoWWTP]/Controller:Global/MD_P103.RESET_AUTO_EN,,Boolean
0,Devices/[DemoWWTP]/Controller:Global/MD_P103.RESET_AUTO_SP,,Int32
0,Devices/[DemoWWTP]/Controller:Global/MD_P103.PRESSURE_PV,,Int32
0,Devices/[DemoWWTP]/Controller:Global/MD_P103.LOW_P_SP,,Float
0,Devices/[DemoWWTP]/Controller:Global/MD_P103.HI_P_SP,,Float
0,Devices/[DemoWWTP]/Controller:Global/MD_P103.LOW_P_WD_SP,,Int32
0,Devices/[DemoWWTP]/Controller:Global/MD_P103.HI_P_WD_SP,,Int32
0,Devices/[DemoWWTP]/Controller:Global/MD_P103.STATUS,,Int32
0,Devices/[DemoWWTP]/Controller:Global/MD_P103.ALARMS,,Int32
0,Devices/[DemoWWTP]/Controller:Global/MD_P103.RUN_DEL,,Boolean
0,Devices/[DemoWWTP]/Controller:Global/MD_P103.RUN_TIME_RESET_PB,,Boolean
0,Devices/[DemoWWTP]/Controller:Global/MD_P103.STARTS,,Int32
0,Devices/[DemoWWTP]/Controller:Global/MD_P103.HOUR,,Int32
0,Devices/[DemoWWTP]/Controller:Global/MD_P103.MIN,,Int32
0,Devices/[DemoWWTP]/Controller:Global/MD_P103.START_OF_HOUR,,Boolean
0,Devices/[DemoWWTP]/Controller:Global/MD_P103._24HR_STARTS,,Int32
0,Devices/[DemoWWTP]/Controller:Global/MD_P103._24HR_MINUTES,,Int32
0,Devices/[DemoWWTP]/Controller:Global/MD_P103.RUNNING,,Boolean
0,Devices/[DemoWWTP]/Controller:Global/MD_P104.EnableIn,,Boolean
0,Devices/[DemoWWTP]/Controller:Global/MD_P104.EnableOut,,Boolean
0,Devices/[DemoWWTP]/Controller:Global/MD_P104.ONLINE,,Boolean
0,Devices/[DemoWWTP]/Controller:Global/MD_P104.RUFB,,Boolean
0,Devices/[DemoWWTP]/Controller:Global/MD_P104.CBFB,,Boolean
0,Devices/[DemoWWTP]/Controller:Global/MD_P104.EXTFB,,Boolean
0,Devices/[DemoWWTP]/Controller:Global/MD_P104.ISFB,,Boolean
0,Devices/[DemoWWTP]/Controller:Global/MD_P104.MINICAS_EN,,Boolean
0,Devices/[DemoWWTP]/Controller:Global/MD_P104.MINICAS_T,,Boolean
0,Devices/[DemoWWTP]/Controller:Global/MD_P104.MINICAS_L,,Boolean
0,Devices/[DemoWWTP]/Controller:Global/MD_P104.MINICAS_RESET,,Boolean
0,Devices/[DemoWWTP]/Controller:Global/MD_P104.FLOW_PLS,,Boolean
0,Devices/[DemoWWTP]/Controller:Global/MD_P104.RESET,,Boolean
0,Devices/[DemoWWTP]/Controller:Global/MD_P104.SYSTEM_ALARMS_OK,,Boolean
0,Devices/[DemoWWTP]/Controller:Global/MD_P104.SIMULATE,,Boolean
0,Devices/[DemoWWTP]/Controller:Global/MD_P104.AUTO_MANUAL,,Boolean
0,Devices/[DemoWWTP]/Controller:Global/MD_P104.AUTORUN,,Boolean
0,Devices/[DemoWWTP]/Controller:Global/MD_P104.MANUAL_RUN,,Boolean
0,Devices/[DemoWWTP]/Controller:Global/MD_P104.ILOCK,,Boolean
0,Devices/[DemoWWTP]/Controller:Global/MD_P104.AVAIL,,Boolean
0,Devices/[DemoWWTP]/Controller:Global/MD_P104.FAULT,,Boolean
0,Devices/[DemoWWTP]/Controller:Global/MD_P104.ENABLE,,Boolean
0,Devices/[DemoWWTP]/Controller:Global/MD_P104.START_WD,,Int32
0,Devices/[DemoWWTP]/Controller:Global/MD_P104.STOP_WD,,Int32
0,Devices/[DemoWWTP]/Controller:Global/MD_P104.FLOW_SWITCH_EN,,Boolean
0,Devices/[DemoWWTP]/Controller:Global/MD_P104.FLOW_SWITCH,,Boolean
0,Devices/[DemoWWTP]/Controller:Global/MD_P104.FLOWRATE_EN,,Boolean
0,Devices/[DemoWWTP]/Controller:Global/MD_P104.FLOWRATE_PV,,Float
0,Devices/[DemoWWTP]/Controller:Global/MD_P104.FLOWRATE_SP,,Int32
0,Devices/[DemoWWTP]/Controller:Global/MD_P104.NOFLOW_WD,,Int32
0,Devices/[DemoWWTP]/Controller:Global/MD_P104.FLOW_TRANSFER_EN,,Boolean
0,Devices/[DemoWWTP]/Controller:Global/MD_P104.RISE_FALL,,Boolean
0,Devices/[DemoWWTP]/Controller:Global/MD_P104.TANK_LEVEL,,Int32
0,Devices/[DemoWWTP]/Controller:Global/MD_P104.FLOW_TRANSFER_SP,,Int32
0,Devices/[DemoWWTP]/Controller:Global/MD_P104.FLOW_TRANSFER_WD_SP,,Int32
0,Devices/[DemoWWTP]/Controller:Global/MD_P104.RUN_DEL_SP,,Int32
0,Devices/[DemoWWTP]/Controller:Global/MD_P104.RESTART_EN,,Boolean
0,Devices/[DemoWWTP]/Controller:Global/MD_P104.RESTART_DELAY_SP,,Int32
0,Devices/[DemoWWTP]/Controller:Global/MD_P104.RESTART_C_SP,,Int32
0,Devices/[DemoWWTP]/Controller:Global/MD_P104.RESET_AUTO_EN,,Boolean
0,Devices/[DemoWWTP]/Controller:Global/MD_P104.RESET_AUTO_SP,,Int32
0,Devices/[DemoWWTP]/Controller:Global/MD_P104.PRESSURE_PV,,Int32
0,Devices/[DemoWWTP]/Controller:Global/MD_P104.LOW_P_SP,,Float
0,Devices/[DemoWWTP]/Controller:Global/MD_P104.HI_P_SP,,Float
0,Devices/[DemoWWTP]/Controller:Global/MD_P104.LOW_P_WD_SP,,Int32
0,Devices/[DemoWWTP]/Controller:Global/MD_P104.HI_P_WD_SP,,Int32
0,Devices/[DemoWWTP]/Controller:Global/MD_P104.STATUS,,Int32
0,Devices/[DemoWWTP]/Controller:Global/MD_P104.ALARMS,,Int32
0,Devices/[DemoWWTP]/Controller:Global/MD_P104.RUN_DEL,,Boolean
0,Devices/[DemoWWTP]/Controller:Global/MD_P104.RUN_TIME_RESET_PB,,Boolean
0,Devices/[DemoWWTP]/Controller:Global/MD_P104.STARTS,,Int32
0,Devices/[DemoWWTP]/Controller:Global/MD_P104.HOUR,,Int32
0,Devices/[DemoWWTP]/Controller:Global/MD_P104.MIN,,Int32
0,Devices/[DemoWWTP]/Controller:Global/MD_P104.START_OF_HOUR,,Boolean
0,Devices/[DemoWWTP]/Controller:Global/MD_P104._24HR_STARTS,,Int32
0,Devices/[DemoWWTP]/Controller:Global/MD_P104._24HR_MINUTES,,Int32
0,Devices/[DemoWWTP]/Controller:Global/MD_P104.RUNNING,,Boolean
0,Devices/[DemoWWTP]/Controller:Global/MD_P105.EnableIn,,Boolean
0,Devices/[DemoWWTP]/Controller:Global/MD_P105.EnableOut,,Boolean
0,Devices/[DemoWWTP]/Controller:Global/MD_P105.ONLINE,,Boolean
0,Devices/[DemoWWTP]/Controller:Global/MD_P105.RUFB,,Boolean
0,Devices/[DemoWWTP]/Controller:Global/MD_P105.CBFB,,Boolean
0,Devices/[DemoWWTP]/Controller:Global/MD_P105.EXTFB,,Boolean
0,Devices/[DemoWWTP]/Controller:Global/MD_P105.ISFB,,Boolean
0,Devices/[DemoWWTP]/Controller:Global/MD_P105.MINICAS_EN,,Boolean
0,Devices/[DemoWWTP]/Controller:Global/MD_P105.MINICAS_T,,Boolean
0,Devices/[DemoWWTP]/Controller:Global/MD_P105.MINICAS_L,,Boolean
0,Devices/[DemoWWTP]/Controller:Global/MD_P105.MINICAS_RESET,,Boolean
0,Devices/[DemoWWTP]/Controller:Global/MD_P105.FLOW_PLS,,Boolean
0,Devices/[DemoWWTP]/Controller:Global/MD_P105.RESET,,Boolean
0,Devices/[DemoWWTP]/Controller:Global/MD_P105.SYSTEM_ALARMS_OK,,Boolean
0,Devices/[DemoWWTP]/Controller:Global/MD_P105.SIMULATE,,Boolean
0,Devices/[DemoWWTP]/Controller:Global/MD_P105.AUTO_MANUAL,,Boolean
0,Devices/[DemoWWTP]/Controller:Global/MD_P105.AUTORUN,,Boolean
0,Devices/[DemoWWTP]/Controller:Global/MD_P105.MANUAL_RUN,,Boolean
0,Devices/[DemoWWTP]/Controller:Global/MD_P105.ILOCK,,Boolean
0,Devices/[DemoWWTP]/Controller:Global/MD_P105.AVAIL,,Boolean
0,Devices/[DemoWWTP]/Controller:Global/MD_P105.FAULT,,Boolean
0,Devices/[DemoWWTP]/Controller:Global/MD_P105.ENABLE,,Boolean
0,Devices/[DemoWWTP]/Controller:Global/MD_P105.START_WD,,Int32
0,Devices/[DemoWWTP]/Controller:Global/MD_P105.STOP_WD,,Int32
0,Devices/[DemoWWTP]/Controller:Global/MD_P105.FLOW_SWITCH_EN,,Boolean
0,Devices/[DemoWWTP]/Controller:Global/MD_P105.FLOW_SWITCH,,Boolean
0,Devices/[DemoWWTP]/Controller:Global/MD_P105.FLOWRATE_EN,,Boolean
0,Devices/[DemoWWTP]/Controller:Global/MD_P105.FLOWRATE_PV,,Float
0,Devices/[DemoWWTP]/Controller:Global/MD_P105.FLOWRATE_SP,,Int32
0,Devices/[DemoWWTP]/Controller:Global/MD_P105.NOFLOW_WD,,Int32
0,Devices/[DemoWWTP]/Controller:Global/MD_P105.FLOW_TRANSFER_EN,,Boolean
0,Devices/[DemoWWTP]/Controller:Global/MD_P105.RISE_FALL,,Boolean
0,Devices/[DemoWWTP]/Controller:Global/MD_P105.TANK_LEVEL,,Int32
0,Devices/[DemoWWTP]/Controller:Global/MD_P105.FLOW_TRANSFER_SP,,Int32
0,Devices/[DemoWWTP]/Controller:Global/MD_P105.FLOW_TRANSFER_WD_SP,,Int32
0,Devices/[DemoWWTP]/Controller:Global/MD_P105.RUN_DEL_SP,,Int32
0,Devices/[DemoWWTP]/Controller:Global/MD_P105.RESTART_EN,,Boolean
0,Devices/[DemoWWTP]/Controller:Global/MD_P105.RESTART_DELAY_SP,,Int32
0,Devices/[DemoWWTP]/Controller:Global/MD_P105.RESTART_C_SP,,Int32
0,Devices/[DemoWWTP]/Controller:Global/MD_P105.RESET_AUTO_EN,,Boolean
0,Devices/[DemoWWTP]/Controller:Global/MD_P105.RESET_AUTO_SP,,Int32
0,Devices/[DemoWWTP]/Controller:Global/MD_P105.PRESSURE_PV,,Int32
0,Devices/[DemoWWTP]/Controller:Global/MD_P105.LOW_P_SP,,Float
0,Devices/[DemoWWTP]/Controller:Global/MD_P105.HI_P_SP,,Float
0,Devices/[DemoWWTP]/Controller:Global/MD_P105.LOW_P_WD_SP,,Int32
0,Devices/[DemoWWTP]/Controller:Global/MD_P105.HI_P_WD_SP,,Int32
0,Devices/[DemoWWTP]/Controller:Global/MD_P105.STATUS,,Int32
0,Devices/[DemoWWTP]/Controller:Global/MD_P105.ALARMS,,Int32
0,Devices/[DemoWWTP]/Controller:Global/MD_P105.RUN_DEL,,Boolean
0,Devices/[DemoWWTP]/Controller:Global/MD_P105.RUN_TIME_RESET_PB,,Boolean
0,Devices/[DemoWWTP]/Controller:Global/MD_P105.STARTS,,Int32
0,Devices/[DemoWWTP]/Controller:Global/MD_P105.HOUR,,Int32
0,Devices/[DemoWWTP]/Controller:Global/MD_P105.MIN,,Int32
0,Devices/[DemoWWTP]/Controller:Global/MD_P105.START_OF_HOUR,,Boolean
0,Devices/[DemoWWTP]/Controller:Global/MD_P105._24HR_STARTS,,Int32
0,Devices/[DemoWWTP]/Controller:Global/MD_P105._24HR_MINUTES,,Int32
0,Devices/[DemoWWTP]/Controller:Global/MD_P105.RUNNING,,Boolean
0,Devices/[DemoWWTP]/Controller:Global/MD_P106.EnableIn,,Boolean
0,Devices/[DemoWWTP]/Controller:Global/MD_P106.EnableOut,,Boolean
0,Devices/[DemoWWTP]/Controller:Global/MD_P106.ONLINE,,Boolean
0,Devices/[DemoWWTP]/Controller:Global/MD_P106.RUFB,,Boolean
0,Devices/[DemoWWTP]/Controller:Global/MD_P106.CBFB,,Boolean
0,Devices/[DemoWWTP]/Controller:Global/MD_P106.EXTFB,,Boolean
0,Devices/[DemoWWTP]/Controller:Global/MD_P106.ISFB,,Boolean
0,Devices/[DemoWWTP]/Controller:Global/MD_P106.MINICAS_EN,,Boolean
0,Devices/[DemoWWTP]/Controller:Global/MD_P106.MINICAS_T,,Boolean
0,Devices/[DemoWWTP]/Controller:Global/MD_P106.MINICAS_L,,Boolean
0,Devices/[DemoWWTP]/Controller:Global/MD_P106.MINICAS_RESET,,Boolean
0,Devices/[DemoWWTP]/Controller:Global/MD_P106.FLOW_PLS,,Boolean
0,Devices/[DemoWWTP]/Controller:Global/MD_P106.RESET,,Boolean
0,Devices/[DemoWWTP]/Controller:Global/MD_P106.SYSTEM_ALARMS_OK,,Boolean
0,Devices/[DemoWWTP]/Controller:Global/MD_P106.SIMULATE,,Boolean
0,Devices/[DemoWWTP]/Controller:Global/MD_P106.AUTO_MANUAL,,Boolean
0,Devices/[DemoWWTP]/Controller:Global/MD_P106.AUTORUN,,Boolean
0,Devices/[DemoWWTP]/Controller:Global/MD_P106.MANUAL_RUN,,Boolean
0,Devices/[DemoWWTP]/Controller:Global/MD_P106.ILOCK,,Boolean
0,Devices/[DemoWWTP]/Controller:Global/MD_P106.AVAIL,,Boolean
0,Devices/[DemoWWTP]/Controller:Global/MD_P106.FAULT,,Boolean
0,Devices/[DemoWWTP]/Controller:Global/MD_P106.ENABLE,,Boolean
0,Devices/[DemoWWTP]/Controller:Global/MD_P106.START_WD,,Int32
0,Devices/[DemoWWTP]/Controller:Global/MD_P106.STOP_WD,,Int32
0,Devices/[DemoWWTP]/Controller:Global/MD_P106.FLOW_SWITCH_EN,,Boolean
0,Devices/[DemoWWTP]/Controller:Global/MD_P106.FLOW_SWITCH,,Boolean
0,Devices/[DemoWWTP]/Controller:Global/MD_P106.FLOWRATE_EN,,Boolean
0,Devices/[DemoWWTP]/Controller:Global/MD_P106.FLOWRATE_PV,,Float
0,Devices/[DemoWWTP]/Controller:Global/MD_P106.FLOWRATE_SP,,Int32
0,Devices/[DemoWWTP]/Controller:Global/MD_P106.NOFLOW_WD,,Int32
0,Devices/[DemoWWTP]/Controller:Global/MD_P106.FLOW_TRANSFER_EN,,Boolean
0,Devices/[DemoWWTP]/Controller:Global/MD_P106.RISE_FALL,,Boolean
0,Devices/[DemoWWTP]/Controller:Global/MD_P106.TANK_LEVEL,,Int32
0,Devices/[DemoWWTP]/Controller:Global/MD_P106.FLOW_TRANSFER_SP,,Int32
0,Devices/[DemoWWTP]/Controller:Global/MD_P106.FLOW_TRANSFER_WD_SP,,Int32
0,Devices/[DemoWWTP]/Controller:Global/MD_P106.RUN_DEL_SP,,Int32
0,Devices/[DemoWWTP]/Controller:Global/MD_P106.RESTART_EN,,Boolean
0,Devices/[DemoWWTP]/Controller:Global/MD_P106.RESTART_DELAY_SP,,Int32
0,Devices/[DemoWWTP]/Controller:Global/MD_P106.RESTART_C_SP,,Int32
0,Devices/[DemoWWTP]/Controller:Global/MD_P106.RESET_AUTO_EN,,Boolean
0,Devices/[DemoWWTP]/Controller:Global/MD_P106.RESET_AUTO_SP,,Int32
0,Devices/[DemoWWTP]/Controller:Global/MD_P106.PRESSURE_PV,,Int32
0,Devices/[DemoWWTP]/Controller:Global/MD_P106.LOW_P_SP,,Float
0,Devices/[DemoWWTP]/Controller:Global/MD_P106.HI_P_SP,,Float
0,Devices/[DemoWWTP]/Controller:Global/MD_P106.LOW_P_WD_SP,,Int32
0,Devices/[DemoWWTP]/Controller:Global/MD_P106.HI_P_WD_SP,,Int32
0,Devices/[DemoWWTP]/Controller:Global/MD_P106.STATUS,,Int32
0,Devices/[DemoWWTP]/Controller:Global/MD_P106.ALARMS,,Int32
0,Devices/[DemoWWTP]/Controller:Global/MD_P106.RUN_DEL,,Boolean
0,Devices/[DemoWWTP]/Controller:Global/MD_P106.RUN_TIME_RESET_PB,,Boolean
0,Devices/[DemoWWTP]/Controller:Global/MD_P106.STARTS,,Int32
0,Devices/[DemoWWTP]/Controller:Global/MD_P106.HOUR,,Int32
0,Devices/[DemoWWTP]/Controller:Global/MD_P106.MIN,,Int32
0,Devices/[DemoWWTP]/Controller:Global/MD_P106.START_OF_HOUR,,Boolean
0,Devices/[DemoWWTP]/Controller:Global/MD_P106._24HR_STARTS,,Int32
0,Devices/[DemoWWTP]/Controller:Global/MD_P106._24HR_MINUTES,,Int32
0,Devices/[DemoWWTP]/Controller:Global/MD_P106.RUNNING,,Boolean
0,Devices/[DemoWWTP]/Controller:Global/MD_P201.EnableIn,,Boolean
0,Devices/[DemoWWTP]/Controller:Global/MD_P201.EnableOut,,Boolean
0,Devices/[DemoWWTP]/Controller:Global/MD_P201.ONLINE,,Boolean
0,Devices/[DemoWWTP]/Controller:Global/MD_P201.RUFB,,Boolean
0,Devices/[DemoWWTP]/Controller:Global/MD_P201.CBFB,,Boolean
0,Devices/[DemoWWTP]/Controller:Global/MD_P201.EXTFB,,Boolean
0,Devices/[DemoWWTP]/Controller:Global/MD_P201.ISFB,,Boolean
0,Devices/[DemoWWTP]/Controller:Global/MD_P201.MINICAS_EN,,Boolean
0,Devices/[DemoWWTP]/Controller:Global/MD_P201.MINICAS_T,,Boolean
0,Devices/[DemoWWTP]/Controller:Global/MD_P201.MINICAS_L,,Boolean
0,Devices/[DemoWWTP]/Controller:Global/MD_P201.MINICAS_RESET,,Boolean
0,Devices/[DemoWWTP]/Controller:Global/MD_P201.FLOW_PLS,,Boolean
0,Devices/[DemoWWTP]/Controller:Global/MD_P201.RESET,,Boolean
0,Devices/[DemoWWTP]/Controller:Global/MD_P201.SYSTEM_ALARMS_OK,,Boolean
0,Devices/[DemoWWTP]/Controller:Global/MD_P201.SIMULATE,,Boolean
0,Devices/[DemoWWTP]/Controller:Global/MD_P201.AUTO_MANUAL,,Boolean
0,Devices/[DemoWWTP]/Controller:Global/MD_P201.AUTORUN,,Boolean
0,Devices/[DemoWWTP]/Controller:Global/MD_P201.MANUAL_RUN,,Boolean
0,Devices/[DemoWWTP]/Controller:Global/MD_P201.ILOCK,,Boolean
0,Devices/[DemoWWTP]/Controller:Global/MD_P201.AVAIL,,Boolean
0,Devices/[DemoWWTP]/Controller:Global/MD_P201.FAULT,,Boolean
0,Devices/[DemoWWTP]/Controller:Global/MD_P201.ENABLE,,Boolean
0,Devices/[DemoWWTP]/Controller:Global/MD_P201.START_WD,,Int32
0,Devices/[DemoWWTP]/Controller:Global/MD_P201.STOP_WD,,Int32
0,Devices/[DemoWWTP]/Controller:Global/MD_P201.FLOW_SWITCH_EN,,Boolean
0,Devices/[DemoWWTP]/Controller:Global/MD_P201.FLOW_SWITCH,,Boolean
0,Devices/[DemoWWTP]/Controller:Global/MD_P201.FLOWRATE_EN,,Boolean
0,Devices/[DemoWWTP]/Controller:Global/MD_P201.FLOWRATE_PV,,Float
0,Devices/[DemoWWTP]/Controller:Global/MD_P201.FLOWRATE_SP,,Int32
0,Devices/[DemoWWTP]/Controller:Global/MD_P201.NOFLOW_WD,,Int32
0,Devices/[DemoWWTP]/Controller:Global/MD_P201.FLOW_TRANSFER_EN,,Boolean
0,Devices/[DemoWWTP]/Controller:Global/MD_P201.RISE_FALL,,Boolean
0,Devices/[DemoWWTP]/Controller:Global/MD_P201.TANK_LEVEL,,Int32
0,Devices/[DemoWWTP]/Controller:Global/MD_P201.FLOW_TRANSFER_SP,,Int32
0,Devices/[DemoWWTP]/Controller:Global/MD_P201.FLOW_TRANSFER_WD_SP,,Int32
0,Devices/[DemoWWTP]/Controller:Global/MD_P201.RUN_DEL_SP,,Int32
0,Devices/[DemoWWTP]/Controller:Global/MD_P201.RESTART_EN,,Boolean
0,Devices/[DemoWWTP]/Controller:Global/MD_P201.RESTART_DELAY_SP,,Int32
0,Devices/[DemoWWTP]/Controller:Global/MD_P201.RESTART_C_SP,,Int32
0,Devices/[DemoWWTP]/Controller:Global/MD_P201.RESET_AUTO_EN,,Boolean
0,Devices/[DemoWWTP]/Controller:Global/MD_P201.RESET_AUTO_SP,,Int32
0,Devices/[DemoWWTP]/Controller:Global/MD_P201.PRESSURE_PV,,Int32
0,Devices/[DemoWWTP]/Controller:Global/MD_P201.LOW_P_SP,,Float
0,Devices/[DemoWWTP]/Controller:Global/MD_P201.HI_P_SP,,Float
0,Devices/[DemoWWTP]/Controller:Global/MD_P201.LOW_P_WD_SP,,Int32
0,Devices/[DemoWWTP]/Controller:Global/MD_P201.HI_P_WD_SP,,Int32
0,Devices/[DemoWWTP]/Controller:Global/MD_P201.STATUS,,Int32
0,Devices/[DemoWWTP]/Controller:Global/MD_P201.ALARMS,,Int32
0,Devices/[DemoWWTP]/Controller:Global/MD_P201.RUN_DEL,,Boolean
0,Devices/[DemoWWTP]/Controller:Global/MD_P201.RUN_TIME_RESET_PB,,Boolean
0,Devices/[DemoWWTP]/Controller:Global/MD_P201.STARTS,,Int32
0,Devices/[DemoWWTP]/Controller:Global/MD_P201.HOUR,,Int32
0,Devices/[DemoWWTP]/Controller:Global/MD_P201.MIN,,Int32
0,Devices/[DemoWWTP]/Controller:Global/MD_P201.START_OF_HOUR,,Boolean
0,Devices/[DemoWWTP]/Controller:Global/MD_P201._24HR_STARTS,,Int32
0,Devices/[DemoWWTP]/Controller:Global/MD_P201._24HR_MINUTES,,Int32
0,Devices/[DemoWWTP]/Controller:Global/MD_P201.RUNNING,,Boolean
0,Devices/[DemoWWTP]/Controller:Global/MD_P202.EnableIn,,Boolean
0,Devices/[DemoWWTP]/Controller:Global/MD_P202.EnableOut,,Boolean
0,Devices/[DemoWWTP]/Controller:Global/MD_P202.ONLINE,,Boolean
0,Devices/[DemoWWTP]/Controller:Global/MD_P202.RUFB,,Boolean
0,Devices/[DemoWWTP]/Controller:Global/MD_P202.CBFB,,Boolean
0,Devices/[DemoWWTP]/Controller:Global/MD_P202.EXTFB,,Boolean
0,Devices/[DemoWWTP]/Controller:Global/MD_P202.ISFB,,Boolean
0,Devices/[DemoWWTP]/Controller:Global/MD_P202.MINICAS_EN,,Boolean
0,Devices/[DemoWWTP]/Controller:Global/MD_P202.MINICAS_T,,Boolean
0,Devices/[DemoWWTP]/Controller:Global/MD_P202.MINICAS_L,,Boolean
0,Devices/[DemoWWTP]/Controller:Global/MD_P202.MINICAS_RESET,,Boolean
0,Devices/[DemoWWTP]/Controller:Global/MD_P202.FLOW_PLS,,Boolean
0,Devices/[DemoWWTP]/Controller:Global/MD_P202.RESET,,Boolean
0,Devices/[DemoWWTP]/Controller:Global/MD_P202.SYSTEM_ALARMS_OK,,Boolean
0,Devices/[DemoWWTP]/Controller:Global/MD_P202.SIMULATE,,Boolean
0,Devices/[DemoWWTP]/Controller:Global/MD_P202.AUTO_MANUAL,,Boolean
0,Devices/[DemoWWTP]/Controller:Global/MD_P202.AUTORUN,,Boolean
0,Devices/[DemoWWTP]/Controller:Global/MD_P202.MANUAL_RUN,,Boolean
0,Devices/[DemoWWTP]/Controller:Global/MD_P202.ILOCK,,Boolean
0,Devices/[DemoWWTP]/Controller:Global/MD_P202.AVAIL,,Boolean
0,Devices/[DemoWWTP]/Controller:Global/MD_P202.FAULT,,Boolean
0,Devices/[DemoWWTP]/Controller:Global/MD_P202.ENABLE,,Boolean
0,Devices/[DemoWWTP]/Controller:Global/MD_P202.START_WD,,Int32
0,Devices/[DemoWWTP]/Controller:Global/MD_P202.STOP_WD,,Int32
0,Devices/[DemoWWTP]/Controller:Global/MD_P202.FLOW_SWITCH_EN,,Boolean
0,Devices/[DemoWWTP]/Controller:Global/MD_P202.FLOW_SWITCH,,Boolean
0,Devices/[DemoWWTP]/Controller:Global/MD_P202.FLOWRATE_EN,,Boolean
0,Devices/[DemoWWTP]/Controller:Global/MD_P202.FLOWRATE_PV,,Float
0,Devices/[DemoWWTP]/Controller:Global/MD_P202.FLOWRATE_SP,,Int32
0,Devices/[DemoWWTP]/Controller:Global/MD_P202.NOFLOW_WD,,Int32
0,Devices/[DemoWWTP]/Controller:Global/MD_P202.FLOW_TRANSFER_EN,,Boolean
0,Devices/[DemoWWTP]/Controller:Global/MD_P202.RISE_FALL,,Boolean
0,Devices/[DemoWWTP]/Controller:Global/MD_P202.TANK_LEVEL,,Int32
0,Devices/[DemoWWTP]/Controller:Global/MD_P202.FLOW_TRANSFER_SP,,Int32
0,Devices/[DemoWWTP]/Controller:Global/MD_P202.FLOW_TRANSFER_WD_SP,,Int32
0,Devices/[DemoWWTP]/Controller:Global/MD_P202.RUN_DEL_SP,,Int32
0,Devices/[DemoWWTP]/Controller:Global/MD_P202.RESTART_EN,,Boolean
0,Devices/[DemoWWTP]/Controller:Global/MD_P202.RESTART_DELAY_SP,,Int32
0,Devices/[DemoWWTP]/Controller:Global/MD_P202.RESTART_C_SP,,Int32
0,Devices/[DemoWWTP]/Controller:Global/MD_P202.RESET_AUTO_EN,,Boolean
0,Devices/[DemoWWTP]/Controller:Global/MD_P202.RESET_AUTO_SP,,Int32
0,Devices/[DemoWWTP]/Controller:Global/MD_P202.PRESSURE_PV,,Int32
0,Devices/[DemoWWTP]/Controller:Global/MD_P202.LOW_P_SP,,Float
0,Devices/[DemoWWTP]/Controller:Global/MD_P202.HI_P_SP,,Float
0,Devices/[DemoWWTP]/Controller:Global/MD_P202.LOW_P_WD_SP,,Int32
0,Devices/[DemoWWTP]/Controller:Global/MD_P202.HI_P_WD_SP,,Int32
0,Devices/[DemoWWTP]/Controller:Global/MD_P202.STATUS,,Int32
0,Devices/[DemoWWTP]/Controller:Global/MD_P202.ALARMS,,Int32
0,Devices/[DemoWWTP]/Controller:Global/MD_P202.RUN_DEL,,Boolean
0,Devices/[DemoWWTP]/Controller:Global/MD_P202.RUN_TIME_RESET_PB,,Boolean
0,Devices/[DemoWWTP]/Controller:Global/MD_P202.STARTS,,Int32
0,Devices/[DemoWWTP]/Controller:Global/MD_P202.HOUR,,Int32
0,Devices/[DemoWWTP]/Controller:Global/MD_P202.MIN,,Int32
0,Devices/[DemoWWTP]/Controller:Global/MD_P202.START_OF_HOUR,,Boolean
0,Devices/[DemoWWTP]/Controller:Global/MD_P202._24HR_STARTS,,Int32
0,Devices/[DemoWWTP]/Controller:Global/MD_P202._24HR_MINUTES,,Int32
0,Devices/[DemoWWTP]/Controller:Global/MD_P202.RUNNING,,Boolean
0,Devices/[DemoWWTP]/Controller:Global/MD_P203.EnableIn,,Boolean
0,Devices/[DemoWWTP]/Controller:Global/MD_P203.EnableOut,,Boolean
0,Devices/[DemoWWTP]/Controller:Global/MD_P203.ONLINE,,Boolean
0,Devices/[DemoWWTP]/Controller:Global/MD_P203.RUFB,,Boolean
0,Devices/[DemoWWTP]/Controller:Global/MD_P203.CBFB,,Boolean
0,Devices/[DemoWWTP]/Controller:Global/MD_P203.EXTFB,,Boolean
0,Devices/[DemoWWTP]/Controller:Global/MD_P203.ISFB,,Boolean
0,Devices/[DemoWWTP]/Controller:Global/MD_P203.MINICAS_EN,,Boolean
0,Devices/[DemoWWTP]/Controller:Global/MD_P203.MINICAS_T,,Boolean
0,Devices/[DemoWWTP]/Controller:Global/MD_P203.MINICAS_L,,Boolean
0,Devices/[DemoWWTP]/Controller:Global/MD_P203.MINICAS_RESET,,Boolean
0,Devices/[DemoWWTP]/Controller:Global/MD_P203.FLOW_PLS,,Boolean
0,Devices/[DemoWWTP]/Controller:Global/MD_P203.RESET,,Boolean
0,Devices/[DemoWWTP]/Controller:Global/MD_P203.SYSTEM_ALARMS_OK,,Boolean
0,Devices/[DemoWWTP]/Controller:Global/MD_P203.SIMULATE,,Boolean
0,Devices/[DemoWWTP]/Controller:Global/MD_P203.AUTO_MANUAL,,Boolean
0,Devices/[DemoWWTP]/Controller:Global/MD_P203.AUTORUN,,Boolean
0,Devices/[DemoWWTP]/Controller:Global/MD_P203.MANUAL_RUN,,Boolean
0,Devices/[DemoWWTP]/Controller:Global/MD_P203.ILOCK,,Boolean
0,Devices/[DemoWWTP]/Controller:Global/MD_P203.AVAIL,,Boolean
0,Devices/[DemoWWTP]/Controller:Global/MD_P203.FAULT,,Boolean
0,Devices/[DemoWWTP]/Controller:Global/MD_P203.ENABLE,,Boolean
0,Devices/[DemoWWTP]/Controller:Global/MD_P203.START_WD,,Int32
0,Devices/[DemoWWTP]/Controller:Global/MD_P203.STOP_WD,,Int32
0,Devices/[DemoWWTP]/Controller:Global/MD_P203.FLOW_SWITCH_EN,,Boolean
0,Devices/[DemoWWTP]/Controller:Global/MD_P203.FLOW_SWITCH,,Boolean
0,Devices/[DemoWWTP]/Controller:Global/MD_P203.FLOWRATE_EN,,Boolean
0,Devices/[DemoWWTP]/Controller:Global/MD_P203.FLOWRATE_PV,,Float
0,Devices/[DemoWWTP]/Controller:Global/MD_P203.FLOWRATE_SP,,Int32
0,Devices/[DemoWWTP]/Controller:Global/MD_P203.NOFLOW_WD,,Int32
0,Devices/[DemoWWTP]/Controller:Global/MD_P203.FLOW_TRANSFER_EN,,Boolean
0,Devices/[DemoWWTP]/Controller:Global/MD_P203.RISE_FALL,,Boolean
0,Devices/[DemoWWTP]/Controller:Global/MD_P203.TANK_LEVEL,,Int32
0,Devices/[DemoWWTP]/Controller:Global/MD_P203.FLOW_TRANSFER_SP,,Int32
0,Devices/[DemoWWTP]/Controller:Global/MD_P203.FLOW_TRANSFER_WD_SP,,Int32
0,Devices/[DemoWWTP]/Controller:Global/MD_P203.RUN_DEL_SP,,Int32
0,Devices/[DemoWWTP]/Controller:Global/MD_P203.RESTART_EN,,Boolean
0,Devices/[DemoWWTP]/Controller:Global/MD_P203.RESTART_DELAY_SP,,Int32
0,Devices/[DemoWWTP]/Controller:Global/MD_P203.RESTART_C_SP,,Int32
0,Devices/[DemoWWTP]/Controller:Global/MD_P203.RESET_AUTO_EN,,Boolean
0,Devices/[DemoWWTP]/Controller:Global/MD_P203.RESET_AUTO_SP,,Int32
0,Devices/[DemoWWTP]/Controller:Global/MD_P203.PRESSURE_PV,,Int32
0,Devices/[DemoWWTP]/Controller:Global/MD_P203.LOW_P_SP,,Float
0,Devices/[DemoWWTP]/Controller:Global/MD_P203.HI_P_SP,,Float
0,Devices/[DemoWWTP]/Controller:Global/MD_P203.LOW_P_WD_SP,,Int32
0,Devices/[DemoWWTP]/Controller:Global/MD_P203.HI_P_WD_SP,,Int32
0,Devices/[DemoWWTP]/Controller:Global/MD_P203.STATUS,,Int32
0,Devices/[DemoWWTP]/Controller:Global/MD_P203.ALARMS,,Int32
0,Devices/[DemoWWTP]/Controller:Global/MD_P203.RUN_DEL,,Boolean
0,Devices/[DemoWWTP]/Controller:Global/MD_P203.RUN_TIME_RESET_PB,,Boolean
0,Devices/[DemoWWTP]/Controller:Global/MD_P203.STARTS,,Int32
0,Devices/[DemoWWTP]/Controller:Global/MD_P203.HOUR,,Int32
0,Devices/[DemoWWTP]/Controller:Global/MD_P203.MIN,,Int32
0,Devices/[DemoWWTP]/Controller:Global/MD_P203.START_OF_HOUR,,Boolean
0,Devices/[DemoWWTP]/Controller:Global/MD_P203._24HR_STARTS,,Int32
0,Devices/[DemoWWTP]/Controller:Global/MD_P203._24HR_MINUTES,,Int32
0,Devices/[DemoWWTP]/Controller:Global/MD_P203.RUNNING,,Boolean
0,Devices/[DemoWWTP]/Controller:Global/MD_P204.EnableIn,,Boolean
0,Devices/[DemoWWTP]/Controller:Global/MD_P204.EnableOut,,Boolean
0,Devices/[DemoWWTP]/Controller:Global/MD_P204.ONLINE,,Boolean
0,Devices/[DemoWWTP]/Controller:Global/MD_P204.RUFB,,Boolean
0,Devices/[DemoWWTP]/Controller:Global/MD_P204.CBFB,,Boolean
0,Devices/[DemoWWTP]/Controller:Global/MD_P204.EXTFB,,Boolean
0,Devices/[DemoWWTP]/Controller:Global/MD_P204.ISFB,,Boolean
0,Devices/[DemoWWTP]/Controller:Global/MD_P204.MINICAS_EN,,Boolean
0,Devices/[DemoWWTP]/Controller:Global/MD_P204.MINICAS_T,,Boolean
0,Devices/[DemoWWTP]/Controller:Global/MD_P204.MINICAS_L,,Boolean
0,Devices/[DemoWWTP]/Controller:Global/MD_P204.MINICAS_RESET,,Boolean
0,Devices/[DemoWWTP]/Controller:Global/MD_P204.FLOW_PLS,,Boolean
0,Devices/[DemoWWTP]/Controller:Global/MD_P204.RESET,,Boolean
0,Devices/[DemoWWTP]/Controller:Global/MD_P204.SYSTEM_ALARMS_OK,,Boolean
0,Devices/[DemoWWTP]/Controller:Global/MD_P204.SIMULATE,,Boolean
0,Devices/[DemoWWTP]/Controller:Global/MD_P204.AUTO_MANUAL,,Boolean
0,Devices/[DemoWWTP]/Controller:Global/MD_P204.AUTORUN,,Boolean
0,Devices/[DemoWWTP]/Controller:Global/MD_P204.MANUAL_RUN,,Boolean
0,Devices/[DemoWWTP]/Controller:Global/MD_P204.ILOCK,,Boolean
0,Devices/[DemoWWTP]/Controller:Global/MD_P204.AVAIL,,Boolean
0,Devices/[DemoWWTP]/Controller:Global/MD_P204.FAULT,,Boolean
0,Devices/[DemoWWTP]/Controller:Global/MD_P204.ENABLE,,Boolean
0,Devices/[DemoWWTP]/Controller:Global/MD_P204.START_WD,,Int32
0,Devices/[DemoWWTP]/Controller:Global/MD_P204.STOP_WD,,Int32
0,Devices/[DemoWWTP]/Controller:Global/MD_P204.FLOW_SWITCH_EN,,Boolean
0,Devices/[DemoWWTP]/Controller:Global/MD_P204.FLOW_SWITCH,,Boolean
0,Devices/[DemoWWTP]/Controller:Global/MD_P204.FLOWRATE_EN,,Boolean
0,Devices/[DemoWWTP]/Controller:Global/MD_P204.FLOWRATE_PV,,Float
0,Devices/[DemoWWTP]/Controller:Global/MD_P204.FLOWRATE_SP,,Int32
0,Devices/[DemoWWTP]/Controller:Global/MD_P204.NOFLOW_WD,,Int32
0,Devices/[DemoWWTP]/Controller:Global/MD_P204.FLOW_TRANSFER_EN,,Boolean
0,Devices/[DemoWWTP]/Controller:Global/MD_P204.RISE_FALL,,Boolean
0,Devices/[DemoWWTP]/Controller:Global/MD_P204.TANK_LEVEL,,Int32
0,Devices/[DemoWWTP]/Controller:Global/MD_P204.FLOW_TRANSFER_SP,,Int32
0,Devices/[DemoWWTP]/Controller:Global/MD_P204.FLOW_TRANSFER_WD_SP,,Int32
0,Devices/[DemoWWTP]/Controller:Global/MD_P204.RUN_DEL_SP,,Int32
0,Devices/[DemoWWTP]/Controller:Global/MD_P204.RESTART_EN,,Boolean
0,Devices/[DemoWWTP]/Controller:Global/MD_P204.RESTART_DELAY_SP,,Int32
0,Devices/[DemoWWTP]/Controller:Global/MD_P204.RESTART_C_SP,,Int32
0,Devices/[DemoWWTP]/Controller:Global/MD_P204.RESET_AUTO_EN,,Boolean
0,Devices/[DemoWWTP]/Controller:Global/MD_P204.RESET_AUTO_SP,,Int32
0,Devices/[DemoWWTP]/Controller:Global/MD_P204.PRESSURE_PV,,Int32
0,Devices/[DemoWWTP]/Controller:Global/MD_P204.LOW_P_SP,,Float
0,Devices/[DemoWWTP]/Controller:Global/MD_P204.HI_P_SP,,Float
0,Devices/[DemoWWTP]/Controller:Global/MD_P204.LOW_P_WD_SP,,Int32
0,Devices/[DemoWWTP]/Controller:Global/MD_P204.HI_P_WD_SP,,Int32
0,Devices/[DemoWWTP]/Controller:Global/MD_P204.STATUS,,Int32
0,Devices/[DemoWWTP]/Controller:Global/MD_P204.ALARMS,,Int32
0,Devices/[DemoWWTP]/Controller:Global/MD_P204.RUN_DEL,,Boolean
0,Devices/[DemoWWTP]/Controller:Global/MD_P204.RUN_TIME_RESET_PB,,Boolean
0,Devices/[DemoWWTP]/Controller:Global/MD_P204.STARTS,,Int32
0,Devices/[DemoWWTP]/Controller:Global/MD_P204.HOUR,,Int32
0,Devices/[DemoWWTP]/Controller:Global/MD_P204.MIN,,Int32
0,Devices/[DemoWWTP]/Controller:Global/MD_P204.START_OF_HOUR,,Boolean
0,Devices/[DemoWWTP]/Controller:Global/MD_P204._24HR_STARTS,,Int32
0,Devices/[DemoWWTP]/Controller:Global/MD_P204._24HR_MINUTES,,Int32
0,Devices/[DemoWWTP]/Controller:Global/MD_P204.RUNNING,,Boolean
0,Devices/[DemoWWTP]/Controller:Global/MD_P401.EnableIn,,Boolean
0,Devices/[DemoWWTP]/Controller:Global/MD_P401.EnableOut,,Boolean
0,Devices/[DemoWWTP]/Controller:Global/MD_P401.ONLINE,,Boolean
0,Devices/[DemoWWTP]/Controller:Global/MD_P401.RUFB,,Boolean
0,Devices/[DemoWWTP]/Controller:Global/MD_P401.CBFB,,Boolean
0,Devices/[DemoWWTP]/Controller:Global/MD_P401.EXTFB,,Boolean
0,Devices/[DemoWWTP]/Controller:Global/MD_P401.ISFB,,Boolean
0,Devices/[DemoWWTP]/Controller:Global/MD_P401.MINICAS_EN,,Boolean
0,Devices/[DemoWWTP]/Controller:Global/MD_P401.MINICAS_T,,Boolean
0,Devices/[DemoWWTP]/Controller:Global/MD_P401.MINICAS_L,,Boolean
0,Devices/[DemoWWTP]/Controller:Global/MD_P401.MINICAS_RESET,,Boolean
0,Devices/[DemoWWTP]/Controller:Global/MD_P401.FLOW_PLS,,Boolean
0,Devices/[DemoWWTP]/Controller:Global/MD_P401.RESET,,Boolean
0,Devices/[DemoWWTP]/Controller:Global/MD_P401.SYSTEM_ALARMS_OK,,Boolean
0,Devices/[DemoWWTP]/Controller:Global/MD_P401.SIMULATE,,Boolean
0,Devices/[DemoWWTP]/Controller:Global/MD_P401.AUTO_MANUAL,,Boolean
0,Devices/[DemoWWTP]/Controller:Global/MD_P401.AUTORUN,,Boolean
0,Devices/[DemoWWTP]/Controller:Global/MD_P401.MANUAL_RUN,,Boolean
0,Devices/[DemoWWTP]/Controller:Global/MD_P401.ILOCK,,Boolean
0,Devices/[DemoWWTP]/Controller:Global/MD_P401.AVAIL,,Boolean
0,Devices/[DemoWWTP]/Controller:Global/MD_P401.FAULT,,Boolean
0,Devices/[DemoWWTP]/Controller:Global/MD_P401.ENABLE,,Boolean
0,Devices/[DemoWWTP]/Controller:Global/MD_P401.START_WD,,Int32
0,Devices/[DemoWWTP]/Controller:Global/MD_P401.STOP_WD,,Int32
0,Devices/[DemoWWTP]/Controller:Global/MD_P401.FLOW_SWITCH_EN,,Boolean
0,Devices/[DemoWWTP]/Controller:Global/MD_P401.FLOW_SWITCH,,Boolean
0,Devices/[DemoWWTP]/Controller:Global/MD_P401.FLOWRATE_EN,,Boolean
0,Devices/[DemoWWTP]/Controller:Global/MD_P401.FLOWRATE_PV,,Float
0,Devices/[DemoWWTP]/Controller:Global/MD_P401.FLOWRATE_SP,,Int32
0,Devices/[DemoWWTP]/Controller:Global/MD_P401.NOFLOW_WD,,Int32
0,Devices/[DemoWWTP]/Controller:Global/MD_P401.FLOW_TRANSFER_EN,,Boolean
0,Devices/[DemoWWTP]/Controller:Global/MD_P401.RISE_FALL,,Boolean
0,Devices/[DemoWWTP]/Controller:Global/MD_P401.TANK_LEVEL,,Int32
0,Devices/[DemoWWTP]/Controller:Global/MD_P401.FLOW_TRANSFER_SP,,Int32
0,Devices/[DemoWWTP]/Controller:Global/MD_P401.FLOW_TRANSFER_WD_SP,,Int32
0,Devices/[DemoWWTP]/Controller:Global/MD_P401.RUN_DEL_SP,,Int32
0,Devices/[DemoWWTP]/Controller:Global/MD_P401.RESTART_EN,,Boolean
0,Devices/[DemoWWTP]/Controller:Global/MD_P401.RESTART_DELAY_SP,,Int32
0,Devices/[DemoWWTP]/Controller:Global/MD_P401.RESTART_C_SP,,Int32
0,Devices/[DemoWWTP]/Controller:Global/MD_P401.RESET_AUTO_EN,,Boolean
0,Devices/[DemoWWTP]/Controller:Global/MD_P401.RESET_AUTO_SP,,Int32
0,Devices/[DemoWWTP]/Controller:Global/MD_P401.PRESSURE_PV,,Int32
0,Devices/[DemoWWTP]/Controller:Global/MD_P401.LOW_P_SP,,Float
0,Devices/[DemoWWTP]/Controller:Global/MD_P401.HI_P_SP,,Float
0,Devices/[DemoWWTP]/Controller:Global/MD_P401.LOW_P_WD_SP,,Int32
0,Devices/[DemoWWTP]/Controller:Global/MD_P401.HI_P_WD_SP,,Int32
0,Devices/[DemoWWTP]/Controller:Global/MD_P401.STATUS,,Int32
0,Devices/[DemoWWTP]/Controller:Global/MD_P401.ALARMS,,Int32
0,Devices/[DemoWWTP]/Controller:Global/MD_P401.RUN_DEL,,Boolean
0,Devices/[DemoWWTP]/Controller:Global/MD_P401.RUN_TIME_RESET_PB,,Boolean
0,Devices/[DemoWWTP]/Controller:Global/MD_P401.STARTS,,Int32
0,Devices/[DemoWWTP]/Controller:Global/MD_P401.HOUR,,Int32
0,Devices/[DemoWWTP]/Controller:Global/MD_P401.MIN,,Int32
0,Devices/[DemoWWTP]/Controller:Global/MD_P401.START_OF_HOUR,,Boolean
0,Devices/[DemoWWTP]/Controller:Global/MD_P401._24HR_STARTS,,Int32
0,Devices/[DemoWWTP]/Controller:Global/MD_P401._24HR_MINUTES,,Int32
0,Devices/[DemoWWTP]/Controller:Global/MD_P401.RUNNING,,Boolean
0,Devices/[DemoWWTP]/Controller:Global/MD_P402.EnableIn,,Boolean
0,Devices/[DemoWWTP]/Controller:Global/MD_P402.EnableOut,,Boolean
0,Devices/[DemoWWTP]/Controller:Global/MD_P402.ONLINE,,Boolean
0,Devices/[DemoWWTP]/Controller:Global/MD_P402.RUFB,,Boolean
0,Devices/[DemoWWTP]/Controller:Global/MD_P402.CBFB,,Boolean
0,Devices/[DemoWWTP]/Controller:Global/MD_P402.EXTFB,,Boolean
0,Devices/[DemoWWTP]/Controller:Global/MD_P402.ISFB,,Boolean
0,Devices/[DemoWWTP]/Controller:Global/MD_P402.MINICAS_EN,,Boolean
0,Devices/[DemoWWTP]/Controller:Global/MD_P402.MINICAS_T,,Boolean
0,Devices/[DemoWWTP]/Controller:Global/MD_P402.MINICAS_L,,Boolean
0,Devices/[DemoWWTP]/Controller:Global/MD_P402.MINICAS_RESET,,Boolean
0,Devices/[DemoWWTP]/Controller:Global/MD_P402.FLOW_PLS,,Boolean
0,Devices/[DemoWWTP]/Controller:Global/MD_P402.RESET,,Boolean
0,Devices/[DemoWWTP]/Controller:Global/MD_P402.SYSTEM_ALARMS_OK,,Boolean
0,Devices/[DemoWWTP]/Controller:Global/MD_P402.SIMULATE,,Boolean
0,Devices/[DemoWWTP]/Controller:Global/MD_P402.AUTO_MANUAL,,Boolean
0,Devices/[DemoWWTP]/Controller:Global/MD_P402.AUTORUN,,Boolean
0,Devices/[DemoWWTP]/Controller:Global/MD_P402.MANUAL_RUN,,Boolean
0,Devices/[DemoWWTP]/Controller:Global/MD_P402.ILOCK,,Boolean
0,Devices/[DemoWWTP]/Controller:Global/MD_P402.AVAIL,,Boolean
0,Devices/[DemoWWTP]/Controller:Global/MD_P402.FAULT,,Boolean
0,Devices/[DemoWWTP]/Controller:Global/MD_P402.ENABLE,,Boolean
0,Devices/[DemoWWTP]/Controller:Global/MD_P402.START_WD,,Int32
0,Devices/[DemoWWTP]/Controller:Global/MD_P402.STOP_WD,,Int32
0,Devices/[DemoWWTP]/Controller:Global/MD_P402.FLOW_SWITCH_EN,,Boolean
0,Devices/[DemoWWTP]/Controller:Global/MD_P402.FLOW_SWITCH,,Boolean
0,Devices/[DemoWWTP]/Controller:Global/MD_P402.FLOWRATE_EN,,Boolean
0,Devices/[DemoWWTP]/Controller:Global/MD_P402.FLOWRATE_PV,,Float
0,Devices/[DemoWWTP]/Controller:Global/MD_P402.FLOWRATE_SP,,Int32
0,Devices/[DemoWWTP]/Controller:Global/MD_P402.NOFLOW_WD,,Int32
0,Devices/[DemoWWTP]/Controller:Global/MD_P402.FLOW_TRANSFER_EN,,Boolean
0,Devices/[DemoWWTP]/Controller:Global/MD_P402.RISE_FALL,,Boolean
0,Devices/[DemoWWTP]/Controller:Global/MD_P402.TANK_LEVEL,,Int32
0,Devices/[DemoWWTP]/Controller:Global/MD_P402.FLOW_TRANSFER_SP,,Int32
0,Devices/[DemoWWTP]/Controller:Global/MD_P402.FLOW_TRANSFER_WD_SP,,Int32
0,Devices/[DemoWWTP]/Controller:Global/MD_P402.RUN_DEL_SP,,Int32
0,Devices/[DemoWWTP]/Controller:Global/MD_P402.RESTART_EN,,Boolean
0,Devices/[DemoWWTP]/Controller:Global/MD_P402.RESTART_DELAY_SP,,Int32
0,Devices/[DemoWWTP]/Controller:Global/MD_P402.RESTART_C_SP,,Int32
0,Devices/[DemoWWTP]/Controller:Global/MD_P402.RESET_AUTO_EN,,Boolean
0,Devices/[DemoWWTP]/Controller:Global/MD_P402.RESET_AUTO_SP,,Int32
0,Devices/[DemoWWTP]/Controller:Global/MD_P402.PRESSURE_PV,,Int32
0,Devices/[DemoWWTP]/Controller:Global/MD_P402.LOW_P_SP,,Float
0,Devices/[DemoWWTP]/Controller:Global/MD_P402.HI_P_SP,,Float
0,Devices/[DemoWWTP]/Controller:Global/MD_P402.LOW_P_WD_SP,,Int32
0,Devices/[DemoWWTP]/Controller:Global/MD_P402.HI_P_WD_SP,,Int32
0,Devices/[DemoWWTP]/Controller:Global/MD_P402.STATUS,,Int32
0,Devices/[DemoWWTP]/Controller:Global/MD_P402.ALARMS,,Int32
0,Devices/[DemoWWTP]/Controller:Global/MD_P402.RUN_DEL,,Boolean
0,Devices/[DemoWWTP]/Controller:Global/MD_P402.RUN_TIME_RESET_PB,,Boolean
0,Devices/[DemoWWTP]/Controller:Global/MD_P402.STARTS,,Int32
0,Devices/[DemoWWTP]/Controller:Global/MD_P402.HOUR,,Int32
0,Devices/[DemoWWTP]/Controller:Global/MD_P402.MIN,,Int32
0,Devices/[DemoWWTP]/Controller:Global/MD_P402.START_OF_HOUR,,Boolean
0,Devices/[DemoWWTP]/Controller:Global/MD_P402._24HR_STARTS,,Int32
0,Devices/[DemoWWTP]/Controller:Global/MD_P402._24HR_MINUTES,,Int32
0,Devices/[DemoWWTP]/Controller:Global/MD_P402.RUNNING,,Boolean
0,Devices/[DemoWWTP]/Controller:Global/MD_P403.EnableIn,,Boolean
0,Devices/[DemoWWTP]/Controller:Global/MD_P403.EnableOut,,Boolean
0,Devices/[DemoWWTP]/Controller:Global/MD_P403.ONLINE,,Boolean
0,Devices/[DemoWWTP]/Controller:Global/MD_P403.RUFB,,Boolean
0,Devices/[DemoWWTP]/Controller:Global/MD_P403.CBFB,,Boolean
0,Devices/[DemoWWTP]/Controller:Global/MD_P403.EXTFB,,Boolean
0,Devices/[DemoWWTP]/Controller:Global/MD_P403.ISFB,,Boolean
0,Devices/[DemoWWTP]/Controller:Global/MD_P403.MINICAS_EN,,Boolean
0,Devices/[DemoWWTP]/Controller:Global/MD_P403.MINICAS_T,,Boolean
0,Devices/[DemoWWTP]/Controller:Global/MD_P403.MINICAS_L,,Boolean
0,Devices/[DemoWWTP]/Controller:Global/MD_P403.MINICAS_RESET,,Boolean
0,Devices/[DemoWWTP]/Controller:Global/MD_P403.FLOW_PLS,,Boolean
0,Devices/[DemoWWTP]/Controller:Global/MD_P403.RESET,,Boolean
0,Devices/[DemoWWTP]/Controller:Global/MD_P403.SYSTEM_ALARMS_OK,,Boolean
0,Devices/[DemoWWTP]/Controller:Global/MD_P403.SIMULATE,,Boolean
0,Devices/[DemoWWTP]/Controller:Global/MD_P403.AUTO_MANUAL,,Boolean
0,Devices/[DemoWWTP]/Controller:Global/MD_P403.AUTORUN,,Boolean
0,Devices/[DemoWWTP]/Controller:Global/MD_P403.MANUAL_RUN,,Boolean
0,Devices/[DemoWWTP]/Controller:Global/MD_P403.ILOCK,,Boolean
0,Devices/[DemoWWTP]/Controller:Global/MD_P403.AVAIL,,Boolean
0,Devices/[DemoWWTP]/Controller:Global/MD_P403.FAULT,,Boolean
0,Devices/[DemoWWTP]/Controller:Global/MD_P403.ENABLE,,Boolean
0,Devices/[DemoWWTP]/Controller:Global/MD_P403.START_WD,,Int32
0,Devices/[DemoWWTP]/Controller:Global/MD_P403.STOP_WD,,Int32
0,Devices/[DemoWWTP]/Controller:Global/MD_P403.FLOW_SWITCH_EN,,Boolean
0,Devices/[DemoWWTP]/Controller:Global/MD_P403.FLOW_SWITCH,,Boolean
0,Devices/[DemoWWTP]/Controller:Global/MD_P403.FLOWRATE_EN,,Boolean
0,Devices/[DemoWWTP]/Controller:Global/MD_P403.FLOWRATE_PV,,Float
0,Devices/[DemoWWTP]/Controller:Global/MD_P403.FLOWRATE_SP,,Int32
0,Devices/[DemoWWTP]/Controller:Global/MD_P403.NOFLOW_WD,,Int32
0,Devices/[DemoWWTP]/Controller:Global/MD_P403.FLOW_TRANSFER_EN,,Boolean
0,Devices/[DemoWWTP]/Controller:Global/MD_P403.RISE_FALL,,Boolean
0,Devices/[DemoWWTP]/Controller:Global/MD_P403.TANK_LEVEL,,Int32
0,Devices/[DemoWWTP]/Controller:Global/MD_P403.FLOW_TRANSFER_SP,,Int32
0,Devices/[DemoWWTP]/Controller:Global/MD_P403.FLOW_TRANSFER_WD_SP,,Int32
0,Devices/[DemoWWTP]/Controller:Global/MD_P403.RUN_DEL_SP,,Int32
0,Devices/[DemoWWTP]/Controller:Global/MD_P403.RESTART_EN,,Boolean
0,Devices/[DemoWWTP]/Controller:Global/MD_P403.RESTART_DELAY_SP,,Int32
0,Devices/[DemoWWTP]/Controller:Global/MD_P403.RESTART_C_SP,,Int32
0,Devices/[DemoWWTP]/Controller:Global/MD_P403.RESET_AUTO_EN,,Boolean
0,Devices/[DemoWWTP]/Controller:Global/MD_P403.RESET_AUTO_SP,,Int32
0,Devices/[DemoWWTP]/Controller:Global/MD_P403.PRESSURE_PV,,Int32
0,Devices/[DemoWWTP]/Controller:Global/MD_P403.LOW_P_SP,,Float
0,Devices/[DemoWWTP]/Controller:Global/MD_P403.HI_P_SP,,Float
0,Devices/[DemoWWTP]/Controller:Global/MD_P403.LOW_P_WD_SP,,Int32
0,Devices/[DemoWWTP]/Controller:Global/MD_P403.HI_P_WD_SP,,Int32
0,Devices/[DemoWWTP]/Controller:Global/MD_P403.STATUS,,Int32
0,Devices/[DemoWWTP]/Controller:Global/MD_P403.ALARMS,,Int32
0,Devices/[DemoWWTP]/Controller:Global/MD_P403.RUN_DEL,,Boolean
0,Devices/[DemoWWTP]/Controller:Global/MD_P403.RUN_TIME_RESET_PB,,Boolean
0,Devices/[DemoWWTP]/Controller:Global/MD_P403.STARTS,,Int32
0,Devices/[DemoWWTP]/Controller:Global/MD_P403.HOUR,,Int32
0,Devices/[DemoWWTP]/Controller:Global/MD_P403.MIN,,Int32
0,Devices/[DemoWWTP]/Controller:Global/MD_P403.START_OF_HOUR,,Boolean
0,Devices/[DemoWWTP]/Controller:Global/MD_P403._24HR_STARTS,,Int32
0,Devices/[DemoWWTP]/Controller:Global/MD_P403._24HR_MINUTES,,Int32
0,Devices/[DemoWWTP]/Controller:Global/MD_P403.RUNNING,,Boolean
0,Devices/[DemoWWTP]/Controller:Global/MD_P404.EnableIn,,Boolean
0,Devices/[DemoWWTP]/Controller:Global/MD_P404.EnableOut,,Boolean
0,Devices/[DemoWWTP]/Controller:Global/MD_P404.ONLINE,,Boolean
0,Devices/[DemoWWTP]/Controller:Global/MD_P404.RUFB,,Boolean
0,Devices/[DemoWWTP]/Controller:Global/MD_P404.CBFB,,Boolean
0,Devices/[DemoWWTP]/Controller:Global/MD_P404.EXTFB,,Boolean
0,Devices/[DemoWWTP]/Controller:Global/MD_P404.ISFB,,Boolean
0,Devices/[DemoWWTP]/Controller:Global/MD_P404.MINICAS_EN,,Boolean
0,Devices/[DemoWWTP]/Controller:Global/MD_P404.MINICAS_T,,Boolean
0,Devices/[DemoWWTP]/Controller:Global/MD_P404.MINICAS_L,,Boolean
0,Devices/[DemoWWTP]/Controller:Global/MD_P404.MINICAS_RESET,,Boolean
0,Devices/[DemoWWTP]/Controller:Global/MD_P404.FLOW_PLS,,Boolean
0,Devices/[DemoWWTP]/Controller:Global/MD_P404.RESET,,Boolean
0,Devices/[DemoWWTP]/Controller:Global/MD_P404.SYSTEM_ALARMS_OK,,Boolean
0,Devices/[DemoWWTP]/Controller:Global/MD_P404.SIMULATE,,Boolean
0,Devices/[DemoWWTP]/Controller:Global/MD_P404.AUTO_MANUAL,,Boolean
0,Devices/[DemoWWTP]/Controller:Global/MD_P404.AUTORUN,,Boolean
0,Devices/[DemoWWTP]/Controller:Global/MD_P404.MANUAL_RUN,,Boolean
0,Devices/[DemoWWTP]/Controller:Global/MD_P404.ILOCK,,Boolean
0,Devices/[DemoWWTP]/Controller:Global/MD_P404.AVAIL,,Boolean
0,Devices/[DemoWWTP]/Controller:Global/MD_P404.FAULT,,Boolean
0,Devices/[DemoWWTP]/Controller:Global/MD_P404.ENABLE,,Boolean
0,Devices/[DemoWWTP]/Controller:Global/MD_P404.START_WD,,Int32
0,Devices/[DemoWWTP]/Controller:Global/MD_P404.STOP_WD,,Int32
0,Devices/[DemoWWTP]/Controller:Global/MD_P404.FLOW_SWITCH_EN,,Boolean
0,Devices/[DemoWWTP]/Controller:Global/MD_P404.FLOW_SWITCH,,Boolean
0,Devices/[DemoWWTP]/Controller:Global/MD_P404.FLOWRATE_EN,,Boolean
0,Devices/[DemoWWTP]/Controller:Global/MD_P404.FLOWRATE_PV,,Float
0,Devices/[DemoWWTP]/Controller:Global/MD_P404.FLOWRATE_SP,,Int32
0,Devices/[DemoWWTP]/Controller:Global/MD_P404.NOFLOW_WD,,Int32
0,Devices/[DemoWWTP]/Controller:Global/MD_P404.FLOW_TRANSFER_EN,,Boolean
0,Devices/[DemoWWTP]/Controller:Global/MD_P404.RISE_FALL,,Boolean
0,Devices/[DemoWWTP]/Controller:Global/MD_P404.TANK_LEVEL,,Int32
0,Devices/[DemoWWTP]/Controller:Global/MD_P404.FLOW_TRANSFER_SP,,Int32
0,Devices/[DemoWWTP]/Controller:Global/MD_P404.FLOW_TRANSFER_WD_SP,,Int32
0,Devices/[DemoWWTP]/Controller:Global/MD_P404.RUN_DEL_SP,,Int32
0,Devices/[DemoWWTP]/Controller:Global/MD_P404.RESTART_EN,,Boolean
0,Devices/[DemoWWTP]/Controller:Global/MD_P404.RESTART_DELAY_SP,,Int32
0,Devices/[DemoWWTP]/Controller:Global/MD_P404.RESTART_C_SP,,Int32
0,Devices/[DemoWWTP]/Controller:Global/MD_P404.RESET_AUTO_EN,,Boolean
0,Devices/[DemoWWTP]/Controller:Global/MD_P404.RESET_AUTO_SP,,Int32
0,Devices/[DemoWWTP]/Controller:Global/MD_P404.PRESSURE_PV,,Int32
0,Devices/[DemoWWTP]/Controller:Global/MD_P404.LOW_P_SP,,Float
0,Devices/[DemoWWTP]/Controller:Global/MD_P404.HI_P_SP,,Float
0,Devices/[DemoWWTP]/Controller:Global/MD_P404.LOW_P_WD_SP,,Int32
0,Devices/[DemoWWTP]/Controller:Global/MD_P404.HI_P_WD_SP,,Int32
0,Devices/[DemoWWTP]/Controller:Global/MD_P404.STATUS,,Int32
0,Devices/[DemoWWTP]/Controller:Global/MD_P404.ALARMS,,Int32
0,Devices/[DemoWWTP]/Controller:Global/MD_P404.RUN_DEL,,Boolean
0,Devices/[DemoWWTP]/Controller:Global/MD_P404.RUN_TIME_RESET_PB,,Boolean
0,Devices/[DemoWWTP]/Controller:Global/MD_P404.STARTS,,Int32
0,Devices/[DemoWWTP]/Controller:Global/MD_P404.HOUR,,Int32
0,Devices/[DemoWWTP]/Controller:Global/MD_P404.MIN,,Int32
0,Devices/[DemoWWTP]/Controller:Global/MD_P404.START_OF_HOUR,,Boolean
0,Devices/[DemoWWTP]/Controller:Global/MD_P404._24HR_STARTS,,Int32
0,Devices/[DemoWWTP]/Controller:Global/MD_P404._24HR_MINUTES,,Int32
0,Devices/[DemoWWTP]/Controller:Global/MD_P404.RUNNING,,Boolean
0,Devices/[DemoWWTP]/Controller:Global/MD_P405.EnableIn,,Boolean
0,Devices/[DemoWWTP]/Controller:Global/MD_P405.EnableOut,,Boolean
0,Devices/[DemoWWTP]/Controller:Global/MD_P405.ONLINE,,Boolean
0,Devices/[DemoWWTP]/Controller:Global/MD_P405.RUFB,,Boolean
0,Devices/[DemoWWTP]/Controller:Global/MD_P405.CBFB,,Boolean
0,Devices/[DemoWWTP]/Controller:Global/MD_P405.EXTFB,,Boolean
0,Devices/[DemoWWTP]/Controller:Global/MD_P405.ISFB,,Boolean
0,Devices/[DemoWWTP]/Controller:Global/MD_P405.MINICAS_EN,,Boolean
0,Devices/[DemoWWTP]/Controller:Global/MD_P405.MINICAS_T,,Boolean
0,Devices/[DemoWWTP]/Controller:Global/MD_P405.MINICAS_L,,Boolean
0,Devices/[DemoWWTP]/Controller:Global/MD_P405.MINICAS_RESET,,Boolean
0,Devices/[DemoWWTP]/Controller:Global/MD_P405.FLOW_PLS,,Boolean
0,Devices/[DemoWWTP]/Controller:Global/MD_P405.RESET,,Boolean
0,Devices/[DemoWWTP]/Controller:Global/MD_P405.SYSTEM_ALARMS_OK,,Boolean
0,Devices/[DemoWWTP]/Controller:Global/MD_P405.SIMULATE,,Boolean
0,Devices/[DemoWWTP]/Controller:Global/MD_P405.AUTO_MANUAL,,Boolean
0,Devices/[DemoWWTP]/Controller:Global/MD_P405.AUTORUN,,Boolean
0,Devices/[DemoWWTP]/Controller:Global/MD_P405.MANUAL_RUN,,Boolean
0,Devices/[DemoWWTP]/Controller:Global/MD_P405.ILOCK,,Boolean
0,Devices/[DemoWWTP]/Controller:Global/MD_P405.AVAIL,,Boolean
0,Devices/[DemoWWTP]/Controller:Global/MD_P405.FAULT,,Boolean
0,Devices/[DemoWWTP]/Controller:Global/MD_P405.ENABLE,,Boolean
0,Devices/[DemoWWTP]/Controller:Global/MD_P405.START_WD,,Int32
0,Devices/[DemoWWTP]/Controller:Global/MD_P405.STOP_WD,,Int32
0,Devices/[DemoWWTP]/Controller:Global/MD_P405.FLOW_SWITCH_EN,,Boolean
0,Devices/[DemoWWTP]/Controller:Global/MD_P405.FLOW_SWITCH,,Boolean
0,Devices/[DemoWWTP]/Controller:Global/MD_P405.FLOWRATE_EN,,Boolean
0,Devices/[DemoWWTP]/Controller:Global/MD_P405.FLOWRATE_PV,,Float
0,Devices/[DemoWWTP]/Controller:Global/MD_P405.FLOWRATE_SP,,Int32
0,Devices/[DemoWWTP]/Controller:Global/MD_P405.NOFLOW_WD,,Int32
0,Devices/[DemoWWTP]/Controller:Global/MD_P405.FLOW_TRANSFER_EN,,Boolean
0,Devices/[DemoWWTP]/Controller:Global/MD_P405.RISE_FALL,,Boolean
0,Devices/[DemoWWTP]/Controller:Global/MD_P405.TANK_LEVEL,,Int32
0,Devices/[DemoWWTP]/Controller:Global/MD_P405.FLOW_TRANSFER_SP,,Int32
0,Devices/[DemoWWTP]/Controller:Global/MD_P405.FLOW_TRANSFER_WD_SP,,Int32
0,Devices/[DemoWWTP]/Controller:Global/MD_P405.RUN_DEL_SP,,Int32
0,Devices/[DemoWWTP]/Controller:Global/MD_P405.RESTART_EN,,Boolean
0,Devices/[DemoWWTP]/Controller:Global/MD_P405.RESTART_DELAY_SP,,Int32
0,Devices/[DemoWWTP]/Controller:Global/MD_P405.RESTART_C_SP,,Int32
0,Devices/[DemoWWTP]/Controller:Global/MD_P405.RESET_AUTO_EN,,Boolean
0,Devices/[DemoWWTP]/Controller:Global/MD_P405.RESET_AUTO_SP,,Int32
0,Devices/[DemoWWTP]/Controller:Global/MD_P405.PRESSURE_PV,,Int32
0,Devices/[DemoWWTP]/Controller:Global/MD_P405.LOW_P_SP,,Float
0,Devices/[DemoWWTP]/Controller:Global/MD_P405.HI_P_SP,,Float
0,Devices/[DemoWWTP]/Controller:Global/MD_P405.LOW_P_WD_SP,,Int32
0,Devices/[DemoWWTP]/Controller:Global/MD_P405.HI_P_WD_SP,,Int32
0,Devices/[DemoWWTP]/Controller:Global/MD_P405.STATUS,,Int32
0,Devices/[DemoWWTP]/Controller:Global/MD_P405.ALARMS,,Int32
0,Devices/[DemoWWTP]/Controller:Global/MD_P405.RUN_DEL,,Boolean
0,Devices/[DemoWWTP]/Controller:Global/MD_P405.RUN_TIME_RESET_PB,,Boolean
0,Devices/[DemoWWTP]/Controller:Global/MD_P405.STARTS,,Int32
0,Devices/[DemoWWTP]/Controller:Global/MD_P405.HOUR,,Int32
0,Devices/[DemoWWTP]/Controller:Global/MD_P405.MIN,,Int32
0,Devices/[DemoWWTP]/Controller:Global/MD_P405.START_OF_HOUR,,Boolean
0,Devices/[DemoWWTP]/Controller:Global/MD_P405._24HR_STARTS,,Int32
0,Devices/[DemoWWTP]/Controller:Global/MD_P405._24HR_MINUTES,,Int32
0,Devices/[DemoWWTP]/Controller:Global/MD_P405.RUNNING,,Boolean
0,Devices/[DemoWWTP]/Controller:Global/MD_P501.EnableIn,,Boolean
0,Devices/[DemoWWTP]/Controller:Global/MD_P501.EnableOut,,Boolean
0,Devices/[DemoWWTP]/Controller:Global/MD_P501.ONLINE,,Boolean
0,Devices/[DemoWWTP]/Controller:Global/MD_P501.RUFB,,Boolean
0,Devices/[DemoWWTP]/Controller:Global/MD_P501.CBFB,,Boolean
0,Devices/[DemoWWTP]/Controller:Global/MD_P501.EXTFB,,Boolean
0,Devices/[DemoWWTP]/Controller:Global/MD_P501.ISFB,,Boolean
0,Devices/[DemoWWTP]/Controller:Global/MD_P501.MINICAS_EN,,Boolean
0,Devices/[DemoWWTP]/Controller:Global/MD_P501.MINICAS_T,,Boolean
0,Devices/[DemoWWTP]/Controller:Global/MD_P501.MINICAS_L,,Boolean
0,Devices/[DemoWWTP]/Controller:Global/MD_P501.MINICAS_RESET,,Boolean
0,Devices/[DemoWWTP]/Controller:Global/MD_P501.FLOW_PLS,,Boolean
0,Devices/[DemoWWTP]/Controller:Global/MD_P501.RESET,,Boolean
0,Devices/[DemoWWTP]/Controller:Global/MD_P501.SYSTEM_ALARMS_OK,,Boolean
0,Devices/[DemoWWTP]/Controller:Global/MD_P501.SIMULATE,,Boolean
0,Devices/[DemoWWTP]/Controller:Global/MD_P501.AUTO_MANUAL,,Boolean
0,Devices/[DemoWWTP]/Controller:Global/MD_P501.AUTORUN,,Boolean
0,Devices/[DemoWWTP]/Controller:Global/MD_P501.MANUAL_RUN,,Boolean
0,Devices/[DemoWWTP]/Controller:Global/MD_P501.ILOCK,,Boolean
0,Devices/[DemoWWTP]/Controller:Global/MD_P501.AVAIL,,Boolean
0,Devices/[DemoWWTP]/Controller:Global/MD_P501.FAULT,,Boolean
0,Devices/[DemoWWTP]/Controller:Global/MD_P501.ENABLE,,Boolean
0,Devices/[DemoWWTP]/Controller:Global/MD_P501.START_WD,,Int32
0,Devices/[DemoWWTP]/Controller:Global/MD_P501.STOP_WD,,Int32
0,Devices/[DemoWWTP]/Controller:Global/MD_P501.FLOW_SWITCH_EN,,Boolean
0,Devices/[DemoWWTP]/Controller:Global/MD_P501.FLOW_SWITCH,,Boolean
0,Devices/[DemoWWTP]/Controller:Global/MD_P501.FLOWRATE_EN,,Boolean
0,Devices/[DemoWWTP]/Controller:Global/MD_P501.FLOWRATE_PV,,Float
0,Devices/[DemoWWTP]/Controller:Global/MD_P501.FLOWRATE_SP,,Int32
0,Devices/[DemoWWTP]/Controller:Global/MD_P501.NOFLOW_WD,,Int32
0,Devices/[DemoWWTP]/Controller:Global/MD_P501.FLOW_TRANSFER_EN,,Boolean
0,Devices/[DemoWWTP]/Controller:Global/MD_P501.RISE_FALL,,Boolean
0,Devices/[DemoWWTP]/Controller:Global/MD_P501.TANK_LEVEL,,Int32
0,Devices/[DemoWWTP]/Controller:Global/MD_P501.FLOW_TRANSFER_SP,,Int32
0,Devices/[DemoWWTP]/Controller:Global/MD_P501.FLOW_TRANSFER_WD_SP,,Int32
0,Devices/[DemoWWTP]/Controller:Global/MD_P501.RUN_DEL_SP,,Int32
0,Devices/[DemoWWTP]/Controller:Global/MD_P501.RESTART_EN,,Boolean
0,Devices/[DemoWWTP]/Controller:Global/MD_P501.RESTART_DELAY_SP,,Int32
0,Devices/[DemoWWTP]/Controller:Global/MD_P501.RESTART_C_SP,,Int32
0,Devices/[DemoWWTP]/Controller:Global/MD_P501.RESET_AUTO_EN,,Boolean
0,Devices/[DemoWWTP]/Controller:Global/MD_P501.RESET_AUTO_SP,,Int32
0,Devices/[DemoWWTP]/Controller:Global/MD_P501.PRESSURE_PV,,Int32
0,Devices/[DemoWWTP]/Controller:Global/MD_P501.LOW_P_SP,,Float
0,Devices/[DemoWWTP]/Controller:Global/MD_P501.HI_P_SP,,Float
0,Devices/[DemoWWTP]/Controller:Global/MD_P501.LOW_P_WD_SP,,Int32
0,Devices/[DemoWWTP]/Controller:Global/MD_P501.HI_P_WD_SP,,Int32
0,Devices/[DemoWWTP]/Controller:Global/MD_P501.STATUS,,Int32
0,Devices/[DemoWWTP]/Controller:Global/MD_P501.ALARMS,,Int32
0,Devices/[DemoWWTP]/Controller:Global/MD_P501.RUN_DEL,,Boolean
0,Devices/[DemoWWTP]/Controller:Global/MD_P501.RUN_TIME_RESET_PB,,Boolean
0,Devices/[DemoWWTP]/Controller:Global/MD_P501.STARTS,,Int32
0,Devices/[DemoWWTP]/Controller:Global/MD_P501.HOUR,,Int32
0,Devices/[DemoWWTP]/Controller:Global/MD_P501.MIN,,Int32
0,Devices/[DemoWWTP]/Controller:Global/MD_P501.START_OF_HOUR,,Boolean
0,Devices/[DemoWWTP]/Controller:Global/MD_P501._24HR_STARTS,,Int32
0,Devices/[DemoWWTP]/Controller:Global/MD_P501._24HR_MINUTES,,Int32
0,Devices/[DemoWWTP]/Controller:Global/MD_P501.RUNNING,,Boolean
0,Devices/[DemoWWTP]/Controller:Global/MD_P502.EnableIn,,Boolean
0,Devices/[DemoWWTP]/Controller:Global/MD_P502.EnableOut,,Boolean
0,Devices/[DemoWWTP]/Controller:Global/MD_P502.ONLINE,,Boolean
0,Devices/[DemoWWTP]/Controller:Global/MD_P502.RUFB,,Boolean
0,Devices/[DemoWWTP]/Controller:Global/MD_P502.CBFB,,Boolean
0,Devices/[DemoWWTP]/Controller:Global/MD_P502.EXTFB,,Boolean
0,Devices/[DemoWWTP]/Controller:Global/MD_P502.ISFB,,Boolean
0,Devices/[DemoWWTP]/Controller:Global/MD_P502.MINICAS_EN,,Boolean
0,Devices/[DemoWWTP]/Controller:Global/MD_P502.MINICAS_T,,Boolean
0,Devices/[DemoWWTP]/Controller:Global/MD_P502.MINICAS_L,,Boolean
0,Devices/[DemoWWTP]/Controller:Global/MD_P502.MINICAS_RESET,,Boolean
0,Devices/[DemoWWTP]/Controller:Global/MD_P502.FLOW_PLS,,Boolean
0,Devices/[DemoWWTP]/Controller:Global/MD_P502.RESET,,Boolean
0,Devices/[DemoWWTP]/Controller:Global/MD_P502.SYSTEM_ALARMS_OK,,Boolean
0,Devices/[DemoWWTP]/Controller:Global/MD_P502.SIMULATE,,Boolean
0,Devices/[DemoWWTP]/Controller:Global/MD_P502.AUTO_MANUAL,,Boolean
0,Devices/[DemoWWTP]/Controller:Global/MD_P502.AUTORUN,,Boolean
0,Devices/[DemoWWTP]/Controller:Global/MD_P502.MANUAL_RUN,,Boolean
0,Devices/[DemoWWTP]/Controller:Global/MD_P502.ILOCK,,Boolean
0,Devices/[DemoWWTP]/Controller:Global/MD_P502.AVAIL,,Boolean
0,Devices/[DemoWWTP]/Controller:Global/MD_P502.FAULT,,Boolean
0,Devices/[DemoWWTP]/Controller:Global/MD_P502.ENABLE,,Boolean
0,Devices/[DemoWWTP]/Controller:Global/MD_P502.START_WD,,Int32
0,Devices/[DemoWWTP]/Controller:Global/MD_P502.STOP_WD,,Int32
0,Devices/[DemoWWTP]/Controller:Global/MD_P502.FLOW_SWITCH_EN,,Boolean
0,Devices/[DemoWWTP]/Controller:Global/MD_P502.FLOW_SWITCH,,Boolean
0,Devices/[DemoWWTP]/Controller:Global/MD_P502.FLOWRATE_EN,,Boolean
0,Devices/[DemoWWTP]/Controller:Global/MD_P502.FLOWRATE_PV,,Float
0,Devices/[DemoWWTP]/Controller:Global/MD_P502.FLOWRATE_SP,,Int32
0,Devices/[DemoWWTP]/Controller:Global/MD_P502.NOFLOW_WD,,Int32
0,Devices/[DemoWWTP]/Controller:Global/MD_P502.FLOW_TRANSFER_EN,,Boolean
0,Devices/[DemoWWTP]/Controller:Global/MD_P502.RISE_FALL,,Boolean
0,Devices/[DemoWWTP]/Controller:Global/MD_P502.TANK_LEVEL,,Int32
0,Devices/[DemoWWTP]/Controller:Global/MD_P502.FLOW_TRANSFER_SP,,Int32
0,Devices/[DemoWWTP]/Controller:Global/MD_P502.FLOW_TRANSFER_WD_SP,,Int32
0,Devices/[DemoWWTP]/Controller:Global/MD_P502.RUN_DEL_SP,,Int32
0,Devices/[DemoWWTP]/Controller:Global/MD_P502.RESTART_EN,,Boolean
0,Devices/[DemoWWTP]/Controller:Global/MD_P502.RESTART_DELAY_SP,,Int32
0,Devices/[DemoWWTP]/Controller:Global/MD_P502.RESTART_C_SP,,Int32
0,Devices/[DemoWWTP]/Controller:Global/MD_P502.RESET_AUTO_EN,,Boolean
0,Devices/[DemoWWTP]/Controller:Global/MD_P502.RESET_AUTO_SP,,Int32
0,Devices/[DemoWWTP]/Controller:Global/MD_P502.PRESSURE_PV,,Int32
0,Devices/[DemoWWTP]/Controller:Global/MD_P502.LOW_P_SP,,Float
0,Devices/[DemoWWTP]/Controller:Global/MD_P502.HI_P_SP,,Float
0,Devices/[DemoWWTP]/Controller:Global/MD_P502.LOW_P_WD_SP,,Int32
0,Devices/[DemoWWTP]/Controller:Global/MD_P502.HI_P_WD_SP,,Int32
0,Devices/[DemoWWTP]/Controller:Global/MD_P502.STATUS,,Int32
0,Devices/[DemoWWTP]/Controller:Global/MD_P502.ALARMS,,Int32
0,Devices/[DemoWWTP]/Controller:Global/MD_P502.RUN_DEL,,Boolean
0,Devices/[DemoWWTP]/Controller:Global/MD_P502.RUN_TIME_RESET_PB,,Boolean
0,Devices/[DemoWWTP]/Controller:Global/MD_P502.STARTS,,Int32
0,Devices/[DemoWWTP]/Controller:Global/MD_P502.HOUR,,Int32
0,Devices/[DemoWWTP]/Controller:Global/MD_P502.MIN,,Int32
0,Devices/[DemoWWTP]/Controller:Global/MD_P502.START_OF_HOUR,,Boolean
0,Devices/[DemoWWTP]/Controller:Global/MD_P502._24HR_STARTS,,Int32
0,Devices/[DemoWWTP]/Controller:Global/MD_P502._24HR_MINUTES,,Int32
0,Devices/[DemoWWTP]/Controller:Global/MD_P502.RUNNING,,Boolean
0,Devices/[DemoWWTP]/Controller:Global/MD_P503.EnableIn,,Boolean
0,Devices/[DemoWWTP]/Controller:Global/MD_P503.EnableOut,,Boolean
0,Devices/[DemoWWTP]/Controller:Global/MD_P503.ONLINE,,Boolean
0,Devices/[DemoWWTP]/Controller:Global/MD_P503.RUFB,,Boolean
0,Devices/[DemoWWTP]/Controller:Global/MD_P503.CBFB,,Boolean
0,Devices/[DemoWWTP]/Controller:Global/MD_P503.EXTFB,,Boolean
0,Devices/[DemoWWTP]/Controller:Global/MD_P503.ISFB,,Boolean
0,Devices/[DemoWWTP]/Controller:Global/MD_P503.MINICAS_EN,,Boolean
0,Devices/[DemoWWTP]/Controller:Global/MD_P503.MINICAS_T,,Boolean
0,Devices/[DemoWWTP]/Controller:Global/MD_P503.MINICAS_L,,Boolean
0,Devices/[DemoWWTP]/Controller:Global/MD_P503.MINICAS_RESET,,Boolean
0,Devices/[DemoWWTP]/Controller:Global/MD_P503.FLOW_PLS,,Boolean
0,Devices/[DemoWWTP]/Controller:Global/MD_P503.RESET,,Boolean
0,Devices/[DemoWWTP]/Controller:Global/MD_P503.SYSTEM_ALARMS_OK,,Boolean
0,Devices/[DemoWWTP]/Controller:Global/MD_P503.SIMULATE,,Boolean
0,Devices/[DemoWWTP]/Controller:Global/MD_P503.AUTO_MANUAL,,Boolean
0,Devices/[DemoWWTP]/Controller:Global/MD_P503.AUTORUN,,Boolean
0,Devices/[DemoWWTP]/Controller:Global/MD_P503.MANUAL_RUN,,Boolean
0,Devices/[DemoWWTP]/Controller:Global/MD_P503.ILOCK,,Boolean
0,Devices/[DemoWWTP]/Controller:Global/MD_P503.AVAIL,,Boolean
0,Devices/[DemoWWTP]/Controller:Global/MD_P503.FAULT,,Boolean
0,Devices/[DemoWWTP]/Controller:Global/MD_P503.ENABLE,,Boolean
0,Devices/[DemoWWTP]/Controller:Global/MD_P503.START_WD,,Int32
0,Devices/[DemoWWTP]/Controller:Global/MD_P503.STOP_WD,,Int32
0,Devices/[DemoWWTP]/Controller:Global/MD_P503.FLOW_SWITCH_EN,,Boolean
0,Devices/[DemoWWTP]/Controller:Global/MD_P503.FLOW_SWITCH,,Boolean
0,Devices/[DemoWWTP]/Controller:Global/MD_P503.FLOWRATE_EN,,Boolean
0,Devices/[DemoWWTP]/Controller:Global/MD_P503.FLOWRATE_PV,,Float
0,Devices/[DemoWWTP]/Controller:Global/MD_P503.FLOWRATE_SP,,Int32
0,Devices/[DemoWWTP]/Controller:Global/MD_P503.NOFLOW_WD,,Int32
0,Devices/[DemoWWTP]/Controller:Global/MD_P503.FLOW_TRANSFER_EN,,Boolean
0,Devices/[DemoWWTP]/Controller:Global/MD_P503.RISE_FALL,,Boolean
0,Devices/[DemoWWTP]/Controller:Global/MD_P503.TANK_LEVEL,,Int32
0,Devices/[DemoWWTP]/Controller:Global/MD_P503.FLOW_TRANSFER_SP,,Int32
0,Devices/[DemoWWTP]/Controller:Global/MD_P503.FLOW_TRANSFER_WD_SP,,Int32
0,Devices/[DemoWWTP]/Controller:Global/MD_P503.RUN_DEL_SP,,Int32
0,Devices/[DemoWWTP]/Controller:Global/MD_P503.RESTART_EN,,Boolean
0,Devices/[DemoWWTP]/Controller:Global/MD_P503.RESTART_DELAY_SP,,Int32
0,Devices/[DemoWWTP]/Controller:Global/MD_P503.RESTART_C_SP,,Int32
0,Devices/[DemoWWTP]/Controller:Global/MD_P503.RESET_AUTO_EN,,Boolean
0,Devices/[DemoWWTP]/Controller:Global/MD_P503.RESET_AUTO_SP,,Int32
0,Devices/[DemoWWTP]/Controller:Global/MD_P503.PRESSURE_PV,,Int32
0,Devices/[DemoWWTP]/Controller:Global/MD_P503.LOW_P_SP,,Float
0,Devices/[DemoWWTP]/Controller:Global/MD_P503.HI_P_SP,,Float
0,Devices/[DemoWWTP]/Controller:Global/MD_P503.LOW_P_WD_SP,,Int32
0,Devices/[DemoWWTP]/Controller:Global/MD_P503.HI_P_WD_SP,,Int32
0,Devices/[DemoWWTP]/Controller:Global/MD_P503.STATUS,,Int32
0,Devices/[DemoWWTP]/Controller:Global/MD_P503.ALARMS,,Int32
0,Devices/[DemoWWTP]/Controller:Global/MD_P503.RUN_DEL,,Boolean
0,Devices/[DemoWWTP]/Controller:Global/MD_P503.RUN_TIME_RESET_PB,,Boolean
0,Devices/[DemoWWTP]/Controller:Global/MD_P503.STARTS,,Int32
0,Devices/[DemoWWTP]/Controller:Global/MD_P503.HOUR,,Int32
0,Devices/[DemoWWTP]/Controller:Global/MD_P503.MIN,,Int32
0,Devices/[DemoWWTP]/Controller:Global/MD_P503.START_OF_HOUR,,Boolean
0,Devices/[DemoWWTP]/Controller:Global/MD_P503._24HR_STARTS,,Int32
0,Devices/[DemoWWTP]/Controller:Global/MD_P503._24HR_MINUTES,,Int32
0,Devices/[DemoWWTP]/Controller:Global/MD_P503.RUNNING,,Boolean
0,Devices/[DemoWWTP]/Controller:Global/MD_P504.EnableIn,,Boolean
0,Devices/[DemoWWTP]/Controller:Global/MD_P504.EnableOut,,Boolean
0,Devices/[DemoWWTP]/Controller:Global/MD_P504.ONLINE,,Boolean
0,Devices/[DemoWWTP]/Controller:Global/MD_P504.RUFB,,Boolean
0,Devices/[DemoWWTP]/Controller:Global/MD_P504.CBFB,,Boolean
0,Devices/[DemoWWTP]/Controller:Global/MD_P504.EXTFB,,Boolean
0,Devices/[DemoWWTP]/Controller:Global/MD_P504.ISFB,,Boolean
0,Devices/[DemoWWTP]/Controller:Global/MD_P504.MINICAS_EN,,Boolean
0,Devices/[DemoWWTP]/Controller:Global/MD_P504.MINICAS_T,,Boolean
0,Devices/[DemoWWTP]/Controller:Global/MD_P504.MINICAS_L,,Boolean
0,Devices/[DemoWWTP]/Controller:Global/MD_P504.MINICAS_RESET,,Boolean
0,Devices/[DemoWWTP]/Controller:Global/MD_P504.FLOW_PLS,,Boolean
0,Devices/[DemoWWTP]/Controller:Global/MD_P504.RESET,,Boolean
0,Devices/[DemoWWTP]/Controller:Global/MD_P504.SYSTEM_ALARMS_OK,,Boolean
0,Devices/[DemoWWTP]/Controller:Global/MD_P504.SIMULATE,,Boolean
0,Devices/[DemoWWTP]/Controller:Global/MD_P504.AUTO_MANUAL,,Boolean
0,Devices/[DemoWWTP]/Controller:Global/MD_P504.AUTORUN,,Boolean
0,Devices/[DemoWWTP]/Controller:Global/MD_P504.MANUAL_RUN,,Boolean
0,Devices/[DemoWWTP]/Controller:Global/MD_P504.ILOCK,,Boolean
0,Devices/[DemoWWTP]/Controller:Global/MD_P504.AVAIL,,Boolean
0,Devices/[DemoWWTP]/Controller:Global/MD_P504.FAULT,,Boolean
0,Devices/[DemoWWTP]/Controller:Global/MD_P504.ENABLE,,Boolean
0,Devices/[DemoWWTP]/Controller:Global/MD_P504.START_WD,,Int32
0,Devices/[DemoWWTP]/Controller:Global/MD_P504.STOP_WD,,Int32
0,Devices/[DemoWWTP]/Controller:Global/MD_P504.FLOW_SWITCH_EN,,Boolean
0,Devices/[DemoWWTP]/Controller:Global/MD_P504.FLOW_SWITCH,,Boolean
0,Devices/[DemoWWTP]/Controller:Global/MD_P504.FLOWRATE_EN,,Boolean
0,Devices/[DemoWWTP]/Controller:Global/MD_P504.FLOWRATE_PV,,Float
0,Devices/[DemoWWTP]/Controller:Global/MD_P504.FLOWRATE_SP,,Int32
0,Devices/[DemoWWTP]/Controller:Global/MD_P504.NOFLOW_WD,,Int32
0,Devices/[DemoWWTP]/Controller:Global/MD_P504.FLOW_TRANSFER_EN,,Boolean
0,Devices/[DemoWWTP]/Controller:Global/MD_P504.RISE_FALL,,Boolean
0,Devices/[DemoWWTP]/Controller:Global/MD_P504.TANK_LEVEL,,Int32
0,Devices/[DemoWWTP]/Controller:Global/MD_P504.FLOW_TRANSFER_SP,,Int32
0,Devices/[DemoWWTP]/Controller:Global/MD_P504.FLOW_TRANSFER_WD_SP,,Int32
0,Devices/[DemoWWTP]/Controller:Global/MD_P504.RUN_DEL_SP,,Int32
0,Devices/[DemoWWTP]/Controller:Global/MD_P504.RESTART_EN,,Boolean
0,Devices/[DemoWWTP]/Controller:Global/MD_P504.RESTART_DELAY_SP,,Int32
0,Devices/[DemoWWTP]/Controller:Global/MD_P504.RESTART_C_SP,,Int32
0,Devices/[DemoWWTP]/Controller:Global/MD_P504.RESET_AUTO_EN,,Boolean
0,Devices/[DemoWWTP]/Controller:Global/MD_P504.RESET_AUTO_SP,,Int32
0,Devices/[DemoWWTP]/Controller:Global/MD_P504.PRESSURE_PV,,Int32
0,Devices/[DemoWWTP]/Controller:Global/MD_P504.LOW_P_SP,,Float
0,Devices/[DemoWWTP]/Controller:Global/MD_P504.HI_P_SP,,Float
0,Devices/[DemoWWTP]/Controller:Global/MD_P504.LOW_P_WD_SP,,Int32
0,Devices/[DemoWWTP]/Controller:Global/MD_P504.HI_P_WD_SP,,Int32
0,Devices/[DemoWWTP]/Controller:Global/MD_P504.STATUS,,Int32
0,Devices/[DemoWWTP]/Controller:Global/MD_P504.ALARMS,,Int32
0,Devices/[DemoWWTP]/Controller:Global/MD_P504.RUN_DEL,,Boolean
0,Devices/[DemoWWTP]/Controller:Global/MD_P504.RUN_TIME_RESET_PB,,Boolean
0,Devices/[DemoWWTP]/Controller:Global/MD_P504.STARTS,,Int32
0,Devices/[DemoWWTP]/Controller:Global/MD_P504.HOUR,,Int32
0,Devices/[DemoWWTP]/Controller:Global/MD_P504.MIN,,Int32
0,Devices/[DemoWWTP]/Controller:Global/MD_P504.START_OF_HOUR,,Boolean
0,Devices/[DemoWWTP]/Controller:Global/MD_P504._24HR_STARTS,,Int32
0,Devices/[DemoWWTP]/Controller:Global/MD_P504._24HR_MINUTES,,Int32
0,Devices/[DemoWWTP]/Controller:Global/MD_P504.RUNNING,,Boolean
0,Devices/[DemoWWTP]/Controller:Global/MD_P505.EnableIn,,Boolean
0,Devices/[DemoWWTP]/Controller:Global/MD_P505.EnableOut,,Boolean
0,Devices/[DemoWWTP]/Controller:Global/MD_P505.ONLINE,,Boolean
0,Devices/[DemoWWTP]/Controller:Global/MD_P505.RUFB,,Boolean
0,Devices/[DemoWWTP]/Controller:Global/MD_P505.CBFB,,Boolean
0,Devices/[DemoWWTP]/Controller:Global/MD_P505.EXTFB,,Boolean
0,Devices/[DemoWWTP]/Controller:Global/MD_P505.ISFB,,Boolean
0,Devices/[DemoWWTP]/Controller:Global/MD_P505.MINICAS_EN,,Boolean
0,Devices/[DemoWWTP]/Controller:Global/MD_P505.MINICAS_T,,Boolean
0,Devices/[DemoWWTP]/Controller:Global/MD_P505.MINICAS_L,,Boolean
0,Devices/[DemoWWTP]/Controller:Global/MD_P505.MINICAS_RESET,,Boolean
0,Devices/[DemoWWTP]/Controller:Global/MD_P505.FLOW_PLS,,Boolean
0,Devices/[DemoWWTP]/Controller:Global/MD_P505.RESET,,Boolean
0,Devices/[DemoWWTP]/Controller:Global/MD_P505.SYSTEM_ALARMS_OK,,Boolean
0,Devices/[DemoWWTP]/Controller:Global/MD_P505.SIMULATE,,Boolean
0,Devices/[DemoWWTP]/Controller:Global/MD_P505.AUTO_MANUAL,,Boolean
0,Devices/[DemoWWTP]/Controller:Global/MD_P505.AUTORUN,,Boolean
0,Devices/[DemoWWTP]/Controller:Global/MD_P505.MANUAL_RUN,,Boolean
0,Devices/[DemoWWTP]/Controller:Global/MD_P505.ILOCK,,Boolean
0,Devices/[DemoWWTP]/Controller:Global/MD_P505.AVAIL,,Boolean
0,Devices/[DemoWWTP]/Controller:Global/MD_P505.FAULT,,Boolean
0,Devices/[DemoWWTP]/Controller:Global/MD_P505.ENABLE,,Boolean
0,Devices/[DemoWWTP]/Controller:Global/MD_P505.START_WD,,Int32
0,Devices/[DemoWWTP]/Controller:Global/MD_P505.STOP_WD,,Int32
0,Devices/[DemoWWTP]/Controller:Global/MD_P505.FLOW_SWITCH_EN,,Boolean
0,Devices/[DemoWWTP]/Controller:Global/MD_P505.FLOW_SWITCH,,Boolean
0,Devices/[DemoWWTP]/Controller:Global/MD_P505.FLOWRATE_EN,,Boolean
0,Devices/[DemoWWTP]/Controller:Global/MD_P505.FLOWRATE_PV,,Float
0,Devices/[DemoWWTP]/Controller:Global/MD_P505.FLOWRATE_SP,,Int32
0,Devices/[DemoWWTP]/Controller:Global/MD_P505.NOFLOW_WD,,Int32
0,Devices/[DemoWWTP]/Controller:Global/MD_P505.FLOW_TRANSFER_EN,,Boolean
0,Devices/[DemoWWTP]/Controller:Global/MD_P505.RISE_FALL,,Boolean
0,Devices/[DemoWWTP]/Controller:Global/MD_P505.TANK_LEVEL,,Int32
0,Devices/[DemoWWTP]/Controller:Global/MD_P505.FLOW_TRANSFER_SP,,Int32
0,Devices/[DemoWWTP]/Controller:Global/MD_P505.FLOW_TRANSFER_WD_SP,,Int32
0,Devices/[DemoWWTP]/Controller:Global/MD_P505.RUN_DEL_SP,,Int32
0,Devices/[DemoWWTP]/Controller:Global/MD_P505.RESTART_EN,,Boolean
0,Devices/[DemoWWTP]/Controller:Global/MD_P505.RESTART_DELAY_SP,,Int32
0,Devices/[DemoWWTP]/Controller:Global/MD_P505.RESTART_C_SP,,Int32
0,Devices/[DemoWWTP]/Controller:Global/MD_P505.RESET_AUTO_EN,,Boolean
0,Devices/[DemoWWTP]/Controller:Global/MD_P505.RESET_AUTO_SP,,Int32
0,Devices/[DemoWWTP]/Controller:Global/MD_P505.PRESSURE_PV,,Int32
0,Devices/[DemoWWTP]/Controller:Global/MD_P505.LOW_P_SP,,Float
0,Devices/[DemoWWTP]/Controller:Global/MD_P505.HI_P_SP,,Float
0,Devices/[DemoWWTP]/Controller:Global/MD_P505.LOW_P_WD_SP,,Int32
0,Devices/[DemoWWTP]/Controller:Global/MD_P505.HI_P_WD_SP,,Int32
0,Devices/[DemoWWTP]/Controller:Global/MD_P505.STATUS,,Int32
0,Devices/[DemoWWTP]/Controller:Global/MD_P505.ALARMS,,Int32
0,Devices/[DemoWWTP]/Controller:Global/MD_P505.RUN_DEL,,Boolean
0,Devices/[DemoWWTP]/Controller:Global/MD_P505.RUN_TIME_RESET_PB,,Boolean
0,Devices/[DemoWWTP]/Controller:Global/MD_P505.STARTS,,Int32
0,Devices/[DemoWWTP]/Controller:Global/MD_P505.HOUR,,Int32
0,Devices/[DemoWWTP]/Controller:Global/MD_P505.MIN,,Int32
0,Devices/[DemoWWTP]/Controller:Global/MD_P505.START_OF_HOUR,,Boolean
0,Devices/[DemoWWTP]/Controller:Global/MD_P505._24HR_STARTS,,Int32
0,Devices/[DemoWWTP]/Controller:Global/MD_P505._24HR_MINUTES,,Int32
0,Devices/[DemoWWTP]/Controller:Global/MD_P505.RUNNING,,Boolean
0,Devices/[DemoWWTP]/Controller:Global/MD_P506.EnableIn,,Boolean
0,Devices/[DemoWWTP]/Controller:Global/MD_P506.EnableOut,,Boolean
0,Devices/[DemoWWTP]/Controller:Global/MD_P506.ONLINE,,Boolean
0,Devices/[DemoWWTP]/Controller:Global/MD_P506.RUFB,,Boolean
0,Devices/[DemoWWTP]/Controller:Global/MD_P506.CBFB,,Boolean
0,Devices/[DemoWWTP]/Controller:Global/MD_P506.EXTFB,,Boolean
0,Devices/[DemoWWTP]/Controller:Global/MD_P506.ISFB,,Boolean
0,Devices/[DemoWWTP]/Controller:Global/MD_P506.MINICAS_EN,,Boolean
0,Devices/[DemoWWTP]/Controller:Global/MD_P506.MINICAS_T,,Boolean
0,Devices/[DemoWWTP]/Controller:Global/MD_P506.MINICAS_L,,Boolean
0,Devices/[DemoWWTP]/Controller:Global/MD_P506.MINICAS_RESET,,Boolean
0,Devices/[DemoWWTP]/Controller:Global/MD_P506.FLOW_PLS,,Boolean
0,Devices/[DemoWWTP]/Controller:Global/MD_P506.RESET,,Boolean
0,Devices/[DemoWWTP]/Controller:Global/MD_P506.SYSTEM_ALARMS_OK,,Boolean
0,Devices/[DemoWWTP]/Controller:Global/MD_P506.SIMULATE,,Boolean
0,Devices/[DemoWWTP]/Controller:Global/MD_P506.AUTO_MANUAL,,Boolean
0,Devices/[DemoWWTP]/Controller:Global/MD_P506.AUTORUN,,Boolean
0,Devices/[DemoWWTP]/Controller:Global/MD_P506.MANUAL_RUN,,Boolean
0,Devices/[DemoWWTP]/Controller:Global/MD_P506.ILOCK,,Boolean
0,Devices/[DemoWWTP]/Controller:Global/MD_P506.AVAIL,,Boolean
0,Devices/[DemoWWTP]/Controller:Global/MD_P506.FAULT,,Boolean
0,Devices/[DemoWWTP]/Controller:Global/MD_P506.ENABLE,,Boolean
0,Devices/[DemoWWTP]/Controller:Global/MD_P506.START_WD,,Int32
0,Devices/[DemoWWTP]/Controller:Global/MD_P506.STOP_WD,,Int32
0,Devices/[DemoWWTP]/Controller:Global/MD_P506.FLOW_SWITCH_EN,,Boolean
0,Devices/[DemoWWTP]/Controller:Global/MD_P506.FLOW_SWITCH,,Boolean
0,Devices/[DemoWWTP]/Controller:Global/MD_P506.FLOWRATE_EN,,Boolean
0,Devices/[DemoWWTP]/Controller:Global/MD_P506.FLOWRATE_PV,,Float
0,Devices/[DemoWWTP]/Controller:Global/MD_P506.FLOWRATE_SP,,Int32
0,Devices/[DemoWWTP]/Controller:Global/MD_P506.NOFLOW_WD,,Int32
0,Devices/[DemoWWTP]/Controller:Global/MD_P506.FLOW_TRANSFER_EN,,Boolean
0,Devices/[DemoWWTP]/Controller:Global/MD_P506.RISE_FALL,,Boolean
0,Devices/[DemoWWTP]/Controller:Global/MD_P506.TANK_LEVEL,,Int32
0,Devices/[DemoWWTP]/Controller:Global/MD_P506.FLOW_TRANSFER_SP,,Int32
0,Devices/[DemoWWTP]/Controller:Global/MD_P506.FLOW_TRANSFER_WD_SP,,Int32
0,Devices/[DemoWWTP]/Controller:Global/MD_P506.RUN_DEL_SP,,Int32
0,Devices/[DemoWWTP]/Controller:Global/MD_P506.RESTART_EN,,Boolean
0,Devices/[DemoWWTP]/Controller:Global/MD_P506.RESTART_DELAY_SP,,Int32
0,Devices/[DemoWWTP]/Controller:Global/MD_P506.RESTART_C_SP,,Int32
0,Devices/[DemoWWTP]/Controller:Global/MD_P506.RESET_AUTO_EN,,Boolean
0,Devices/[DemoWWTP]/Controller:Global/MD_P506.RESET_AUTO_SP,,Int32
0,Devices/[DemoWWTP]/Controller:Global/MD_P506.PRESSURE_PV,,Int32
0,Devices/[DemoWWTP]/Controller:Global/MD_P506.LOW_P_SP,,Float
0,Devices/[DemoWWTP]/Controller:Global/MD_P506.HI_P_SP,,Float
0,Devices/[DemoWWTP]/Controller:Global/MD_P506.LOW_P_WD_SP,,Int32
0,Devices/[DemoWWTP]/Controller:Global/MD_P506.HI_P_WD_SP,,Int32
0,Devices/[DemoWWTP]/Controller:Global/MD_P506.STATUS,,Int32
0,Devices/[DemoWWTP]/Controller:Global/MD_P506.ALARMS,,Int32
0,Devices/[DemoWWTP]/Controller:Global/MD_P506.RUN_DEL,,Boolean
0,Devices/[DemoWWTP]/Controller:Global/MD_P506.RUN_TIME_RESET_PB,,Boolean
0,Devices/[DemoWWTP]/Controller:Global/MD_P506.STARTS,,Int32
0,Devices/[DemoWWTP]/Controller:Global/MD_P506.HOUR,,Int32
0,Devices/[DemoWWTP]/Controller:Global/MD_P506.MIN,,Int32
0,Devices/[DemoWWTP]/Controller:Global/MD_P506.START_OF_HOUR,,Boolean
0,Devices/[DemoWWTP]/Controller:Global/MD_P506._24HR_STARTS,,Int32
0,Devices/[DemoWWTP]/Controller:Global/MD_P506._24HR_MINUTES,,Int32
0,Devices/[DemoWWTP]/Controller:Global/MD_P506.RUNNING,,Boolean
0,Devices/[DemoWWTP]/Controller:Global/MD_P507.EnableIn,,Boolean
0,Devices/[DemoWWTP]/Controller:Global/MD_P507.EnableOut,,Boolean
0,Devices/[DemoWWTP]/Controller:Global/MD_P507.ONLINE,,Boolean
0,Devices/[DemoWWTP]/Controller:Global/MD_P507.RUFB,,Boolean
0,Devices/[DemoWWTP]/Controller:Global/MD_P507.CBFB,,Boolean
0,Devices/[DemoWWTP]/Controller:Global/MD_P507.EXTFB,,Boolean
0,Devices/[DemoWWTP]/Controller:Global/MD_P507.ISFB,,Boolean
0,Devices/[DemoWWTP]/Controller:Global/MD_P507.MINICAS_EN,,Boolean
0,Devices/[DemoWWTP]/Controller:Global/MD_P507.MINICAS_T,,Boolean
0,Devices/[DemoWWTP]/Controller:Global/MD_P507.MINICAS_L,,Boolean
0,Devices/[DemoWWTP]/Controller:Global/MD_P507.MINICAS_RESET,,Boolean
0,Devices/[DemoWWTP]/Controller:Global/MD_P507.FLOW_PLS,,Boolean
0,Devices/[DemoWWTP]/Controller:Global/MD_P507.RESET,,Boolean
0,Devices/[DemoWWTP]/Controller:Global/MD_P507.SYSTEM_ALARMS_OK,,Boolean
0,Devices/[DemoWWTP]/Controller:Global/MD_P507.SIMULATE,,Boolean
0,Devices/[DemoWWTP]/Controller:Global/MD_P507.AUTO_MANUAL,,Boolean
0,Devices/[DemoWWTP]/Controller:Global/MD_P507.AUTORUN,,Boolean
0,Devices/[DemoWWTP]/Controller:Global/MD_P507.MANUAL_RUN,,Boolean
0,Devices/[DemoWWTP]/Controller:Global/MD_P507.ILOCK,,Boolean
0,Devices/[DemoWWTP]/Controller:Global/MD_P507.AVAIL,,Boolean
0,Devices/[DemoWWTP]/Controller:Global/MD_P507.FAULT,,Boolean
0,Devices/[DemoWWTP]/Controller:Global/MD_P507.ENABLE,,Boolean
0,Devices/[DemoWWTP]/Controller:Global/MD_P507.START_WD,,Int32
0,Devices/[DemoWWTP]/Controller:Global/MD_P507.STOP_WD,,Int32
0,Devices/[DemoWWTP]/Controller:Global/MD_P507.FLOW_SWITCH_EN,,Boolean
0,Devices/[DemoWWTP]/Controller:Global/MD_P507.FLOW_SWITCH,,Boolean
0,Devices/[DemoWWTP]/Controller:Global/MD_P507.FLOWRATE_EN,,Boolean
0,Devices/[DemoWWTP]/Controller:Global/MD_P507.FLOWRATE_PV,,Float
0,Devices/[DemoWWTP]/Controller:Global/MD_P507.FLOWRATE_SP,,Int32
0,Devices/[DemoWWTP]/Controller:Global/MD_P507.NOFLOW_WD,,Int32
0,Devices/[DemoWWTP]/Controller:Global/MD_P507.FLOW_TRANSFER_EN,,Boolean
0,Devices/[DemoWWTP]/Controller:Global/MD_P507.RISE_FALL,,Boolean
0,Devices/[DemoWWTP]/Controller:Global/MD_P507.TANK_LEVEL,,Int32
0,Devices/[DemoWWTP]/Controller:Global/MD_P507.FLOW_TRANSFER_SP,,Int32
0,Devices/[DemoWWTP]/Controller:Global/MD_P507.FLOW_TRANSFER_WD_SP,,Int32
0,Devices/[DemoWWTP]/Controller:Global/MD_P507.RUN_DEL_SP,,Int32
0,Devices/[DemoWWTP]/Controller:Global/MD_P507.RESTART_EN,,Boolean
0,Devices/[DemoWWTP]/Controller:Global/MD_P507.RESTART_DELAY_SP,,Int32
0,Devices/[DemoWWTP]/Controller:Global/MD_P507.RESTART_C_SP,,Int32
0,Devices/[DemoWWTP]/Controller:Global/MD_P507.RESET_AUTO_EN,,Boolean
0,Devices/[DemoWWTP]/Controller:Global/MD_P507.RESET_AUTO_SP,,Int32
0,Devices/[DemoWWTP]/Controller:Global/MD_P507.PRESSURE_PV,,Int32
0,Devices/[DemoWWTP]/Controller:Global/MD_P507.LOW_P_SP,,Float
0,Devices/[DemoWWTP]/Controller:Global/MD_P507.HI_P_SP,,Float
0,Devices/[DemoWWTP]/Controller:Global/MD_P507.LOW_P_WD_SP,,Int32
0,Devices/[DemoWWTP]/Controller:Global/MD_P507.HI_P_WD_SP,,Int32
0,Devices/[DemoWWTP]/Controller:Global/MD_P507.STATUS,,Int32
0,Devices/[DemoWWTP]/Controller:Global/MD_P507.ALARMS,,Int32
0,Devices/[DemoWWTP]/Controller:Global/MD_P507.RUN_DEL,,Boolean
0,Devices/[DemoWWTP]/Controller:Global/MD_P507.RUN_TIME_RESET_PB,,Boolean
0,Devices/[DemoWWTP]/Controller:Global/MD_P507.STARTS,,Int32
0,Devices/[DemoWWTP]/Controller:Global/MD_P507.HOUR,,Int32
0,Devices/[DemoWWTP]/Controller:Global/MD_P507.MIN,,Int32
0,Devices/[DemoWWTP]/Controller:Global/MD_P507.START_OF_HOUR,,Boolean
0,Devices/[DemoWWTP]/Controller:Global/MD_P507._24HR_STARTS,,Int32
0,Devices/[DemoWWTP]/Controller:Global/MD_P507._24HR_MINUTES,,Int32
0,Devices/[DemoWWTP]/Controller:Global/MD_P507.RUNNING,,Boolean
0,Devices/[DemoWWTP]/Controller:Global/MD_P601.EnableIn,,Boolean
0,Devices/[DemoWWTP]/Controller:Global/MD_P601.EnableOut,,Boolean
0,Devices/[DemoWWTP]/Controller:Global/MD_P601.ONLINE,,Boolean
0,Devices/[DemoWWTP]/Controller:Global/MD_P601.RUFB,,Boolean
0,Devices/[DemoWWTP]/Controller:Global/MD_P601.CBFB,,Boolean
0,Devices/[DemoWWTP]/Controller:Global/MD_P601.EXTFB,,Boolean
0,Devices/[DemoWWTP]/Controller:Global/MD_P601.ISFB,,Boolean
0,Devices/[DemoWWTP]/Controller:Global/MD_P601.MINICAS_EN,,Boolean
0,Devices/[DemoWWTP]/Controller:Global/MD_P601.MINICAS_T,,Boolean
0,Devices/[DemoWWTP]/Controller:Global/MD_P601.MINICAS_L,,Boolean
0,Devices/[DemoWWTP]/Controller:Global/MD_P601.MINICAS_RESET,,Boolean
0,Devices/[DemoWWTP]/Controller:Global/MD_P601.FLOW_PLS,,Boolean
0,Devices/[DemoWWTP]/Controller:Global/MD_P601.RESET,,Boolean
0,Devices/[DemoWWTP]/Controller:Global/MD_P601.SYSTEM_ALARMS_OK,,Boolean
0,Devices/[DemoWWTP]/Controller:Global/MD_P601.SIMULATE,,Boolean
0,Devices/[DemoWWTP]/Controller:Global/MD_P601.AUTO_MANUAL,,Boolean
0,Devices/[DemoWWTP]/Controller:Global/MD_P601.AUTORUN,,Boolean
0,Devices/[DemoWWTP]/Controller:Global/MD_P601.MANUAL_RUN,,Boolean
0,Devices/[DemoWWTP]/Controller:Global/MD_P601.ILOCK,,Boolean
0,Devices/[DemoWWTP]/Controller:Global/MD_P601.AVAIL,,Boolean
0,Devices/[DemoWWTP]/Controller:Global/MD_P601.FAULT,,Boolean
0,Devices/[DemoWWTP]/Controller:Global/MD_P601.ENABLE,,Boolean
0,Devices/[DemoWWTP]/Controller:Global/MD_P601.START_WD,,Int32
0,Devices/[DemoWWTP]/Controller:Global/MD_P601.STOP_WD,,Int32
0,Devices/[DemoWWTP]/Controller:Global/MD_P601.FLOW_SWITCH_EN,,Boolean
0,Devices/[DemoWWTP]/Controller:Global/MD_P601.FLOW_SWITCH,,Boolean
0,Devices/[DemoWWTP]/Controller:Global/MD_P601.FLOWRATE_EN,,Boolean
0,Devices/[DemoWWTP]/Controller:Global/MD_P601.FLOWRATE_PV,,Float
0,Devices/[DemoWWTP]/Controller:Global/MD_P601.FLOWRATE_SP,,Int32
0,Devices/[DemoWWTP]/Controller:Global/MD_P601.NOFLOW_WD,,Int32
0,Devices/[DemoWWTP]/Controller:Global/MD_P601.FLOW_TRANSFER_EN,,Boolean
0,Devices/[DemoWWTP]/Controller:Global/MD_P601.RISE_FALL,,Boolean
0,Devices/[DemoWWTP]/Controller:Global/MD_P601.TANK_LEVEL,,Int32
0,Devices/[DemoWWTP]/Controller:Global/MD_P601.FLOW_TRANSFER_SP,,Int32
0,Devices/[DemoWWTP]/Controller:Global/MD_P601.FLOW_TRANSFER_WD_SP,,Int32
0,Devices/[DemoWWTP]/Controller:Global/MD_P601.RUN_DEL_SP,,Int32
0,Devices/[DemoWWTP]/Controller:Global/MD_P601.RESTART_EN,,Boolean
0,Devices/[DemoWWTP]/Controller:Global/MD_P601.RESTART_DELAY_SP,,Int32
0,Devices/[DemoWWTP]/Controller:Global/MD_P601.RESTART_C_SP,,Int32
0,Devices/[DemoWWTP]/Controller:Global/MD_P601.RESET_AUTO_EN,,Boolean
0,Devices/[DemoWWTP]/Controller:Global/MD_P601.RESET_AUTO_SP,,Int32
0,Devices/[DemoWWTP]/Controller:Global/MD_P601.PRESSURE_PV,,Int32
0,Devices/[DemoWWTP]/Controller:Global/MD_P601.LOW_P_SP,,Float
0,Devices/[DemoWWTP]/Controller:Global/MD_P601.HI_P_SP,,Float
0,Devices/[DemoWWTP]/Controller:Global/MD_P601.LOW_P_WD_SP,,Int32
0,Devices/[DemoWWTP]/Controller:Global/MD_P601.HI_P_WD_SP,,Int32
0,Devices/[DemoWWTP]/Controller:Global/MD_P601.STATUS,,Int32
0,Devices/[DemoWWTP]/Controller:Global/MD_P601.ALARMS,,Int32
0,Devices/[DemoWWTP]/Controller:Global/MD_P601.RUN_DEL,,Boolean
0,Devices/[DemoWWTP]/Controller:Global/MD_P601.RUN_TIME_RESET_PB,,Boolean
0,Devices/[DemoWWTP]/Controller:Global/MD_P601.STARTS,,Int32
0,Devices/[DemoWWTP]/Controller:Global/MD_P601.HOUR,,Int32
0,Devices/[DemoWWTP]/Controller:Global/MD_P601.MIN,,Int32
0,Devices/[DemoWWTP]/Controller:Global/MD_P601.START_OF_HOUR,,Boolean
0,Devices/[DemoWWTP]/Controller:Global/MD_P601._24HR_STARTS,,Int32
0,Devices/[DemoWWTP]/Controller:Global/MD_P601._24HR_MINUTES,,Int32
0,Devices/[DemoWWTP]/Controller:Global/MD_P601.RUNNING,,Boolean
0,Devices/[DemoWWTP]/Controller:Global/MD_P602.EnableIn,,Boolean
0,Devices/[DemoWWTP]/Controller:Global/MD_P602.EnableOut,,Boolean
0,Devices/[DemoWWTP]/Controller:Global/MD_P602.ONLINE,,Boolean
0,Devices/[DemoWWTP]/Controller:Global/MD_P602.RUFB,,Boolean
0,Devices/[DemoWWTP]/Controller:Global/MD_P602.CBFB,,Boolean
0,Devices/[DemoWWTP]/Controller:Global/MD_P602.EXTFB,,Boolean
0,Devices/[DemoWWTP]/Controller:Global/MD_P602.ISFB,,Boolean
0,Devices/[DemoWWTP]/Controller:Global/MD_P602.MINICAS_EN,,Boolean
0,Devices/[DemoWWTP]/Controller:Global/MD_P602.MINICAS_T,,Boolean
0,Devices/[DemoWWTP]/Controller:Global/MD_P602.MINICAS_L,,Boolean
0,Devices/[DemoWWTP]/Controller:Global/MD_P602.MINICAS_RESET,,Boolean
0,Devices/[DemoWWTP]/Controller:Global/MD_P602.FLOW_PLS,,Boolean
0,Devices/[DemoWWTP]/Controller:Global/MD_P602.RESET,,Boolean
0,Devices/[DemoWWTP]/Controller:Global/MD_P602.SYSTEM_ALARMS_OK,,Boolean
0,Devices/[DemoWWTP]/Controller:Global/MD_P602.SIMULATE,,Boolean
0,Devices/[DemoWWTP]/Controller:Global/MD_P602.AUTO_MANUAL,,Boolean
0,Devices/[DemoWWTP]/Controller:Global/MD_P602.AUTORUN,,Boolean
0,Devices/[DemoWWTP]/Controller:Global/MD_P602.MANUAL_RUN,,Boolean
0,Devices/[DemoWWTP]/Controller:Global/MD_P602.ILOCK,,Boolean
0,Devices/[DemoWWTP]/Controller:Global/MD_P602.AVAIL,,Boolean
0,Devices/[DemoWWTP]/Controller:Global/MD_P602.FAULT,,Boolean
0,Devices/[DemoWWTP]/Controller:Global/MD_P602.ENABLE,,Boolean
0,Devices/[DemoWWTP]/Controller:Global/MD_P602.START_WD,,Int32
0,Devices/[DemoWWTP]/Controller:Global/MD_P602.STOP_WD,,Int32
0,Devices/[DemoWWTP]/Controller:Global/MD_P602.FLOW_SWITCH_EN,,Boolean
0,Devices/[DemoWWTP]/Controller:Global/MD_P602.FLOW_SWITCH,,Boolean
0,Devices/[DemoWWTP]/Controller:Global/MD_P602.FLOWRATE_EN,,Boolean
0,Devices/[DemoWWTP]/Controller:Global/MD_P602.FLOWRATE_PV,,Float
0,Devices/[DemoWWTP]/Controller:Global/MD_P602.FLOWRATE_SP,,Int32
0,Devices/[DemoWWTP]/Controller:Global/MD_P602.NOFLOW_WD,,Int32
0,Devices/[DemoWWTP]/Controller:Global/MD_P602.FLOW_TRANSFER_EN,,Boolean
0,Devices/[DemoWWTP]/Controller:Global/MD_P602.RISE_FALL,,Boolean
0,Devices/[DemoWWTP]/Controller:Global/MD_P602.TANK_LEVEL,,Int32
0,Devices/[DemoWWTP]/Controller:Global/MD_P602.FLOW_TRANSFER_SP,,Int32
0,Devices/[DemoWWTP]/Controller:Global/MD_P602.FLOW_TRANSFER_WD_SP,,Int32
0,Devices/[DemoWWTP]/Controller:Global/MD_P602.RUN_DEL_SP,,Int32
0,Devices/[DemoWWTP]/Controller:Global/MD_P602.RESTART_EN,,Boolean
0,Devices/[DemoWWTP]/Controller:Global/MD_P602.RESTART_DELAY_SP,,Int32
0,Devices/[DemoWWTP]/Controller:Global/MD_P602.RESTART_C_SP,,Int32
0,Devices/[DemoWWTP]/Controller:Global/MD_P602.RESET_AUTO_EN,,Boolean
0,Devices/[DemoWWTP]/Controller:Global/MD_P602.RESET_AUTO_SP,,Int32
0,Devices/[DemoWWTP]/Controller:Global/MD_P602.PRESSURE_PV,,Int32
0,Devices/[DemoWWTP]/Controller:Global/MD_P602.LOW_P_SP,,Float
0,Devices/[DemoWWTP]/Controller:Global/MD_P602.HI_P_SP,,Float
0,Devices/[DemoWWTP]/Controller:Global/MD_P602.LOW_P_WD_SP,,Int32
0,Devices/[DemoWWTP]/Controller:Global/MD_P602.HI_P_WD_SP,,Int32
0,Devices/[DemoWWTP]/Controller:Global/MD_P602.STATUS,,Int32
0,Devices/[DemoWWTP]/Controller:Global/MD_P602.ALARMS,,Int32
0,Devices/[DemoWWTP]/Controller:Global/MD_P602.RUN_DEL,,Boolean
0,Devices/[DemoWWTP]/Controller:Global/MD_P602.RUN_TIME_RESET_PB,,Boolean
0,Devices/[DemoWWTP]/Controller:Global/MD_P602.STARTS,,Int32
0,Devices/[DemoWWTP]/Controller:Global/MD_P602.HOUR,,Int32
0,Devices/[DemoWWTP]/Controller:Global/MD_P602.MIN,,Int32
0,Devices/[DemoWWTP]/Controller:Global/MD_P602.START_OF_HOUR,,Boolean
0,Devices/[DemoWWTP]/Controller:Global/MD_P602._24HR_STARTS,,Int32
0,Devices/[DemoWWTP]/Controller:Global/MD_P602._24HR_MINUTES,,Int32
0,Devices/[DemoWWTP]/Controller:Global/MD_P602.RUNNING,,Boolean
0,Devices/[DemoWWTP]/Controller:Global/MD_P705.EnableIn,,Boolean
0,Devices/[DemoWWTP]/Controller:Global/MD_P705.EnableOut,,Boolean
0,Devices/[DemoWWTP]/Controller:Global/MD_P705.ONLINE,,Boolean
0,Devices/[DemoWWTP]/Controller:Global/MD_P705.RUFB,,Boolean
0,Devices/[DemoWWTP]/Controller:Global/MD_P705.CBFB,,Boolean
0,Devices/[DemoWWTP]/Controller:Global/MD_P705.EXTFB,,Boolean
0,Devices/[DemoWWTP]/Controller:Global/MD_P705.ISFB,,Boolean
0,Devices/[DemoWWTP]/Controller:Global/MD_P705.MINICAS_EN,,Boolean
0,Devices/[DemoWWTP]/Controller:Global/MD_P705.MINICAS_T,,Boolean
0,Devices/[DemoWWTP]/Controller:Global/MD_P705.MINICAS_L,,Boolean
0,Devices/[DemoWWTP]/Controller:Global/MD_P705.MINICAS_RESET,,Boolean
0,Devices/[DemoWWTP]/Controller:Global/MD_P705.FLOW_PLS,,Boolean
0,Devices/[DemoWWTP]/Controller:Global/MD_P705.RESET,,Boolean
0,Devices/[DemoWWTP]/Controller:Global/MD_P705.SYSTEM_ALARMS_OK,,Boolean
0,Devices/[DemoWWTP]/Controller:Global/MD_P705.SIMULATE,,Boolean
0,Devices/[DemoWWTP]/Controller:Global/MD_P705.AUTO_MANUAL,,Boolean
0,Devices/[DemoWWTP]/Controller:Global/MD_P705.AUTORUN,,Boolean
0,Devices/[DemoWWTP]/Controller:Global/MD_P705.MANUAL_RUN,,Boolean
0,Devices/[DemoWWTP]/Controller:Global/MD_P705.ILOCK,,Boolean
0,Devices/[DemoWWTP]/Controller:Global/MD_P705.AVAIL,,Boolean
0,Devices/[DemoWWTP]/Controller:Global/MD_P705.FAULT,,Boolean
0,Devices/[DemoWWTP]/Controller:Global/MD_P705.ENABLE,,Boolean
0,Devices/[DemoWWTP]/Controller:Global/MD_P705.START_WD,,Int32
0,Devices/[DemoWWTP]/Controller:Global/MD_P705.STOP_WD,,Int32
0,Devices/[DemoWWTP]/Controller:Global/MD_P705.FLOW_SWITCH_EN,,Boolean
0,Devices/[DemoWWTP]/Controller:Global/MD_P705.FLOW_SWITCH,,Boolean
0,Devices/[DemoWWTP]/Controller:Global/MD_P705.FLOWRATE_EN,,Boolean
0,Devices/[DemoWWTP]/Controller:Global/MD_P705.FLOWRATE_PV,,Float
0,Devices/[DemoWWTP]/Controller:Global/MD_P705.FLOWRATE_SP,,Int32
0,Devices/[DemoWWTP]/Controller:Global/MD_P705.NOFLOW_WD,,Int32
0,Devices/[DemoWWTP]/Controller:Global/MD_P705.FLOW_TRANSFER_EN,,Boolean
0,Devices/[DemoWWTP]/Controller:Global/MD_P705.RISE_FALL,,Boolean
0,Devices/[DemoWWTP]/Controller:Global/MD_P705.TANK_LEVEL,,Int32
0,Devices/[DemoWWTP]/Controller:Global/MD_P705.FLOW_TRANSFER_SP,,Int32
0,Devices/[DemoWWTP]/Controller:Global/MD_P705.FLOW_TRANSFER_WD_SP,,Int32
0,Devices/[DemoWWTP]/Controller:Global/MD_P705.RUN_DEL_SP,,Int32
0,Devices/[DemoWWTP]/Controller:Global/MD_P705.RESTART_EN,,Boolean
0,Devices/[DemoWWTP]/Controller:Global/MD_P705.RESTART_DELAY_SP,,Int32
0,Devices/[DemoWWTP]/Controller:Global/MD_P705.RESTART_C_SP,,Int32
0,Devices/[DemoWWTP]/Controller:Global/MD_P705.RESET_AUTO_EN,,Boolean
0,Devices/[DemoWWTP]/Controller:Global/MD_P705.RESET_AUTO_SP,,Int32
0,Devices/[DemoWWTP]/Controller:Global/MD_P705.PRESSURE_PV,,Int32
0,Devices/[DemoWWTP]/Controller:Global/MD_P705.LOW_P_SP,,Float
0,Devices/[DemoWWTP]/Controller:Global/MD_P705.HI_P_SP,,Float
0,Devices/[DemoWWTP]/Controller:Global/MD_P705.LOW_P_WD_SP,,Int32
0,Devices/[DemoWWTP]/Controller:Global/MD_P705.HI_P_WD_SP,,Int32
0,Devices/[DemoWWTP]/Controller:Global/MD_P705.STATUS,,Int32
0,Devices/[DemoWWTP]/Controller:Global/MD_P705.ALARMS,,Int32
0,Devices/[DemoWWTP]/Controller:Global/MD_P705.RUN_DEL,,Boolean
0,Devices/[DemoWWTP]/Controller:Global/MD_P705.RUN_TIME_RESET_PB,,Boolean
0,Devices/[DemoWWTP]/Controller:Global/MD_P705.STARTS,,Int32
0,Devices/[DemoWWTP]/Controller:Global/MD_P705.HOUR,,Int32
0,Devices/[DemoWWTP]/Controller:Global/MD_P705.MIN,,Int32
0,Devices/[DemoWWTP]/Controller:Global/MD_P705.START_OF_HOUR,,Boolean
0,Devices/[DemoWWTP]/Controller:Global/MD_P705._24HR_STARTS,,Int32
0,Devices/[DemoWWTP]/Controller:Global/MD_P705._24HR_MINUTES,,Int32
0,Devices/[DemoWWTP]/Controller:Global/MD_P705.RUNNING,,Boolean
0,Devices/[DemoWWTP]/Controller:Global/MD_SC701.EnableIn,,Boolean
0,Devices/[DemoWWTP]/Controller:Global/MD_SC701.EnableOut,,Boolean
0,Devices/[DemoWWTP]/Controller:Global/MD_SC701.ONLINE,,Boolean
0,Devices/[DemoWWTP]/Controller:Global/MD_SC701.RUFB,,Boolean
0,Devices/[DemoWWTP]/Controller:Global/MD_SC701.CBFB,,Boolean
0,Devices/[DemoWWTP]/Controller:Global/MD_SC701.EXTFB,,Boolean
0,Devices/[DemoWWTP]/Controller:Global/MD_SC701.ISFB,,Boolean
0,Devices/[DemoWWTP]/Controller:Global/MD_SC701.MINICAS_EN,,Boolean
0,Devices/[DemoWWTP]/Controller:Global/MD_SC701.MINICAS_T,,Boolean
0,Devices/[DemoWWTP]/Controller:Global/MD_SC701.MINICAS_L,,Boolean
0,Devices/[DemoWWTP]/Controller:Global/MD_SC701.MINICAS_RESET,,Boolean
0,Devices/[DemoWWTP]/Controller:Global/MD_SC701.FLOW_PLS,,Boolean
0,Devices/[DemoWWTP]/Controller:Global/MD_SC701.RESET,,Boolean
0,Devices/[DemoWWTP]/Controller:Global/MD_SC701.SYSTEM_ALARMS_OK,,Boolean
0,Devices/[DemoWWTP]/Controller:Global/MD_SC701.SIMULATE,,Boolean
0,Devices/[DemoWWTP]/Controller:Global/MD_SC701.AUTO_MANUAL,,Boolean
0,Devices/[DemoWWTP]/Controller:Global/MD_SC701.AUTORUN,,Boolean
0,Devices/[DemoWWTP]/Controller:Global/MD_SC701.MANUAL_RUN,,Boolean
0,Devices/[DemoWWTP]/Controller:Global/MD_SC701.ILOCK,,Boolean
0,Devices/[DemoWWTP]/Controller:Global/MD_SC701.AVAIL,,Boolean
0,Devices/[DemoWWTP]/Controller:Global/MD_SC701.FAULT,,Boolean
0,Devices/[DemoWWTP]/Controller:Global/MD_SC701.ENABLE,,Boolean
0,Devices/[DemoWWTP]/Controller:Global/MD_SC701.START_WD,,Int32
0,Devices/[DemoWWTP]/Controller:Global/MD_SC701.STOP_WD,,Int32
0,Devices/[DemoWWTP]/Controller:Global/MD_SC701.FLOW_SWITCH_EN,,Boolean
0,Devices/[DemoWWTP]/Controller:Global/MD_SC701.FLOW_SWITCH,,Boolean
0,Devices/[DemoWWTP]/Controller:Global/MD_SC701.FLOWRATE_EN,,Boolean
0,Devices/[DemoWWTP]/Controller:Global/MD_SC701.FLOWRATE_PV,,Float
0,Devices/[DemoWWTP]/Controller:Global/MD_SC701.FLOWRATE_SP,,Int32
0,Devices/[DemoWWTP]/Controller:Global/MD_SC701.NOFLOW_WD,,Int32
0,Devices/[DemoWWTP]/Controller:Global/MD_SC701.FLOW_TRANSFER_EN,,Boolean
0,Devices/[DemoWWTP]/Controller:Global/MD_SC701.RISE_FALL,,Boolean
0,Devices/[DemoWWTP]/Controller:Global/MD_SC701.TANK_LEVEL,,Int32
0,Devices/[DemoWWTP]/Controller:Global/MD_SC701.FLOW_TRANSFER_SP,,Int32
0,Devices/[DemoWWTP]/Controller:Global/MD_SC701.FLOW_TRANSFER_WD_SP,,Int32
0,Devices/[DemoWWTP]/Controller:Global/MD_SC701.RUN_DEL_SP,,Int32
0,Devices/[DemoWWTP]/Controller:Global/MD_SC701.RESTART_EN,,Boolean
0,Devices/[DemoWWTP]/Controller:Global/MD_SC701.RESTART_DELAY_SP,,Int32
0,Devices/[DemoWWTP]/Controller:Global/MD_SC701.RESTART_C_SP,,Int32
0,Devices/[DemoWWTP]/Controller:Global/MD_SC701.RESET_AUTO_EN,,Boolean
0,Devices/[DemoWWTP]/Controller:Global/MD_SC701.RESET_AUTO_SP,,Int32
0,Devices/[DemoWWTP]/Controller:Global/MD_SC701.PRESSURE_PV,,Int32
0,Devices/[DemoWWTP]/Controller:Global/MD_SC701.LOW_P_SP,,Float
0,Devices/[DemoWWTP]/Controller:Global/MD_SC701.HI_P_SP,,Float
0,Devices/[DemoWWTP]/Controller:Global/MD_SC701.LOW_P_WD_SP,,Int32
0,Devices/[DemoWWTP]/Controller:Global/MD_SC701.HI_P_WD_SP,,Int32
0,Devices/[DemoWWTP]/Controller:Global/MD_SC701.STATUS,,Int32
0,Devices/[DemoWWTP]/Controller:Global/MD_SC701.ALARMS,,Int32
0,Devices/[DemoWWTP]/Controller:Global/MD_SC701.RUN_DEL,,Boolean
0,Devices/[DemoWWTP]/Controller:Global/MD_SC701.RUN_TIME_RESET_PB,,Boolean
0,Devices/[DemoWWTP]/Controller:Global/MD_SC701.STARTS,,Int32
0,Devices/[DemoWWTP]/Controller:Global/MD_SC701.HOUR,,Int32
0,Devices/[DemoWWTP]/Controller:Global/MD_SC701.MIN,,Int32
0,Devices/[DemoWWTP]/Controller:Global/MD_SC701.START_OF_HOUR,,Boolean
0,Devices/[DemoWWTP]/Controller:Global/MD_SC701._24HR_STARTS,,Int32
0,Devices/[DemoWWTP]/Controller:Global/MD_SC701._24HR_MINUTES,,Int32
0,Devices/[DemoWWTP]/Controller:Global/MD_SC701.RUNNING,,Boolean
0,Devices/[DemoWWTP]/Controller:Global/MD_SCB201.EnableIn,,Boolean
0,Devices/[DemoWWTP]/Controller:Global/MD_SCB201.EnableOut,,Boolean
0,Devices/[DemoWWTP]/Controller:Global/MD_SCB201.ONLINE,,Boolean
0,Devices/[DemoWWTP]/Controller:Global/MD_SCB201.RUFB,,Boolean
0,Devices/[DemoWWTP]/Controller:Global/MD_SCB201.CBFB,,Boolean
0,Devices/[DemoWWTP]/Controller:Global/MD_SCB201.EXTFB,,Boolean
0,Devices/[DemoWWTP]/Controller:Global/MD_SCB201.ISFB,,Boolean
0,Devices/[DemoWWTP]/Controller:Global/MD_SCB201.MINICAS_EN,,Boolean
0,Devices/[DemoWWTP]/Controller:Global/MD_SCB201.MINICAS_T,,Boolean
0,Devices/[DemoWWTP]/Controller:Global/MD_SCB201.MINICAS_L,,Boolean
0,Devices/[DemoWWTP]/Controller:Global/MD_SCB201.MINICAS_RESET,,Boolean
0,Devices/[DemoWWTP]/Controller:Global/MD_SCB201.FLOW_PLS,,Boolean
0,Devices/[DemoWWTP]/Controller:Global/MD_SCB201.RESET,,Boolean
0,Devices/[DemoWWTP]/Controller:Global/MD_SCB201.SYSTEM_ALARMS_OK,,Boolean
0,Devices/[DemoWWTP]/Controller:Global/MD_SCB201.SIMULATE,,Boolean
0,Devices/[DemoWWTP]/Controller:Global/MD_SCB201.AUTO_MANUAL,,Boolean
0,Devices/[DemoWWTP]/Controller:Global/MD_SCB201.AUTORUN,,Boolean
0,Devices/[DemoWWTP]/Controller:Global/MD_SCB201.MANUAL_RUN,,Boolean
0,Devices/[DemoWWTP]/Controller:Global/MD_SCB201.ILOCK,,Boolean
0,Devices/[DemoWWTP]/Controller:Global/MD_SCB201.AVAIL,,Boolean
0,Devices/[DemoWWTP]/Controller:Global/MD_SCB201.FAULT,,Boolean
0,Devices/[DemoWWTP]/Controller:Global/MD_SCB201.ENABLE,,Boolean
0,Devices/[DemoWWTP]/Controller:Global/MD_SCB201.START_WD,,Int32
0,Devices/[DemoWWTP]/Controller:Global/MD_SCB201.STOP_WD,,Int32
0,Devices/[DemoWWTP]/Controller:Global/MD_SCB201.FLOW_SWITCH_EN,,Boolean
0,Devices/[DemoWWTP]/Controller:Global/MD_SCB201.FLOW_SWITCH,,Boolean
0,Devices/[DemoWWTP]/Controller:Global/MD_SCB201.FLOWRATE_EN,,Boolean
0,Devices/[DemoWWTP]/Controller:Global/MD_SCB201.FLOWRATE_PV,,Float
0,Devices/[DemoWWTP]/Controller:Global/MD_SCB201.FLOWRATE_SP,,Int32
0,Devices/[DemoWWTP]/Controller:Global/MD_SCB201.NOFLOW_WD,,Int32
0,Devices/[DemoWWTP]/Controller:Global/MD_SCB201.FLOW_TRANSFER_EN,,Boolean
0,Devices/[DemoWWTP]/Controller:Global/MD_SCB201.RISE_FALL,,Boolean
0,Devices/[DemoWWTP]/Controller:Global/MD_SCB201.TANK_LEVEL,,Int32
0,Devices/[DemoWWTP]/Controller:Global/MD_SCB201.FLOW_TRANSFER_SP,,Int32
0,Devices/[DemoWWTP]/Controller:Global/MD_SCB201.FLOW_TRANSFER_WD_SP,,Int32
0,Devices/[DemoWWTP]/Controller:Global/MD_SCB201.RUN_DEL_SP,,Int32
0,Devices/[DemoWWTP]/Controller:Global/MD_SCB201.RESTART_EN,,Boolean
0,Devices/[DemoWWTP]/Controller:Global/MD_SCB201.RESTART_DELAY_SP,,Int32
0,Devices/[DemoWWTP]/Controller:Global/MD_SCB201.RESTART_C_SP,,Int32
0,Devices/[DemoWWTP]/Controller:Global/MD_SCB201.RESET_AUTO_EN,,Boolean
0,Devices/[DemoWWTP]/Controller:Global/MD_SCB201.RESET_AUTO_SP,,Int32
0,Devices/[DemoWWTP]/Controller:Global/MD_SCB201.PRESSURE_PV,,Int32
0,Devices/[DemoWWTP]/Controller:Global/MD_SCB201.LOW_P_SP,,Float
0,Devices/[DemoWWTP]/Controller:Global/MD_SCB201.HI_P_SP,,Float
0,Devices/[DemoWWTP]/Controller:Global/MD_SCB201.LOW_P_WD_SP,,Int32
0,Devices/[DemoWWTP]/Controller:Global/MD_SCB201.HI_P_WD_SP,,Int32
0,Devices/[DemoWWTP]/Controller:Global/MD_SCB201.STATUS,,Int32
0,Devices/[DemoWWTP]/Controller:Global/MD_SCB201.ALARMS,,Int32
0,Devices/[DemoWWTP]/Controller:Global/MD_SCB201.RUN_DEL,,Boolean
0,Devices/[DemoWWTP]/Controller:Global/MD_SCB201.RUN_TIME_RESET_PB,,Boolean
0,Devices/[DemoWWTP]/Controller:Global/MD_SCB201.STARTS,,Int32
0,Devices/[DemoWWTP]/Controller:Global/MD_SCB201.HOUR,,Int32
0,Devices/[DemoWWTP]/Controller:Global/MD_SCB201.MIN,,Int32
0,Devices/[DemoWWTP]/Controller:Global/MD_SCB201.START_OF_HOUR,,Boolean
0,Devices/[DemoWWTP]/Controller:Global/MD_SCB201._24HR_STARTS,,Int32
0,Devices/[DemoWWTP]/Controller:Global/MD_SCB201._24HR_MINUTES,,Int32
0,Devices/[DemoWWTP]/Controller:Global/MD_SCB201.RUNNING,,Boolean
0,Devices/[DemoWWTP]/Controller:Global/MD_SCB301.EnableIn,,Boolean
0,Devices/[DemoWWTP]/Controller:Global/MD_SCB301.EnableOut,,Boolean
0,Devices/[DemoWWTP]/Controller:Global/MD_SCB301.ONLINE,,Boolean
0,Devices/[DemoWWTP]/Controller:Global/MD_SCB301.RUFB,,Boolean
0,Devices/[DemoWWTP]/Controller:Global/MD_SCB301.CBFB,,Boolean
0,Devices/[DemoWWTP]/Controller:Global/MD_SCB301.EXTFB,,Boolean
0,Devices/[DemoWWTP]/Controller:Global/MD_SCB301.ISFB,,Boolean
0,Devices/[DemoWWTP]/Controller:Global/MD_SCB301.MINICAS_EN,,Boolean
0,Devices/[DemoWWTP]/Controller:Global/MD_SCB301.MINICAS_T,,Boolean
0,Devices/[DemoWWTP]/Controller:Global/MD_SCB301.MINICAS_L,,Boolean
0,Devices/[DemoWWTP]/Controller:Global/MD_SCB301.MINICAS_RESET,,Boolean
0,Devices/[DemoWWTP]/Controller:Global/MD_SCB301.FLOW_PLS,,Boolean
0,Devices/[DemoWWTP]/Controller:Global/MD_SCB301.RESET,,Boolean
0,Devices/[DemoWWTP]/Controller:Global/MD_SCB301.SYSTEM_ALARMS_OK,,Boolean
0,Devices/[DemoWWTP]/Controller:Global/MD_SCB301.SIMULATE,,Boolean
0,Devices/[DemoWWTP]/Controller:Global/MD_SCB301.AUTO_MANUAL,,Boolean
0,Devices/[DemoWWTP]/Controller:Global/MD_SCB301.AUTORUN,,Boolean
0,Devices/[DemoWWTP]/Controller:Global/MD_SCB301.MANUAL_RUN,,Boolean
0,Devices/[DemoWWTP]/Controller:Global/MD_SCB301.ILOCK,,Boolean
0,Devices/[DemoWWTP]/Controller:Global/MD_SCB301.AVAIL,,Boolean
0,Devices/[DemoWWTP]/Controller:Global/MD_SCB301.FAULT,,Boolean
0,Devices/[DemoWWTP]/Controller:Global/MD_SCB301.ENABLE,,Boolean
0,Devices/[DemoWWTP]/Controller:Global/MD_SCB301.START_WD,,Int32
0,Devices/[DemoWWTP]/Controller:Global/MD_SCB301.STOP_WD,,Int32
0,Devices/[DemoWWTP]/Controller:Global/MD_SCB301.FLOW_SWITCH_EN,,Boolean
0,Devices/[DemoWWTP]/Controller:Global/MD_SCB301.FLOW_SWITCH,,Boolean
0,Devices/[DemoWWTP]/Controller:Global/MD_SCB301.FLOWRATE_EN,,Boolean
0,Devices/[DemoWWTP]/Controller:Global/MD_SCB301.FLOWRATE_PV,,Float
0,Devices/[DemoWWTP]/Controller:Global/MD_SCB301.FLOWRATE_SP,,Int32
0,Devices/[DemoWWTP]/Controller:Global/MD_SCB301.NOFLOW_WD,,Int32
0,Devices/[DemoWWTP]/Controller:Global/MD_SCB301.FLOW_TRANSFER_EN,,Boolean
0,Devices/[DemoWWTP]/Controller:Global/MD_SCB301.RISE_FALL,,Boolean
0,Devices/[DemoWWTP]/Controller:Global/MD_SCB301.TANK_LEVEL,,Int32
0,Devices/[DemoWWTP]/Controller:Global/MD_SCB301.FLOW_TRANSFER_SP,,Int32
0,Devices/[DemoWWTP]/Controller:Global/MD_SCB301.FLOW_TRANSFER_WD_SP,,Int32
0,Devices/[DemoWWTP]/Controller:Global/MD_SCB301.RUN_DEL_SP,,Int32
0,Devices/[DemoWWTP]/Controller:Global/MD_SCB301.RESTART_EN,,Boolean
0,Devices/[DemoWWTP]/Controller:Global/MD_SCB301.RESTART_DELAY_SP,,Int32
0,Devices/[DemoWWTP]/Controller:Global/MD_SCB301.RESTART_C_SP,,Int32
0,Devices/[DemoWWTP]/Controller:Global/MD_SCB301.RESET_AUTO_EN,,Boolean
0,Devices/[DemoWWTP]/Controller:Global/MD_SCB301.RESET_AUTO_SP,,Int32
0,Devices/[DemoWWTP]/Controller:Global/MD_SCB301.PRESSURE_PV,,Int32
0,Devices/[DemoWWTP]/Controller:Global/MD_SCB301.LOW_P_SP,,Float
0,Devices/[DemoWWTP]/Controller:Global/MD_SCB301.HI_P_SP,,Float
0,Devices/[DemoWWTP]/Controller:Global/MD_SCB301.LOW_P_WD_SP,,Int32
0,Devices/[DemoWWTP]/Controller:Global/MD_SCB301.HI_P_WD_SP,,Int32
0,Devices/[DemoWWTP]/Controller:Global/MD_SCB301.STATUS,,Int32
0,Devices/[DemoWWTP]/Controller:Global/MD_SCB301.ALARMS,,Int32
0,Devices/[DemoWWTP]/Controller:Global/MD_SCB301.RUN_DEL,,Boolean
0,Devices/[DemoWWTP]/Controller:Global/MD_SCB301.RUN_TIME_RESET_PB,,Boolean
0,Devices/[DemoWWTP]/Controller:Global/MD_SCB301.STARTS,,Int32
0,Devices/[DemoWWTP]/Controller:Global/MD_SCB301.HOUR,,Int32
0,Devices/[DemoWWTP]/Controller:Global/MD_SCB301.MIN,,Int32
0,Devices/[DemoWWTP]/Controller:Global/MD_SCB301.START_OF_HOUR,,Boolean
0,Devices/[DemoWWTP]/Controller:Global/MD_SCB301._24HR_STARTS,,Int32
0,Devices/[DemoWWTP]/Controller:Global/MD_SCB301._24HR_MINUTES,,Int32
0,Devices/[DemoWWTP]/Controller:Global/MD_SCB301.RUNNING,,Boolean
0,Devices/[DemoWWTP]/Controller:Global/MD_SM101.EnableIn,,Boolean
0,Devices/[DemoWWTP]/Controller:Global/MD_SM101.EnableOut,,Boolean
0,Devices/[DemoWWTP]/Controller:Global/MD_SM101.RUFB,,Boolean
0,Devices/[DemoWWTP]/Controller:Global/MD_SM101.RURFB,,Boolean
0,Devices/[DemoWWTP]/Controller:Global/MD_SM101.CBFB,,Boolean
0,Devices/[DemoWWTP]/Controller:Global/MD_SM101.ISFB,,Boolean
0,Devices/[DemoWWTP]/Controller:Global/MD_SM101.FLOW_PLS,,Boolean
0,Devices/[DemoWWTP]/Controller:Global/MD_SM101.RESET,,Boolean
0,Devices/[DemoWWTP]/Controller:Global/MD_SM101.SYSTEM_ALARMS_OK,,Boolean
0,Devices/[DemoWWTP]/Controller:Global/MD_SM101.SIMULATE,,Boolean
0,Devices/[DemoWWTP]/Controller:Global/MD_SM101.AUTO_MANUAL,,Boolean
0,Devices/[DemoWWTP]/Controller:Global/MD_SM101.AUTORUN,,Boolean
0,Devices/[DemoWWTP]/Controller:Global/MD_SM101.AUTORUN_REV,,Boolean
0,Devices/[DemoWWTP]/Controller:Global/MD_SM101.MANUAL_RUN,,Boolean
0,Devices/[DemoWWTP]/Controller:Global/MD_SM101.ILOCK,,Boolean
0,Devices/[DemoWWTP]/Controller:Global/MD_SM101.AVAIL,,Boolean
0,Devices/[DemoWWTP]/Controller:Global/MD_SM101.FAULT,,Boolean
0,Devices/[DemoWWTP]/Controller:Global/MD_SM101.ENABLE,,Boolean
0,Devices/[DemoWWTP]/Controller:Global/MD_SM101.REV_ENABLE,,Boolean
0,Devices/[DemoWWTP]/Controller:Global/MD_SM101.DIRECTION_CHANGE_DELAY_SP,,Int32
0,Devices/[DemoWWTP]/Controller:Global/MD_SM101.START_WD,,Int32
0,Devices/[DemoWWTP]/Controller:Global/MD_SM101.STOP_WD,,Int32
0,Devices/[DemoWWTP]/Controller:Global/MD_SM101.FLOW_SWITCH_EN,,Boolean
0,Devices/[DemoWWTP]/Controller:Global/MD_SM101.FLOW_SWITCH,,Boolean
0,Devices/[DemoWWTP]/Controller:Global/MD_SM101.FLOWRATE_PV,,Float
0,Devices/[DemoWWTP]/Controller:Global/MD_SM101.NO_FLOW_SP,,Int32
0,Devices/[DemoWWTP]/Controller:Global/MD_SM101.NOFLOW_WD,,Int32
0,Devices/[DemoWWTP]/Controller:Global/MD_SM101.RUN_DEL_SP,,Int32
0,Devices/[DemoWWTP]/Controller:Global/MD_SM101.RESTART_EN,,Boolean
0,Devices/[DemoWWTP]/Controller:Global/MD_SM101.RESTART_DELAY_SP,,Int32
0,Devices/[DemoWWTP]/Controller:Global/MD_SM101.RESTART_C_SP,,Int32
0,Devices/[DemoWWTP]/Controller:Global/MD_SM101.RESET_AUTO_EN,,Boolean
0,Devices/[DemoWWTP]/Controller:Global/MD_SM101.RESET_AUTO_SP,,Int32
0,Devices/[DemoWWTP]/Controller:Global/MD_SM101.PRESSURE_PV,,Int32
0,Devices/[DemoWWTP]/Controller:Global/MD_SM101.LOW_P_SP,,Float
0,Devices/[DemoWWTP]/Controller:Global/MD_SM101.HI_P_SP,,Float
0,Devices/[DemoWWTP]/Controller:Global/MD_SM101.LOW_P_WD_SP,,Int32
0,Devices/[DemoWWTP]/Controller:Global/MD_SM101.HI_P_WD_SP,,Int32
0,Devices/[DemoWWTP]/Controller:Global/MD_SM101.STATUS,,Int32
0,Devices/[DemoWWTP]/Controller:Global/MD_SM101.ALARMS,,Int32
0,Devices/[DemoWWTP]/Controller:Global/MD_SM101.RUN_DEL,,Boolean
0,Devices/[DemoWWTP]/Controller:Global/MD_SM101.RUN_TIME_RESET_PB,,Boolean
0,Devices/[DemoWWTP]/Controller:Global/MD_SM101.STARTS,,Int32
0,Devices/[DemoWWTP]/Controller:Global/MD_SM101.HOUR,,Int32
0,Devices/[DemoWWTP]/Controller:Global/MD_SM101.MIN,,Int32
0,Devices/[DemoWWTP]/Controller:Global/MD_SM101.START_OF_HOUR,,Boolean
0,Devices/[DemoWWTP]/Controller:Global/MD_SM101._24HR_STARTS,,Int32
0,Devices/[DemoWWTP]/Controller:Global/MD_SM101._24HR_MINUTES,,Int32
0,Devices/[DemoWWTP]/Controller:Global/MD_SM101.RUNNING,,Boolean
0,Devices/[DemoWWTP]/Controller:Global/MD_SM101.RUNNING_REVERSE,,Boolean
0,Devices/[DemoWWTP]/Controller:Global/MINOR_FAULTS,,Int32
0,Devices/[DemoWWTP]/Controller:Global/MINOR_FAULTS_BITS,,Int32
0,Devices/[DemoWWTP]/Controller:Global/NCT401.EnableIn,,Boolean
0,Devices/[DemoWWTP]/Controller:Global/NCT401.EnableOut,,Boolean
0,Devices/[DemoWWTP]/Controller:Global/NCT401.INPUT_PV,,Float
0,Devices/[DemoWWTP]/Controller:Global/NCT401.OWL_SP,,Int32
0,Devices/[DemoWWTP]/Controller:Global/NCT401.HWL_SP,,Int32
0,Devices/[DemoWWTP]/Controller:Global/NCT401.MWL_SP,,Int32
0,Devices/[DemoWWTP]/Controller:Global/NCT401.LWL_SP,,Int32
0,Devices/[DemoWWTP]/Controller:Global/NCT401.XWL_SP,,Int32
0,Devices/[DemoWWTP]/Controller:Global/NCT401.TWL_SP,,Int32
0,Devices/[DemoWWTP]/Controller:Global/NCT401.OWL_OUT,,Boolean
0,Devices/[DemoWWTP]/Controller:Global/NCT401.HWL_OUT,,Boolean
0,Devices/[DemoWWTP]/Controller:Global/NCT401.MWL_OUT,,Boolean
0,Devices/[DemoWWTP]/Controller:Global/NCT401.LWL_OUT,,Boolean
0,Devices/[DemoWWTP]/Controller:Global/NCT401.XWL_OUT,,Boolean
0,Devices/[DemoWWTP]/Controller:Global/NCT401.TWL_OUT,,Boolean
0,Devices/[DemoWWTP]/Controller:Global/NCT401.TANK_DIAMETER,,Float
0,Devices/[DemoWWTP]/Controller:Global/NCT401.TANK_HEIGHT,,Float
0,Devices/[DemoWWTP]/Controller:Global/NCT401.ERROR,,Boolean
0,Devices/[DemoWWTP]/Controller:Global/NCT401.TANK_AREA_OUT,,Int32
0,Devices/[DemoWWTP]/Controller:Global/NCT401.CURRENT_VOLUME_TOTAL_OUT,,Int32
0,Devices/[DemoWWTP]/Controller:Global/NCT401.VOLUME_ABOVE_LWL_OUT,,Int32
0,Devices/[DemoWWTP]/Controller:Global/NCT401.VOLUME_BELOW_HWL_OUT,,Int32
0,Devices/[DemoWWTP]/Controller:Global/NCT401.FILL_PERCENTAGE_OUT,,Int32
0,Devices/[DemoWWTP]/Controller:Global/NOP,,Boolean
0,Devices/[DemoWWTP]/Controller:Global/ONS1,,Int32
0,Devices/[DemoWWTP]/Controller:Global/ONS11,,Int32
0,Devices/[DemoWWTP]/Controller:Global/ONS14,,Int32
0,Devices/[DemoWWTP]/Controller:Global/ONS2,,Int32
0,Devices/[DemoWWTP]/Controller:Global/OPT501.EnableIn,,Boolean
0,Devices/[DemoWWTP]/Controller:Global/OPT501.EnableOut,,Boolean
0,Devices/[DemoWWTP]/Controller:Global/OPT501.INPUT_PV,,Float
0,Devices/[DemoWWTP]/Controller:Global/OPT501.OWL_SP,,Int32
0,Devices/[DemoWWTP]/Controller:Global/OPT501.HWL_SP,,Int32
0,Devices/[DemoWWTP]/Controller:Global/OPT501.MWL_SP,,Int32
0,Devices/[DemoWWTP]/Controller:Global/OPT501.LWL_SP,,Int32
0,Devices/[DemoWWTP]/Controller:Global/OPT501.XWL_SP,,Int32
0,Devices/[DemoWWTP]/Controller:Global/OPT501.TWL_SP,,Int32
0,Devices/[DemoWWTP]/Controller:Global/OPT501.OWL_OUT,,Boolean
0,Devices/[DemoWWTP]/Controller:Global/OPT501.HWL_OUT,,Boolean
0,Devices/[DemoWWTP]/Controller:Global/OPT501.MWL_OUT,,Boolean
0,Devices/[DemoWWTP]/Controller:Global/OPT501.LWL_OUT,,Boolean
0,Devices/[DemoWWTP]/Controller:Global/OPT501.XWL_OUT,,Boolean
0,Devices/[DemoWWTP]/Controller:Global/OPT501.TWL_OUT,,Boolean
0,Devices/[DemoWWTP]/Controller:Global/OPT501.TANK_DIAMETER,,Float
0,Devices/[DemoWWTP]/Controller:Global/OPT501.TANK_HEIGHT,,Float
0,Devices/[DemoWWTP]/Controller:Global/OPT501.ERROR,,Boolean
0,Devices/[DemoWWTP]/Controller:Global/OPT501.TANK_AREA_OUT,,Int32
0,Devices/[DemoWWTP]/Controller:Global/OPT501.CURRENT_VOLUME_TOTAL_OUT,,Int32
0,Devices/[DemoWWTP]/Controller:Global/OPT501.VOLUME_ABOVE_LWL_OUT,,Int32
0,Devices/[DemoWWTP]/Controller:Global/OPT501.VOLUME_BELOW_HWL_OUT,,Int32
0,Devices/[DemoWWTP]/Controller:Global/OPT501.FILL_PERCENTAGE_OUT,,Int32
0,Devices/[DemoWWTP]/Controller:Global/OPT501_LWL_EPT.DN,,Boolean
0,Devices/[DemoWWTP]/Controller:Global/OPT501_LWL_EPT.EN,,Boolean
0,Devices/[DemoWWTP]/Controller:Global/OPT501_LWL_EPT.TT,,Boolean
0,Devices/[DemoWWTP]/Controller:Global/OPT501_LWL_EPT.PRE,,Int32
0,Devices/[DemoWWTP]/Controller:Global/OPT501_LWL_EPT.ACC,,Int32
0,Devices/[DemoWWTP]/Controller:Global/OPT_OK_TO_TRANSFER,,Boolean
0,Devices/[DemoWWTP]/Controller:Global/OUTSIDE_WORKING_HOURS,,Boolean
0,Devices/[DemoWWTP]/Controller:Global/P402_AI.EnableIn,,Boolean
0,Devices/[DemoWWTP]/Controller:Global/P402_AI.EnableOut,,Boolean
0,Devices/[DemoWWTP]/Controller:Global/P402_AI.Raw,,Int16
0,Devices/[DemoWWTP]/Controller:Global/P402_AI.RawMin,,Int16
0,Devices/[DemoWWTP]/Controller:Global/P402_AI.RawMax,,Int16
0,Devices/[DemoWWTP]/Controller:Global/P402_AI.EngMin,,Float
0,Devices/[DemoWWTP]/Controller:Global/P402_AI.EngMax,,Float
0,Devices/[DemoWWTP]/Controller:Global/P402_AI.AI_Ext,,Boolean
0,Devices/[DemoWWTP]/Controller:Global/P402_AI.AI_En,,Boolean
0,Devices/[DemoWWTP]/Controller:Global/P402_AI.Sim,,Boolean
0,Devices/[DemoWWTP]/Controller:Global/P402_AI.Reset,,Boolean
0,Devices/[DemoWWTP]/Controller:Global/P402_AI.Scaled,,Float
0,Devices/[DemoWWTP]/Controller:Global/P402_AI.PV,,Float
0,Devices/[DemoWWTP]/Controller:Global/P402_AI.AvgCntSP,,Int32
0,Devices/[DemoWWTP]/Controller:Global/P402_AI.ResetPB,,Boolean
0,Devices/[DemoWWTP]/Controller:Global/P402_AI.HiHi_En,,Boolean
0,Devices/[DemoWWTP]/Controller:Global/P402_AI.Hi_En,,Boolean
0,Devices/[DemoWWTP]/Controller:Global/P402_AI.Lo_En,,Boolean
0,Devices/[DemoWWTP]/Controller:Global/P402_AI.LoLo_En,,Boolean
0,Devices/[DemoWWTP]/Controller:Global/P402_AI.HiHi_ASP,,Float
0,Devices/[DemoWWTP]/Controller:Global/P402_AI.Hi_ASP,,Float
0,Devices/[DemoWWTP]/Controller:Global/P402_AI.Lo_ASP,,Float
0,Devices/[DemoWWTP]/Controller:Global/P402_AI.LoLo_ASP,,Float
0,Devices/[DemoWWTP]/Controller:Global/P402_AI.TxFlt_Time,,Float
0,Devices/[DemoWWTP]/Controller:Global/P402_AI.HiHi_Time,,Float
0,Devices/[DemoWWTP]/Controller:Global/P402_AI.Hi_Time,,Float
0,Devices/[DemoWWTP]/Controller:Global/P402_AI.Lo_Time,,Float
0,Devices/[DemoWWTP]/Controller:Global/P402_AI.LoLo_Time,,Float
0,Devices/[DemoWWTP]/Controller:Global/P402_AI.Avail,,Boolean
0,Devices/[DemoWWTP]/Controller:Global/P402_AI.Alarms,,Int16
0,Devices/[DemoWWTP]/Controller:Global/P402_AI.Fault,,Boolean
0,Devices/[DemoWWTP]/Controller:Global/P402_AI.TxFlt,,Boolean
0,Devices/[DemoWWTP]/Controller:Global/P402_AI.HiHi,,Boolean
0,Devices/[DemoWWTP]/Controller:Global/P402_AI.Hi,,Boolean
0,Devices/[DemoWWTP]/Controller:Global/P402_AI.Lo,,Boolean
0,Devices/[DemoWWTP]/Controller:Global/P402_AI.LoLo,,Boolean
0,Devices/[DemoWWTP]/Controller:Global/P402_AI.FQ_Wrn,,Boolean
0,Devices/[DemoWWTP]/Controller:Global/P402_AI.Sim_Alm_En,,Boolean
0,Devices/[DemoWWTP]/Controller:Global/P402_AI.ExtReset,,Boolean
0,Devices/[DemoWWTP]/Controller:Global/P402_AI.Latch_Time,,Float
0,Devices/[DemoWWTP]/Controller:Global/P402_AI.RecordStats,,Boolean
0,Devices/[DemoWWTP]/Controller:Global/P402_AI.ResetStats,,Boolean
0,Devices/[DemoWWTP]/Controller:Global/P402_AI.RecMin,,Float
0,Devices/[DemoWWTP]/Controller:Global/P402_AI.RecMax,,Float
0,Devices/[DemoWWTP]/Controller:Global/P402_AI.RecAvg,,Float
0,Devices/[DemoWWTP]/Controller:Global/P402_AI.RecMinPrev,,Float
0,Devices/[DemoWWTP]/Controller:Global/P402_AI.RecMaxPrev,,Float
0,Devices/[DemoWWTP]/Controller:Global/P402_AI.RecAvgPrev,,Float
0,Devices/[DemoWWTP]/Controller:Global/P403_AI.EnableIn,,Boolean
0,Devices/[DemoWWTP]/Controller:Global/P403_AI.EnableOut,,Boolean
0,Devices/[DemoWWTP]/Controller:Global/P403_AI.Raw,,Int16
0,Devices/[DemoWWTP]/Controller:Global/P403_AI.RawMin,,Int16
0,Devices/[DemoWWTP]/Controller:Global/P403_AI.RawMax,,Int16
0,Devices/[DemoWWTP]/Controller:Global/P403_AI.EngMin,,Float
0,Devices/[DemoWWTP]/Controller:Global/P403_AI.EngMax,,Float
0,Devices/[DemoWWTP]/Controller:Global/P403_AI.AI_Ext,,Boolean
0,Devices/[DemoWWTP]/Controller:Global/P403_AI.AI_En,,Boolean
0,Devices/[DemoWWTP]/Controller:Global/P403_AI.Sim,,Boolean
0,Devices/[DemoWWTP]/Controller:Global/P403_AI.Reset,,Boolean
0,Devices/[DemoWWTP]/Controller:Global/P403_AI.Scaled,,Float
0,Devices/[DemoWWTP]/Controller:Global/P403_AI.PV,,Float
0,Devices/[DemoWWTP]/Controller:Global/P403_AI.AvgCntSP,,Int32
0,Devices/[DemoWWTP]/Controller:Global/P403_AI.ResetPB,,Boolean
0,Devices/[DemoWWTP]/Controller:Global/P403_AI.HiHi_En,,Boolean
0,Devices/[DemoWWTP]/Controller:Global/P403_AI.Hi_En,,Boolean
0,Devices/[DemoWWTP]/Controller:Global/P403_AI.Lo_En,,Boolean
0,Devices/[DemoWWTP]/Controller:Global/P403_AI.LoLo_En,,Boolean
0,Devices/[DemoWWTP]/Controller:Global/P403_AI.HiHi_ASP,,Float
0,Devices/[DemoWWTP]/Controller:Global/P403_AI.Hi_ASP,,Float
0,Devices/[DemoWWTP]/Controller:Global/P403_AI.Lo_ASP,,Float
0,Devices/[DemoWWTP]/Controller:Global/P403_AI.LoLo_ASP,,Float
0,Devices/[DemoWWTP]/Controller:Global/P403_AI.TxFlt_Time,,Float
0,Devices/[DemoWWTP]/Controller:Global/P403_AI.HiHi_Time,,Float
0,Devices/[DemoWWTP]/Controller:Global/P403_AI.Hi_Time,,Float
0,Devices/[DemoWWTP]/Controller:Global/P403_AI.Lo_Time,,Float
0,Devices/[DemoWWTP]/Controller:Global/P403_AI.LoLo_Time,,Float
0,Devices/[DemoWWTP]/Controller:Global/P403_AI.Avail,,Boolean
0,Devices/[DemoWWTP]/Controller:Global/P403_AI.Alarms,,Int16
0,Devices/[DemoWWTP]/Controller:Global/P403_AI.Fault,,Boolean
0,Devices/[DemoWWTP]/Controller:Global/P403_AI.TxFlt,,Boolean
0,Devices/[DemoWWTP]/Controller:Global/P403_AI.HiHi,,Boolean
0,Devices/[DemoWWTP]/Controller:Global/P403_AI.Hi,,Boolean
0,Devices/[DemoWWTP]/Controller:Global/P403_AI.Lo,,Boolean
0,Devices/[DemoWWTP]/Controller:Global/P403_AI.LoLo,,Boolean
0,Devices/[DemoWWTP]/Controller:Global/P403_AI.FQ_Wrn,,Boolean
0,Devices/[DemoWWTP]/Controller:Global/P403_AI.Sim_Alm_En,,Boolean
0,Devices/[DemoWWTP]/Controller:Global/P403_AI.ExtReset,,Boolean
0,Devices/[DemoWWTP]/Controller:Global/P403_AI.Latch_Time,,Float
0,Devices/[DemoWWTP]/Controller:Global/P403_AI.RecordStats,,Boolean
0,Devices/[DemoWWTP]/Controller:Global/P403_AI.ResetStats,,Boolean
0,Devices/[DemoWWTP]/Controller:Global/P403_AI.RecMin,,Float
0,Devices/[DemoWWTP]/Controller:Global/P403_AI.RecMax,,Float
0,Devices/[DemoWWTP]/Controller:Global/P403_AI.RecAvg,,Float
0,Devices/[DemoWWTP]/Controller:Global/P403_AI.RecMinPrev,,Float
0,Devices/[DemoWWTP]/Controller:Global/P403_AI.RecMaxPrev,,Float
0,Devices/[DemoWWTP]/Controller:Global/P403_AI.RecAvgPrev,,Float
0,Devices/[DemoWWTP]/Controller:Global/PHASE_FAIL_FILTER.DN,,Boolean
0,Devices/[DemoWWTP]/Controller:Global/PHASE_FAIL_FILTER.EN,,Boolean
0,Devices/[DemoWWTP]/Controller:Global/PHASE_FAIL_FILTER.TT,,Boolean
0,Devices/[DemoWWTP]/Controller:Global/PHASE_FAIL_FILTER.PRE,,Int32
0,Devices/[DemoWWTP]/Controller:Global/PHASE_FAIL_FILTER.ACC,,Int32
0,Devices/[DemoWWTP]/Controller:Global/PIT_CURRENT_LEVEL,,Int32
0,Devices/[DemoWWTP]/Controller:Global/PIT_PREVIOUS_LEVEL_LIM1,,Int32
0,Devices/[DemoWWTP]/Controller:Global/PIT_PREVIOUS_LEVEL_LIM2,,Int32
0,Devices/[DemoWWTP]/Controller:Global/PLC_LOW_BATTERY.DN,,Boolean
0,Devices/[DemoWWTP]/Controller:Global/PLC_LOW_BATTERY.EN,,Boolean
0,Devices/[DemoWWTP]/Controller:Global/PLC_LOW_BATTERY.TT,,Boolean
0,Devices/[DemoWWTP]/Controller:Global/PLC_LOW_BATTERY.PRE,,Int32
0,Devices/[DemoWWTP]/Controller:Global/PLC_LOW_BATTERY.ACC,,Int32
0,Devices/[DemoWWTP]/Controller:Global/PLS101.EnableIn,,Boolean
0,Devices/[DemoWWTP]/Controller:Global/PLS101.EnableOut,,Boolean
0,Devices/[DemoWWTP]/Controller:Global/PLS101.INPUT_PV,,Float
0,Devices/[DemoWWTP]/Controller:Global/PLS101.OWL_SP,,Int32
0,Devices/[DemoWWTP]/Controller:Global/PLS101.HWL_SP,,Int32
0,Devices/[DemoWWTP]/Controller:Global/PLS101.MWL_SP,,Int32
0,Devices/[DemoWWTP]/Controller:Global/PLS101.LWL_SP,,Int32
0,Devices/[DemoWWTP]/Controller:Global/PLS101.XWL_SP,,Int32
0,Devices/[DemoWWTP]/Controller:Global/PLS101.TWL_SP,,Int32
0,Devices/[DemoWWTP]/Controller:Global/PLS101.OWL_OUT,,Boolean
0,Devices/[DemoWWTP]/Controller:Global/PLS101.HWL_OUT,,Boolean
0,Devices/[DemoWWTP]/Controller:Global/PLS101.MWL_OUT,,Boolean
0,Devices/[DemoWWTP]/Controller:Global/PLS101.LWL_OUT,,Boolean
0,Devices/[DemoWWTP]/Controller:Global/PLS101.XWL_OUT,,Boolean
0,Devices/[DemoWWTP]/Controller:Global/PLS101.TWL_OUT,,Boolean
0,Devices/[DemoWWTP]/Controller:Global/PLS101.TANK_DIAMETER,,Float
0,Devices/[DemoWWTP]/Controller:Global/PLS101.TANK_HEIGHT,,Float
0,Devices/[DemoWWTP]/Controller:Global/PLS101.ERROR,,Boolean
0,Devices/[DemoWWTP]/Controller:Global/PLS101.TANK_AREA_OUT,,Int32
0,Devices/[DemoWWTP]/Controller:Global/PLS101.CURRENT_VOLUME_TOTAL_OUT,,Int32
0,Devices/[DemoWWTP]/Controller:Global/PLS101.VOLUME_ABOVE_LWL_OUT,,Int32
0,Devices/[DemoWWTP]/Controller:Global/PLS101.VOLUME_BELOW_HWL_OUT,,Int32
0,Devices/[DemoWWTP]/Controller:Global/PLS101.FILL_PERCENTAGE_OUT,,Int32
0,Devices/[DemoWWTP]/Controller:Global/PLS101_AI.EnableIn,,Boolean
0,Devices/[DemoWWTP]/Controller:Global/PLS101_AI.EnableOut,,Boolean
0,Devices/[DemoWWTP]/Controller:Global/PLS101_AI.Raw,,Int16
0,Devices/[DemoWWTP]/Controller:Global/PLS101_AI.RawMin,,Int16
0,Devices/[DemoWWTP]/Controller:Global/PLS101_AI.RawMax,,Int16
0,Devices/[DemoWWTP]/Controller:Global/PLS101_AI.EngMin,,Float
0,Devices/[DemoWWTP]/Controller:Global/PLS101_AI.EngMax,,Float
0,Devices/[DemoWWTP]/Controller:Global/PLS101_AI.AI_Ext,,Boolean
0,Devices/[DemoWWTP]/Controller:Global/PLS101_AI.AI_En,,Boolean
0,Devices/[DemoWWTP]/Controller:Global/PLS101_AI.Sim,,Boolean
0,Devices/[DemoWWTP]/Controller:Global/PLS101_AI.Reset,,Boolean
0,Devices/[DemoWWTP]/Controller:Global/PLS101_AI.Scaled,,Float
0,Devices/[DemoWWTP]/Controller:Global/PLS101_AI.PV,,Float
0,Devices/[DemoWWTP]/Controller:Global/PLS101_AI.AvgCntSP,,Int32
0,Devices/[DemoWWTP]/Controller:Global/PLS101_AI.ResetPB,,Boolean
0,Devices/[DemoWWTP]/Controller:Global/PLS101_AI.HiHi_En,,Boolean
0,Devices/[DemoWWTP]/Controller:Global/PLS101_AI.Hi_En,,Boolean
0,Devices/[DemoWWTP]/Controller:Global/PLS101_AI.Lo_En,,Boolean
0,Devices/[DemoWWTP]/Controller:Global/PLS101_AI.LoLo_En,,Boolean
0,Devices/[DemoWWTP]/Controller:Global/PLS101_AI.HiHi_ASP,,Float
0,Devices/[DemoWWTP]/Controller:Global/PLS101_AI.Hi_ASP,,Float
0,Devices/[DemoWWTP]/Controller:Global/PLS101_AI.Lo_ASP,,Float
0,Devices/[DemoWWTP]/Controller:Global/PLS101_AI.LoLo_ASP,,Float
0,Devices/[DemoWWTP]/Controller:Global/PLS101_AI.TxFlt_Time,,Float
0,Devices/[DemoWWTP]/Controller:Global/PLS101_AI.HiHi_Time,,Float
0,Devices/[DemoWWTP]/Controller:Global/PLS101_AI.Hi_Time,,Float
0,Devices/[DemoWWTP]/Controller:Global/PLS101_AI.Lo_Time,,Float
0,Devices/[DemoWWTP]/Controller:Global/PLS101_AI.LoLo_Time,,Float
0,Devices/[DemoWWTP]/Controller:Global/PLS101_AI.Avail,,Boolean
0,Devices/[DemoWWTP]/Controller:Global/PLS101_AI.Alarms,,Int16
0,Devices/[DemoWWTP]/Controller:Global/PLS101_AI.Fault,,Boolean
0,Devices/[DemoWWTP]/Controller:Global/PLS101_AI.TxFlt,,Boolean
0,Devices/[DemoWWTP]/Controller:Global/PLS101_AI.HiHi,,Boolean
0,Devices/[DemoWWTP]/Controller:Global/PLS101_AI.Hi,,Boolean
0,Devices/[DemoWWTP]/Controller:Global/PLS101_AI.Lo,,Boolean
0,Devices/[DemoWWTP]/Controller:Global/PLS101_AI.LoLo,,Boolean
0,Devices/[DemoWWTP]/Controller:Global/PLS101_AI.FQ_Wrn,,Boolean
0,Devices/[DemoWWTP]/Controller:Global/PLS101_AI.Sim_Alm_En,,Boolean
0,Devices/[DemoWWTP]/Controller:Global/PLS101_AI.ExtReset,,Boolean
0,Devices/[DemoWWTP]/Controller:Global/PLS101_AI.Latch_Time,,Float
0,Devices/[DemoWWTP]/Controller:Global/PLS101_AI.RecordStats,,Boolean
0,Devices/[DemoWWTP]/Controller:Global/PLS101_AI.ResetStats,,Boolean
0,Devices/[DemoWWTP]/Controller:Global/PLS101_AI.RecMin,,Float
0,Devices/[DemoWWTP]/Controller:Global/PLS101_AI.RecMax,,Float
0,Devices/[DemoWWTP]/Controller:Global/PLS101_AI.RecAvg,,Float
0,Devices/[DemoWWTP]/Controller:Global/PLS101_AI.RecMinPrev,,Float
0,Devices/[DemoWWTP]/Controller:Global/PLS101_AI.RecMaxPrev,,Float
0,Devices/[DemoWWTP]/Controller:Global/PLS101_AI.RecAvgPrev,,Float
0,Devices/[DemoWWTP]/Controller:Global/PLS102_AI.EnableIn,,Boolean
0,Devices/[DemoWWTP]/Controller:Global/PLS102_AI.EnableOut,,Boolean
0,Devices/[DemoWWTP]/Controller:Global/PLS102_AI.Raw,,Int16
0,Devices/[DemoWWTP]/Controller:Global/PLS102_AI.RawMin,,Int16
0,Devices/[DemoWWTP]/Controller:Global/PLS102_AI.RawMax,,Int16
0,Devices/[DemoWWTP]/Controller:Global/PLS102_AI.EngMin,,Float
0,Devices/[DemoWWTP]/Controller:Global/PLS102_AI.EngMax,,Float
0,Devices/[DemoWWTP]/Controller:Global/PLS102_AI.AI_Ext,,Boolean
0,Devices/[DemoWWTP]/Controller:Global/PLS102_AI.AI_En,,Boolean
0,Devices/[DemoWWTP]/Controller:Global/PLS102_AI.Sim,,Boolean
0,Devices/[DemoWWTP]/Controller:Global/PLS102_AI.Reset,,Boolean
0,Devices/[DemoWWTP]/Controller:Global/PLS102_AI.Scaled,,Float
0,Devices/[DemoWWTP]/Controller:Global/PLS102_AI.PV,,Float
0,Devices/[DemoWWTP]/Controller:Global/PLS102_AI.AvgCntSP,,Int32
0,Devices/[DemoWWTP]/Controller:Global/PLS102_AI.ResetPB,,Boolean
0,Devices/[DemoWWTP]/Controller:Global/PLS102_AI.HiHi_En,,Boolean
0,Devices/[DemoWWTP]/Controller:Global/PLS102_AI.Hi_En,,Boolean
0,Devices/[DemoWWTP]/Controller:Global/PLS102_AI.Lo_En,,Boolean
0,Devices/[DemoWWTP]/Controller:Global/PLS102_AI.LoLo_En,,Boolean
0,Devices/[DemoWWTP]/Controller:Global/PLS102_AI.HiHi_ASP,,Float
0,Devices/[DemoWWTP]/Controller:Global/PLS102_AI.Hi_ASP,,Float
0,Devices/[DemoWWTP]/Controller:Global/PLS102_AI.Lo_ASP,,Float
0,Devices/[DemoWWTP]/Controller:Global/PLS102_AI.LoLo_ASP,,Float
0,Devices/[DemoWWTP]/Controller:Global/PLS102_AI.TxFlt_Time,,Float
0,Devices/[DemoWWTP]/Controller:Global/PLS102_AI.HiHi_Time,,Float
0,Devices/[DemoWWTP]/Controller:Global/PLS102_AI.Hi_Time,,Float
0,Devices/[DemoWWTP]/Controller:Global/PLS102_AI.Lo_Time,,Float
0,Devices/[DemoWWTP]/Controller:Global/PLS102_AI.LoLo_Time,,Float
0,Devices/[DemoWWTP]/Controller:Global/PLS102_AI.Avail,,Boolean
0,Devices/[DemoWWTP]/Controller:Global/PLS102_AI.Alarms,,Int16
0,Devices/[DemoWWTP]/Controller:Global/PLS102_AI.Fault,,Boolean
0,Devices/[DemoWWTP]/Controller:Global/PLS102_AI.TxFlt,,Boolean
0,Devices/[DemoWWTP]/Controller:Global/PLS102_AI.HiHi,,Boolean
0,Devices/[DemoWWTP]/Controller:Global/PLS102_AI.Hi,,Boolean
0,Devices/[DemoWWTP]/Controller:Global/PLS102_AI.Lo,,Boolean
0,Devices/[DemoWWTP]/Controller:Global/PLS102_AI.LoLo,,Boolean
0,Devices/[DemoWWTP]/Controller:Global/PLS102_AI.FQ_Wrn,,Boolean
0,Devices/[DemoWWTP]/Controller:Global/PLS102_AI.Sim_Alm_En,,Boolean
0,Devices/[DemoWWTP]/Controller:Global/PLS102_AI.ExtReset,,Boolean
0,Devices/[DemoWWTP]/Controller:Global/PLS102_AI.Latch_Time,,Float
0,Devices/[DemoWWTP]/Controller:Global/PLS102_AI.RecordStats,,Boolean
0,Devices/[DemoWWTP]/Controller:Global/PLS102_AI.ResetStats,,Boolean
0,Devices/[DemoWWTP]/Controller:Global/PLS102_AI.RecMin,,Float
0,Devices/[DemoWWTP]/Controller:Global/PLS102_AI.RecMax,,Float
0,Devices/[DemoWWTP]/Controller:Global/PLS102_AI.RecAvg,,Float
0,Devices/[DemoWWTP]/Controller:Global/PLS102_AI.RecMinPrev,,Float
0,Devices/[DemoWWTP]/Controller:Global/PLS102_AI.RecMaxPrev,,Float
0,Devices/[DemoWWTP]/Controller:Global/PLS102_AI.RecAvgPrev,,Float
0,Devices/[DemoWWTP]/Controller:Global/PLS103.EnableIn,,Boolean
0,Devices/[DemoWWTP]/Controller:Global/PLS103.EnableOut,,Boolean
0,Devices/[DemoWWTP]/Controller:Global/PLS103.INPUT_PV,,Float
0,Devices/[DemoWWTP]/Controller:Global/PLS103.OWL_SP,,Int32
0,Devices/[DemoWWTP]/Controller:Global/PLS103.HWL_SP,,Int32
0,Devices/[DemoWWTP]/Controller:Global/PLS103.MWL_SP,,Int32
0,Devices/[DemoWWTP]/Controller:Global/PLS103.LWL_SP,,Int32
0,Devices/[DemoWWTP]/Controller:Global/PLS103.XWL_SP,,Int32
0,Devices/[DemoWWTP]/Controller:Global/PLS103.TWL_SP,,Int32
0,Devices/[DemoWWTP]/Controller:Global/PLS103.OWL_OUT,,Boolean
0,Devices/[DemoWWTP]/Controller:Global/PLS103.HWL_OUT,,Boolean
0,Devices/[DemoWWTP]/Controller:Global/PLS103.MWL_OUT,,Boolean
0,Devices/[DemoWWTP]/Controller:Global/PLS103.LWL_OUT,,Boolean
0,Devices/[DemoWWTP]/Controller:Global/PLS103.XWL_OUT,,Boolean
0,Devices/[DemoWWTP]/Controller:Global/PLS103.TWL_OUT,,Boolean
0,Devices/[DemoWWTP]/Controller:Global/PLS103.TANK_DIAMETER,,Float
0,Devices/[DemoWWTP]/Controller:Global/PLS103.TANK_HEIGHT,,Float
0,Devices/[DemoWWTP]/Controller:Global/PLS103.ERROR,,Boolean
0,Devices/[DemoWWTP]/Controller:Global/PLS103.TANK_AREA_OUT,,Int32
0,Devices/[DemoWWTP]/Controller:Global/PLS103.CURRENT_VOLUME_TOTAL_OUT,,Int32
0,Devices/[DemoWWTP]/Controller:Global/PLS103.VOLUME_ABOVE_LWL_OUT,,Int32
0,Devices/[DemoWWTP]/Controller:Global/PLS103.VOLUME_BELOW_HWL_OUT,,Int32
0,Devices/[DemoWWTP]/Controller:Global/PLS103.FILL_PERCENTAGE_OUT,,Int32
0,Devices/[DemoWWTP]/Controller:Global/PLS103_AI.EnableIn,,Boolean
0,Devices/[DemoWWTP]/Controller:Global/PLS103_AI.EnableOut,,Boolean
0,Devices/[DemoWWTP]/Controller:Global/PLS103_AI.Raw,,Int16
0,Devices/[DemoWWTP]/Controller:Global/PLS103_AI.RawMin,,Int16
0,Devices/[DemoWWTP]/Controller:Global/PLS103_AI.RawMax,,Int16
0,Devices/[DemoWWTP]/Controller:Global/PLS103_AI.EngMin,,Float
0,Devices/[DemoWWTP]/Controller:Global/PLS103_AI.EngMax,,Float
0,Devices/[DemoWWTP]/Controller:Global/PLS103_AI.AI_Ext,,Boolean
0,Devices/[DemoWWTP]/Controller:Global/PLS103_AI.AI_En,,Boolean
0,Devices/[DemoWWTP]/Controller:Global/PLS103_AI.Sim,,Boolean
0,Devices/[DemoWWTP]/Controller:Global/PLS103_AI.Reset,,Boolean
0,Devices/[DemoWWTP]/Controller:Global/PLS103_AI.Scaled,,Float
0,Devices/[DemoWWTP]/Controller:Global/PLS103_AI.PV,,Float
0,Devices/[DemoWWTP]/Controller:Global/PLS103_AI.AvgCntSP,,Int32
0,Devices/[DemoWWTP]/Controller:Global/PLS103_AI.ResetPB,,Boolean
0,Devices/[DemoWWTP]/Controller:Global/PLS103_AI.HiHi_En,,Boolean
0,Devices/[DemoWWTP]/Controller:Global/PLS103_AI.Hi_En,,Boolean
0,Devices/[DemoWWTP]/Controller:Global/PLS103_AI.Lo_En,,Boolean
0,Devices/[DemoWWTP]/Controller:Global/PLS103_AI.LoLo_En,,Boolean
0,Devices/[DemoWWTP]/Controller:Global/PLS103_AI.HiHi_ASP,,Float
0,Devices/[DemoWWTP]/Controller:Global/PLS103_AI.Hi_ASP,,Float
0,Devices/[DemoWWTP]/Controller:Global/PLS103_AI.Lo_ASP,,Float
0,Devices/[DemoWWTP]/Controller:Global/PLS103_AI.LoLo_ASP,,Float
0,Devices/[DemoWWTP]/Controller:Global/PLS103_AI.TxFlt_Time,,Float
0,Devices/[DemoWWTP]/Controller:Global/PLS103_AI.HiHi_Time,,Float
0,Devices/[DemoWWTP]/Controller:Global/PLS103_AI.Hi_Time,,Float
0,Devices/[DemoWWTP]/Controller:Global/PLS103_AI.Lo_Time,,Float
0,Devices/[DemoWWTP]/Controller:Global/PLS103_AI.LoLo_Time,,Float
0,Devices/[DemoWWTP]/Controller:Global/PLS103_AI.Avail,,Boolean
0,Devices/[DemoWWTP]/Controller:Global/PLS103_AI.Alarms,,Int16
0,Devices/[DemoWWTP]/Controller:Global/PLS103_AI.Fault,,Boolean
0,Devices/[DemoWWTP]/Controller:Global/PLS103_AI.TxFlt,,Boolean
0,Devices/[DemoWWTP]/Controller:Global/PLS103_AI.HiHi,,Boolean
0,Devices/[DemoWWTP]/Controller:Global/PLS103_AI.Hi,,Boolean
0,Devices/[DemoWWTP]/Controller:Global/PLS103_AI.Lo,,Boolean
0,Devices/[DemoWWTP]/Controller:Global/PLS103_AI.LoLo,,Boolean
0,Devices/[DemoWWTP]/Controller:Global/PLS103_AI.FQ_Wrn,,Boolean
0,Devices/[DemoWWTP]/Controller:Global/PLS103_AI.Sim_Alm_En,,Boolean
0,Devices/[DemoWWTP]/Controller:Global/PLS103_AI.ExtReset,,Boolean
0,Devices/[DemoWWTP]/Controller:Global/PLS103_AI.Latch_Time,,Float
0,Devices/[DemoWWTP]/Controller:Global/PLS103_AI.RecordStats,,Boolean
0,Devices/[DemoWWTP]/Controller:Global/PLS103_AI.ResetStats,,Boolean
0,Devices/[DemoWWTP]/Controller:Global/PLS103_AI.RecMin,,Float
0,Devices/[DemoWWTP]/Controller:Global/PLS103_AI.RecMax,,Float
0,Devices/[DemoWWTP]/Controller:Global/PLS103_AI.RecAvg,,Float
0,Devices/[DemoWWTP]/Controller:Global/PLS103_AI.RecMinPrev,,Float
0,Devices/[DemoWWTP]/Controller:Global/PLS103_AI.RecMaxPrev,,Float
0,Devices/[DemoWWTP]/Controller:Global/PLS103_AI.RecAvgPrev,,Float
0,Devices/[DemoWWTP]/Controller:Global/PLS103_LWL_EPT.DN,,Boolean
0,Devices/[DemoWWTP]/Controller:Global/PLS103_LWL_EPT.EN,,Boolean
0,Devices/[DemoWWTP]/Controller:Global/PLS103_LWL_EPT.TT,,Boolean
0,Devices/[DemoWWTP]/Controller:Global/PLS103_LWL_EPT.PRE,,Int32
0,Devices/[DemoWWTP]/Controller:Global/PLS103_LWL_EPT.ACC,,Int32
0,Devices/[DemoWWTP]/Controller:Global/PLS201_AI.EnableIn,,Boolean
0,Devices/[DemoWWTP]/Controller:Global/PLS201_AI.EnableOut,,Boolean
0,Devices/[DemoWWTP]/Controller:Global/PLS201_AI.Raw,,Int16
0,Devices/[DemoWWTP]/Controller:Global/PLS201_AI.RawMin,,Int16
0,Devices/[DemoWWTP]/Controller:Global/PLS201_AI.RawMax,,Int16
0,Devices/[DemoWWTP]/Controller:Global/PLS201_AI.EngMin,,Float
0,Devices/[DemoWWTP]/Controller:Global/PLS201_AI.EngMax,,Float
0,Devices/[DemoWWTP]/Controller:Global/PLS201_AI.AI_Ext,,Boolean
0,Devices/[DemoWWTP]/Controller:Global/PLS201_AI.AI_En,,Boolean
0,Devices/[DemoWWTP]/Controller:Global/PLS201_AI.Sim,,Boolean
0,Devices/[DemoWWTP]/Controller:Global/PLS201_AI.Reset,,Boolean
0,Devices/[DemoWWTP]/Controller:Global/PLS201_AI.Scaled,,Float
0,Devices/[DemoWWTP]/Controller:Global/PLS201_AI.PV,,Float
0,Devices/[DemoWWTP]/Controller:Global/PLS201_AI.AvgCntSP,,Int32
0,Devices/[DemoWWTP]/Controller:Global/PLS201_AI.ResetPB,,Boolean
0,Devices/[DemoWWTP]/Controller:Global/PLS201_AI.HiHi_En,,Boolean
0,Devices/[DemoWWTP]/Controller:Global/PLS201_AI.Hi_En,,Boolean
0,Devices/[DemoWWTP]/Controller:Global/PLS201_AI.Lo_En,,Boolean
0,Devices/[DemoWWTP]/Controller:Global/PLS201_AI.LoLo_En,,Boolean
0,Devices/[DemoWWTP]/Controller:Global/PLS201_AI.HiHi_ASP,,Float
0,Devices/[DemoWWTP]/Controller:Global/PLS201_AI.Hi_ASP,,Float
0,Devices/[DemoWWTP]/Controller:Global/PLS201_AI.Lo_ASP,,Float
0,Devices/[DemoWWTP]/Controller:Global/PLS201_AI.LoLo_ASP,,Float
0,Devices/[DemoWWTP]/Controller:Global/PLS201_AI.TxFlt_Time,,Float
0,Devices/[DemoWWTP]/Controller:Global/PLS201_AI.HiHi_Time,,Float
0,Devices/[DemoWWTP]/Controller:Global/PLS201_AI.Hi_Time,,Float
0,Devices/[DemoWWTP]/Controller:Global/PLS201_AI.Lo_Time,,Float
0,Devices/[DemoWWTP]/Controller:Global/PLS201_AI.LoLo_Time,,Float
0,Devices/[DemoWWTP]/Controller:Global/PLS201_AI.Avail,,Boolean
0,Devices/[DemoWWTP]/Controller:Global/PLS201_AI.Alarms,,Int16
0,Devices/[DemoWWTP]/Controller:Global/PLS201_AI.Fault,,Boolean
0,Devices/[DemoWWTP]/Controller:Global/PLS201_AI.TxFlt,,Boolean
0,Devices/[DemoWWTP]/Controller:Global/PLS201_AI.HiHi,,Boolean
0,Devices/[DemoWWTP]/Controller:Global/PLS201_AI.Hi,,Boolean
0,Devices/[DemoWWTP]/Controller:Global/PLS201_AI.Lo,,Boolean
0,Devices/[DemoWWTP]/Controller:Global/PLS201_AI.LoLo,,Boolean
0,Devices/[DemoWWTP]/Controller:Global/PLS201_AI.FQ_Wrn,,Boolean
0,Devices/[DemoWWTP]/Controller:Global/PLS201_AI.Sim_Alm_En,,Boolean
0,Devices/[DemoWWTP]/Controller:Global/PLS201_AI.ExtReset,,Boolean
0,Devices/[DemoWWTP]/Controller:Global/PLS201_AI.Latch_Time,,Float
0,Devices/[DemoWWTP]/Controller:Global/PLS201_AI.RecordStats,,Boolean
0,Devices/[DemoWWTP]/Controller:Global/PLS201_AI.ResetStats,,Boolean
0,Devices/[DemoWWTP]/Controller:Global/PLS201_AI.RecMin,,Float
0,Devices/[DemoWWTP]/Controller:Global/PLS201_AI.RecMax,,Float
0,Devices/[DemoWWTP]/Controller:Global/PLS201_AI.RecAvg,,Float
0,Devices/[DemoWWTP]/Controller:Global/PLS201_AI.RecMinPrev,,Float
0,Devices/[DemoWWTP]/Controller:Global/PLS201_AI.RecMaxPrev,,Float
0,Devices/[DemoWWTP]/Controller:Global/PLS201_AI.RecAvgPrev,,Float
0,Devices/[DemoWWTP]/Controller:Global/PLS202_AI.EnableIn,,Boolean
0,Devices/[DemoWWTP]/Controller:Global/PLS202_AI.EnableOut,,Boolean
0,Devices/[DemoWWTP]/Controller:Global/PLS202_AI.Raw,,Int16
0,Devices/[DemoWWTP]/Controller:Global/PLS202_AI.RawMin,,Int16
0,Devices/[DemoWWTP]/Controller:Global/PLS202_AI.RawMax,,Int16
0,Devices/[DemoWWTP]/Controller:Global/PLS202_AI.EngMin,,Float
0,Devices/[DemoWWTP]/Controller:Global/PLS202_AI.EngMax,,Float
0,Devices/[DemoWWTP]/Controller:Global/PLS202_AI.AI_Ext,,Boolean
0,Devices/[DemoWWTP]/Controller:Global/PLS202_AI.AI_En,,Boolean
0,Devices/[DemoWWTP]/Controller:Global/PLS202_AI.Sim,,Boolean
0,Devices/[DemoWWTP]/Controller:Global/PLS202_AI.Reset,,Boolean
0,Devices/[DemoWWTP]/Controller:Global/PLS202_AI.Scaled,,Float
0,Devices/[DemoWWTP]/Controller:Global/PLS202_AI.PV,,Float
0,Devices/[DemoWWTP]/Controller:Global/PLS202_AI.AvgCntSP,,Int32
0,Devices/[DemoWWTP]/Controller:Global/PLS202_AI.ResetPB,,Boolean
0,Devices/[DemoWWTP]/Controller:Global/PLS202_AI.HiHi_En,,Boolean
0,Devices/[DemoWWTP]/Controller:Global/PLS202_AI.Hi_En,,Boolean
0,Devices/[DemoWWTP]/Controller:Global/PLS202_AI.Lo_En,,Boolean
0,Devices/[DemoWWTP]/Controller:Global/PLS202_AI.LoLo_En,,Boolean
0,Devices/[DemoWWTP]/Controller:Global/PLS202_AI.HiHi_ASP,,Float
0,Devices/[DemoWWTP]/Controller:Global/PLS202_AI.Hi_ASP,,Float
0,Devices/[DemoWWTP]/Controller:Global/PLS202_AI.Lo_ASP,,Float
0,Devices/[DemoWWTP]/Controller:Global/PLS202_AI.LoLo_ASP,,Float
0,Devices/[DemoWWTP]/Controller:Global/PLS202_AI.TxFlt_Time,,Float
0,Devices/[DemoWWTP]/Controller:Global/PLS202_AI.HiHi_Time,,Float
0,Devices/[DemoWWTP]/Controller:Global/PLS202_AI.Hi_Time,,Float
0,Devices/[DemoWWTP]/Controller:Global/PLS202_AI.Lo_Time,,Float
0,Devices/[DemoWWTP]/Controller:Global/PLS202_AI.LoLo_Time,,Float
0,Devices/[DemoWWTP]/Controller:Global/PLS202_AI.Avail,,Boolean
0,Devices/[DemoWWTP]/Controller:Global/PLS202_AI.Alarms,,Int16
0,Devices/[DemoWWTP]/Controller:Global/PLS202_AI.Fault,,Boolean
0,Devices/[DemoWWTP]/Controller:Global/PLS202_AI.TxFlt,,Boolean
0,Devices/[DemoWWTP]/Controller:Global/PLS202_AI.HiHi,,Boolean
0,Devices/[DemoWWTP]/Controller:Global/PLS202_AI.Hi,,Boolean
0,Devices/[DemoWWTP]/Controller:Global/PLS202_AI.Lo,,Boolean
0,Devices/[DemoWWTP]/Controller:Global/PLS202_AI.LoLo,,Boolean
0,Devices/[DemoWWTP]/Controller:Global/PLS202_AI.FQ_Wrn,,Boolean
0,Devices/[DemoWWTP]/Controller:Global/PLS202_AI.Sim_Alm_En,,Boolean
0,Devices/[DemoWWTP]/Controller:Global/PLS202_AI.ExtReset,,Boolean
0,Devices/[DemoWWTP]/Controller:Global/PLS202_AI.Latch_Time,,Float
0,Devices/[DemoWWTP]/Controller:Global/PLS202_AI.RecordStats,,Boolean
0,Devices/[DemoWWTP]/Controller:Global/PLS202_AI.ResetStats,,Boolean
0,Devices/[DemoWWTP]/Controller:Global/PLS202_AI.RecMin,,Float
0,Devices/[DemoWWTP]/Controller:Global/PLS202_AI.RecMax,,Float
0,Devices/[DemoWWTP]/Controller:Global/PLS202_AI.RecAvg,,Float
0,Devices/[DemoWWTP]/Controller:Global/PLS202_AI.RecMinPrev,,Float
0,Devices/[DemoWWTP]/Controller:Global/PLS202_AI.RecMaxPrev,,Float
0,Devices/[DemoWWTP]/Controller:Global/PLS202_AI.RecAvgPrev,,Float
0,Devices/[DemoWWTP]/Controller:Global/PLS203_AI.EnableIn,,Boolean
0,Devices/[DemoWWTP]/Controller:Global/PLS203_AI.EnableOut,,Boolean
0,Devices/[DemoWWTP]/Controller:Global/PLS203_AI.Raw,,Int16
0,Devices/[DemoWWTP]/Controller:Global/PLS203_AI.RawMin,,Int16
0,Devices/[DemoWWTP]/Controller:Global/PLS203_AI.RawMax,,Int16
0,Devices/[DemoWWTP]/Controller:Global/PLS203_AI.EngMin,,Float
0,Devices/[DemoWWTP]/Controller:Global/PLS203_AI.EngMax,,Float
0,Devices/[DemoWWTP]/Controller:Global/PLS203_AI.AI_Ext,,Boolean
0,Devices/[DemoWWTP]/Controller:Global/PLS203_AI.AI_En,,Boolean
0,Devices/[DemoWWTP]/Controller:Global/PLS203_AI.Sim,,Boolean
0,Devices/[DemoWWTP]/Controller:Global/PLS203_AI.Reset,,Boolean
0,Devices/[DemoWWTP]/Controller:Global/PLS203_AI.Scaled,,Float
0,Devices/[DemoWWTP]/Controller:Global/PLS203_AI.PV,,Float
0,Devices/[DemoWWTP]/Controller:Global/PLS203_AI.AvgCntSP,,Int32
0,Devices/[DemoWWTP]/Controller:Global/PLS203_AI.ResetPB,,Boolean
0,Devices/[DemoWWTP]/Controller:Global/PLS203_AI.HiHi_En,,Boolean
0,Devices/[DemoWWTP]/Controller:Global/PLS203_AI.Hi_En,,Boolean
0,Devices/[DemoWWTP]/Controller:Global/PLS203_AI.Lo_En,,Boolean
0,Devices/[DemoWWTP]/Controller:Global/PLS203_AI.LoLo_En,,Boolean
0,Devices/[DemoWWTP]/Controller:Global/PLS203_AI.HiHi_ASP,,Float
0,Devices/[DemoWWTP]/Controller:Global/PLS203_AI.Hi_ASP,,Float
0,Devices/[DemoWWTP]/Controller:Global/PLS203_AI.Lo_ASP,,Float
0,Devices/[DemoWWTP]/Controller:Global/PLS203_AI.LoLo_ASP,,Float
0,Devices/[DemoWWTP]/Controller:Global/PLS203_AI.TxFlt_Time,,Float
0,Devices/[DemoWWTP]/Controller:Global/PLS203_AI.HiHi_Time,,Float
0,Devices/[DemoWWTP]/Controller:Global/PLS203_AI.Hi_Time,,Float
0,Devices/[DemoWWTP]/Controller:Global/PLS203_AI.Lo_Time,,Float
0,Devices/[DemoWWTP]/Controller:Global/PLS203_AI.LoLo_Time,,Float
0,Devices/[DemoWWTP]/Controller:Global/PLS203_AI.Avail,,Boolean
0,Devices/[DemoWWTP]/Controller:Global/PLS203_AI.Alarms,,Int16
0,Devices/[DemoWWTP]/Controller:Global/PLS203_AI.Fault,,Boolean
0,Devices/[DemoWWTP]/Controller:Global/PLS203_AI.TxFlt,,Boolean
0,Devices/[DemoWWTP]/Controller:Global/PLS203_AI.HiHi,,Boolean
0,Devices/[DemoWWTP]/Controller:Global/PLS203_AI.Hi,,Boolean
0,Devices/[DemoWWTP]/Controller:Global/PLS203_AI.Lo,,Boolean
0,Devices/[DemoWWTP]/Controller:Global/PLS203_AI.LoLo,,Boolean
0,Devices/[DemoWWTP]/Controller:Global/PLS203_AI.FQ_Wrn,,Boolean
0,Devices/[DemoWWTP]/Controller:Global/PLS203_AI.Sim_Alm_En,,Boolean
0,Devices/[DemoWWTP]/Controller:Global/PLS203_AI.ExtReset,,Boolean
0,Devices/[DemoWWTP]/Controller:Global/PLS203_AI.Latch_Time,,Float
0,Devices/[DemoWWTP]/Controller:Global/PLS203_AI.RecordStats,,Boolean
0,Devices/[DemoWWTP]/Controller:Global/PLS203_AI.ResetStats,,Boolean
0,Devices/[DemoWWTP]/Controller:Global/PLS203_AI.RecMin,,Float
0,Devices/[DemoWWTP]/Controller:Global/PLS203_AI.RecMax,,Float
0,Devices/[DemoWWTP]/Controller:Global/PLS203_AI.RecAvg,,Float
0,Devices/[DemoWWTP]/Controller:Global/PLS203_AI.RecMinPrev,,Float
0,Devices/[DemoWWTP]/Controller:Global/PLS203_AI.RecMaxPrev,,Float
0,Devices/[DemoWWTP]/Controller:Global/PLS203_AI.RecAvgPrev,,Float
0,Devices/[DemoWWTP]/Controller:Global/PLS204_AI.EnableIn,,Boolean
0,Devices/[DemoWWTP]/Controller:Global/PLS204_AI.EnableOut,,Boolean
0,Devices/[DemoWWTP]/Controller:Global/PLS204_AI.Raw,,Int16
0,Devices/[DemoWWTP]/Controller:Global/PLS204_AI.RawMin,,Int16
0,Devices/[DemoWWTP]/Controller:Global/PLS204_AI.RawMax,,Int16
0,Devices/[DemoWWTP]/Controller:Global/PLS204_AI.EngMin,,Float
0,Devices/[DemoWWTP]/Controller:Global/PLS204_AI.EngMax,,Float
0,Devices/[DemoWWTP]/Controller:Global/PLS204_AI.AI_Ext,,Boolean
0,Devices/[DemoWWTP]/Controller:Global/PLS204_AI.AI_En,,Boolean
0,Devices/[DemoWWTP]/Controller:Global/PLS204_AI.Sim,,Boolean
0,Devices/[DemoWWTP]/Controller:Global/PLS204_AI.Reset,,Boolean
0,Devices/[DemoWWTP]/Controller:Global/PLS204_AI.Scaled,,Float
0,Devices/[DemoWWTP]/Controller:Global/PLS204_AI.PV,,Float
0,Devices/[DemoWWTP]/Controller:Global/PLS204_AI.AvgCntSP,,Int32
0,Devices/[DemoWWTP]/Controller:Global/PLS204_AI.ResetPB,,Boolean
0,Devices/[DemoWWTP]/Controller:Global/PLS204_AI.HiHi_En,,Boolean
0,Devices/[DemoWWTP]/Controller:Global/PLS204_AI.Hi_En,,Boolean
0,Devices/[DemoWWTP]/Controller:Global/PLS204_AI.Lo_En,,Boolean
0,Devices/[DemoWWTP]/Controller:Global/PLS204_AI.LoLo_En,,Boolean
0,Devices/[DemoWWTP]/Controller:Global/PLS204_AI.HiHi_ASP,,Float
0,Devices/[DemoWWTP]/Controller:Global/PLS204_AI.Hi_ASP,,Float
0,Devices/[DemoWWTP]/Controller:Global/PLS204_AI.Lo_ASP,,Float
0,Devices/[DemoWWTP]/Controller:Global/PLS204_AI.LoLo_ASP,,Float
0,Devices/[DemoWWTP]/Controller:Global/PLS204_AI.TxFlt_Time,,Float
0,Devices/[DemoWWTP]/Controller:Global/PLS204_AI.HiHi_Time,,Float
0,Devices/[DemoWWTP]/Controller:Global/PLS204_AI.Hi_Time,,Float
0,Devices/[DemoWWTP]/Controller:Global/PLS204_AI.Lo_Time,,Float
0,Devices/[DemoWWTP]/Controller:Global/PLS204_AI.LoLo_Time,,Float
0,Devices/[DemoWWTP]/Controller:Global/PLS204_AI.Avail,,Boolean
0,Devices/[DemoWWTP]/Controller:Global/PLS204_AI.Alarms,,Int16
0,Devices/[DemoWWTP]/Controller:Global/PLS204_AI.Fault,,Boolean
0,Devices/[DemoWWTP]/Controller:Global/PLS204_AI.TxFlt,,Boolean
0,Devices/[DemoWWTP]/Controller:Global/PLS204_AI.HiHi,,Boolean
0,Devices/[DemoWWTP]/Controller:Global/PLS204_AI.Hi,,Boolean
0,Devices/[DemoWWTP]/Controller:Global/PLS204_AI.Lo,,Boolean
0,Devices/[DemoWWTP]/Controller:Global/PLS204_AI.LoLo,,Boolean
0,Devices/[DemoWWTP]/Controller:Global/PLS204_AI.FQ_Wrn,,Boolean
0,Devices/[DemoWWTP]/Controller:Global/PLS204_AI.Sim_Alm_En,,Boolean
0,Devices/[DemoWWTP]/Controller:Global/PLS204_AI.ExtReset,,Boolean
0,Devices/[DemoWWTP]/Controller:Global/PLS204_AI.Latch_Time,,Float
0,Devices/[DemoWWTP]/Controller:Global/PLS204_AI.RecordStats,,Boolean
0,Devices/[DemoWWTP]/Controller:Global/PLS204_AI.ResetStats,,Boolean
0,Devices/[DemoWWTP]/Controller:Global/PLS204_AI.RecMin,,Float
0,Devices/[DemoWWTP]/Controller:Global/PLS204_AI.RecMax,,Float
0,Devices/[DemoWWTP]/Controller:Global/PLS204_AI.RecAvg,,Float
0,Devices/[DemoWWTP]/Controller:Global/PLS204_AI.RecMinPrev,,Float
0,Devices/[DemoWWTP]/Controller:Global/PLS204_AI.RecMaxPrev,,Float
0,Devices/[DemoWWTP]/Controller:Global/PLS204_AI.RecAvgPrev,,Float
0,Devices/[DemoWWTP]/Controller:Global/PLS205_AI.EnableIn,,Boolean
0,Devices/[DemoWWTP]/Controller:Global/PLS205_AI.EnableOut,,Boolean
0,Devices/[DemoWWTP]/Controller:Global/PLS205_AI.Raw,,Int16
0,Devices/[DemoWWTP]/Controller:Global/PLS205_AI.RawMin,,Int16
0,Devices/[DemoWWTP]/Controller:Global/PLS205_AI.RawMax,,Int16
0,Devices/[DemoWWTP]/Controller:Global/PLS205_AI.EngMin,,Float
0,Devices/[DemoWWTP]/Controller:Global/PLS205_AI.EngMax,,Float
0,Devices/[DemoWWTP]/Controller:Global/PLS205_AI.AI_Ext,,Boolean
0,Devices/[DemoWWTP]/Controller:Global/PLS205_AI.AI_En,,Boolean
0,Devices/[DemoWWTP]/Controller:Global/PLS205_AI.Sim,,Boolean
0,Devices/[DemoWWTP]/Controller:Global/PLS205_AI.Reset,,Boolean
0,Devices/[DemoWWTP]/Controller:Global/PLS205_AI.Scaled,,Float
0,Devices/[DemoWWTP]/Controller:Global/PLS205_AI.PV,,Float
0,Devices/[DemoWWTP]/Controller:Global/PLS205_AI.AvgCntSP,,Int32
0,Devices/[DemoWWTP]/Controller:Global/PLS205_AI.ResetPB,,Boolean
0,Devices/[DemoWWTP]/Controller:Global/PLS205_AI.HiHi_En,,Boolean
0,Devices/[DemoWWTP]/Controller:Global/PLS205_AI.Hi_En,,Boolean
0,Devices/[DemoWWTP]/Controller:Global/PLS205_AI.Lo_En,,Boolean
0,Devices/[DemoWWTP]/Controller:Global/PLS205_AI.LoLo_En,,Boolean
0,Devices/[DemoWWTP]/Controller:Global/PLS205_AI.HiHi_ASP,,Float
0,Devices/[DemoWWTP]/Controller:Global/PLS205_AI.Hi_ASP,,Float
0,Devices/[DemoWWTP]/Controller:Global/PLS205_AI.Lo_ASP,,Float
0,Devices/[DemoWWTP]/Controller:Global/PLS205_AI.LoLo_ASP,,Float
0,Devices/[DemoWWTP]/Controller:Global/PLS205_AI.TxFlt_Time,,Float
0,Devices/[DemoWWTP]/Controller:Global/PLS205_AI.HiHi_Time,,Float
0,Devices/[DemoWWTP]/Controller:Global/PLS205_AI.Hi_Time,,Float
0,Devices/[DemoWWTP]/Controller:Global/PLS205_AI.Lo_Time,,Float
0,Devices/[DemoWWTP]/Controller:Global/PLS205_AI.LoLo_Time,,Float
0,Devices/[DemoWWTP]/Controller:Global/PLS205_AI.Avail,,Boolean
0,Devices/[DemoWWTP]/Controller:Global/PLS205_AI.Alarms,,Int16
0,Devices/[DemoWWTP]/Controller:Global/PLS205_AI.Fault,,Boolean
0,Devices/[DemoWWTP]/Controller:Global/PLS205_AI.TxFlt,,Boolean
0,Devices/[DemoWWTP]/Controller:Global/PLS205_AI.HiHi,,Boolean
0,Devices/[DemoWWTP]/Controller:Global/PLS205_AI.Hi,,Boolean
0,Devices/[DemoWWTP]/Controller:Global/PLS205_AI.Lo,,Boolean
0,Devices/[DemoWWTP]/Controller:Global/PLS205_AI.LoLo,,Boolean
0,Devices/[DemoWWTP]/Controller:Global/PLS205_AI.FQ_Wrn,,Boolean
0,Devices/[DemoWWTP]/Controller:Global/PLS205_AI.Sim_Alm_En,,Boolean
0,Devices/[DemoWWTP]/Controller:Global/PLS205_AI.ExtReset,,Boolean
0,Devices/[DemoWWTP]/Controller:Global/PLS205_AI.Latch_Time,,Float
0,Devices/[DemoWWTP]/Controller:Global/PLS205_AI.RecordStats,,Boolean
0,Devices/[DemoWWTP]/Controller:Global/PLS205_AI.ResetStats,,Boolean
0,Devices/[DemoWWTP]/Controller:Global/PLS205_AI.RecMin,,Float
0,Devices/[DemoWWTP]/Controller:Global/PLS205_AI.RecMax,,Float
0,Devices/[DemoWWTP]/Controller:Global/PLS205_AI.RecAvg,,Float
0,Devices/[DemoWWTP]/Controller:Global/PLS205_AI.RecMinPrev,,Float
0,Devices/[DemoWWTP]/Controller:Global/PLS205_AI.RecMaxPrev,,Float
0,Devices/[DemoWWTP]/Controller:Global/PLS205_AI.RecAvgPrev,,Float
0,Devices/[DemoWWTP]/Controller:Global/PLS401.EnableIn,,Boolean
0,Devices/[DemoWWTP]/Controller:Global/PLS401.EnableOut,,Boolean
0,Devices/[DemoWWTP]/Controller:Global/PLS401.INPUT_PV,,Float
0,Devices/[DemoWWTP]/Controller:Global/PLS401.OWL_SP,,Int32
0,Devices/[DemoWWTP]/Controller:Global/PLS401.HWL_SP,,Int32
0,Devices/[DemoWWTP]/Controller:Global/PLS401.MWL_SP,,Int32
0,Devices/[DemoWWTP]/Controller:Global/PLS401.LWL_SP,,Int32
0,Devices/[DemoWWTP]/Controller:Global/PLS401.XWL_SP,,Int32
0,Devices/[DemoWWTP]/Controller:Global/PLS401.TWL_SP,,Int32
0,Devices/[DemoWWTP]/Controller:Global/PLS401.OWL_OUT,,Boolean
0,Devices/[DemoWWTP]/Controller:Global/PLS401.HWL_OUT,,Boolean
0,Devices/[DemoWWTP]/Controller:Global/PLS401.MWL_OUT,,Boolean
0,Devices/[DemoWWTP]/Controller:Global/PLS401.LWL_OUT,,Boolean
0,Devices/[DemoWWTP]/Controller:Global/PLS401.XWL_OUT,,Boolean
0,Devices/[DemoWWTP]/Controller:Global/PLS401.TWL_OUT,,Boolean
0,Devices/[DemoWWTP]/Controller:Global/PLS401.TANK_DIAMETER,,Float
0,Devices/[DemoWWTP]/Controller:Global/PLS401.TANK_HEIGHT,,Float
0,Devices/[DemoWWTP]/Controller:Global/PLS401.ERROR,,Boolean
0,Devices/[DemoWWTP]/Controller:Global/PLS401.TANK_AREA_OUT,,Int32
0,Devices/[DemoWWTP]/Controller:Global/PLS401.CURRENT_VOLUME_TOTAL_OUT,,Int32
0,Devices/[DemoWWTP]/Controller:Global/PLS401.VOLUME_ABOVE_LWL_OUT,,Int32
0,Devices/[DemoWWTP]/Controller:Global/PLS401.VOLUME_BELOW_HWL_OUT,,Int32
0,Devices/[DemoWWTP]/Controller:Global/PLS401.FILL_PERCENTAGE_OUT,,Int32
0,Devices/[DemoWWTP]/Controller:Global/PLS401_AI.EnableIn,,Boolean
0,Devices/[DemoWWTP]/Controller:Global/PLS401_AI.EnableOut,,Boolean
0,Devices/[DemoWWTP]/Controller:Global/PLS401_AI.Raw,,Int16
0,Devices/[DemoWWTP]/Controller:Global/PLS401_AI.RawMin,,Int16
0,Devices/[DemoWWTP]/Controller:Global/PLS401_AI.RawMax,,Int16
0,Devices/[DemoWWTP]/Controller:Global/PLS401_AI.EngMin,,Float
0,Devices/[DemoWWTP]/Controller:Global/PLS401_AI.EngMax,,Float
0,Devices/[DemoWWTP]/Controller:Global/PLS401_AI.AI_Ext,,Boolean
0,Devices/[DemoWWTP]/Controller:Global/PLS401_AI.AI_En,,Boolean
0,Devices/[DemoWWTP]/Controller:Global/PLS401_AI.Sim,,Boolean
0,Devices/[DemoWWTP]/Controller:Global/PLS401_AI.Reset,,Boolean
0,Devices/[DemoWWTP]/Controller:Global/PLS401_AI.Scaled,,Float
0,Devices/[DemoWWTP]/Controller:Global/PLS401_AI.PV,,Float
0,Devices/[DemoWWTP]/Controller:Global/PLS401_AI.AvgCntSP,,Int32
0,Devices/[DemoWWTP]/Controller:Global/PLS401_AI.ResetPB,,Boolean
0,Devices/[DemoWWTP]/Controller:Global/PLS401_AI.HiHi_En,,Boolean
0,Devices/[DemoWWTP]/Controller:Global/PLS401_AI.Hi_En,,Boolean
0,Devices/[DemoWWTP]/Controller:Global/PLS401_AI.Lo_En,,Boolean
0,Devices/[DemoWWTP]/Controller:Global/PLS401_AI.LoLo_En,,Boolean
0,Devices/[DemoWWTP]/Controller:Global/PLS401_AI.HiHi_ASP,,Float
0,Devices/[DemoWWTP]/Controller:Global/PLS401_AI.Hi_ASP,,Float
0,Devices/[DemoWWTP]/Controller:Global/PLS401_AI.Lo_ASP,,Float
0,Devices/[DemoWWTP]/Controller:Global/PLS401_AI.LoLo_ASP,,Float
0,Devices/[DemoWWTP]/Controller:Global/PLS401_AI.TxFlt_Time,,Float
0,Devices/[DemoWWTP]/Controller:Global/PLS401_AI.HiHi_Time,,Float
0,Devices/[DemoWWTP]/Controller:Global/PLS401_AI.Hi_Time,,Float
0,Devices/[DemoWWTP]/Controller:Global/PLS401_AI.Lo_Time,,Float
0,Devices/[DemoWWTP]/Controller:Global/PLS401_AI.LoLo_Time,,Float
0,Devices/[DemoWWTP]/Controller:Global/PLS401_AI.Avail,,Boolean
0,Devices/[DemoWWTP]/Controller:Global/PLS401_AI.Alarms,,Int16
0,Devices/[DemoWWTP]/Controller:Global/PLS401_AI.Fault,,Boolean
0,Devices/[DemoWWTP]/Controller:Global/PLS401_AI.TxFlt,,Boolean
0,Devices/[DemoWWTP]/Controller:Global/PLS401_AI.HiHi,,Boolean
0,Devices/[DemoWWTP]/Controller:Global/PLS401_AI.Hi,,Boolean
0,Devices/[DemoWWTP]/Controller:Global/PLS401_AI.Lo,,Boolean
0,Devices/[DemoWWTP]/Controller:Global/PLS401_AI.LoLo,,Boolean
0,Devices/[DemoWWTP]/Controller:Global/PLS401_AI.FQ_Wrn,,Boolean
0,Devices/[DemoWWTP]/Controller:Global/PLS401_AI.Sim_Alm_En,,Boolean
0,Devices/[DemoWWTP]/Controller:Global/PLS401_AI.ExtReset,,Boolean
0,Devices/[DemoWWTP]/Controller:Global/PLS401_AI.Latch_Time,,Float
0,Devices/[DemoWWTP]/Controller:Global/PLS401_AI.RecordStats,,Boolean
0,Devices/[DemoWWTP]/Controller:Global/PLS401_AI.ResetStats,,Boolean
0,Devices/[DemoWWTP]/Controller:Global/PLS401_AI.RecMin,,Float
0,Devices/[DemoWWTP]/Controller:Global/PLS401_AI.RecMax,,Float
0,Devices/[DemoWWTP]/Controller:Global/PLS401_AI.RecAvg,,Float
0,Devices/[DemoWWTP]/Controller:Global/PLS401_AI.RecMinPrev,,Float
0,Devices/[DemoWWTP]/Controller:Global/PLS401_AI.RecMaxPrev,,Float
0,Devices/[DemoWWTP]/Controller:Global/PLS401_AI.RecAvgPrev,,Float
0,Devices/[DemoWWTP]/Controller:Global/PLS501_AI.EnableIn,,Boolean
0,Devices/[DemoWWTP]/Controller:Global/PLS501_AI.EnableOut,,Boolean
0,Devices/[DemoWWTP]/Controller:Global/PLS501_AI.Raw,,Int16
0,Devices/[DemoWWTP]/Controller:Global/PLS501_AI.RawMin,,Int16
0,Devices/[DemoWWTP]/Controller:Global/PLS501_AI.RawMax,,Int16
0,Devices/[DemoWWTP]/Controller:Global/PLS501_AI.EngMin,,Float
0,Devices/[DemoWWTP]/Controller:Global/PLS501_AI.EngMax,,Float
0,Devices/[DemoWWTP]/Controller:Global/PLS501_AI.AI_Ext,,Boolean
0,Devices/[DemoWWTP]/Controller:Global/PLS501_AI.AI_En,,Boolean
0,Devices/[DemoWWTP]/Controller:Global/PLS501_AI.Sim,,Boolean
0,Devices/[DemoWWTP]/Controller:Global/PLS501_AI.Reset,,Boolean
0,Devices/[DemoWWTP]/Controller:Global/PLS501_AI.Scaled,,Float
0,Devices/[DemoWWTP]/Controller:Global/PLS501_AI.PV,,Float
0,Devices/[DemoWWTP]/Controller:Global/PLS501_AI.AvgCntSP,,Int32
0,Devices/[DemoWWTP]/Controller:Global/PLS501_AI.ResetPB,,Boolean
0,Devices/[DemoWWTP]/Controller:Global/PLS501_AI.HiHi_En,,Boolean
0,Devices/[DemoWWTP]/Controller:Global/PLS501_AI.Hi_En,,Boolean
0,Devices/[DemoWWTP]/Controller:Global/PLS501_AI.Lo_En,,Boolean
0,Devices/[DemoWWTP]/Controller:Global/PLS501_AI.LoLo_En,,Boolean
0,Devices/[DemoWWTP]/Controller:Global/PLS501_AI.HiHi_ASP,,Float
0,Devices/[DemoWWTP]/Controller:Global/PLS501_AI.Hi_ASP,,Float
0,Devices/[DemoWWTP]/Controller:Global/PLS501_AI.Lo_ASP,,Float
0,Devices/[DemoWWTP]/Controller:Global/PLS501_AI.LoLo_ASP,,Float
0,Devices/[DemoWWTP]/Controller:Global/PLS501_AI.TxFlt_Time,,Float
0,Devices/[DemoWWTP]/Controller:Global/PLS501_AI.HiHi_Time,,Float
0,Devices/[DemoWWTP]/Controller:Global/PLS501_AI.Hi_Time,,Float
0,Devices/[DemoWWTP]/Controller:Global/PLS501_AI.Lo_Time,,Float
0,Devices/[DemoWWTP]/Controller:Global/PLS501_AI.LoLo_Time,,Float
0,Devices/[DemoWWTP]/Controller:Global/PLS501_AI.Avail,,Boolean
0,Devices/[DemoWWTP]/Controller:Global/PLS501_AI.Alarms,,Int16
0,Devices/[DemoWWTP]/Controller:Global/PLS501_AI.Fault,,Boolean
0,Devices/[DemoWWTP]/Controller:Global/PLS501_AI.TxFlt,,Boolean
0,Devices/[DemoWWTP]/Controller:Global/PLS501_AI.HiHi,,Boolean
0,Devices/[DemoWWTP]/Controller:Global/PLS501_AI.Hi,,Boolean
0,Devices/[DemoWWTP]/Controller:Global/PLS501_AI.Lo,,Boolean
0,Devices/[DemoWWTP]/Controller:Global/PLS501_AI.LoLo,,Boolean
0,Devices/[DemoWWTP]/Controller:Global/PLS501_AI.FQ_Wrn,,Boolean
0,Devices/[DemoWWTP]/Controller:Global/PLS501_AI.Sim_Alm_En,,Boolean
0,Devices/[DemoWWTP]/Controller:Global/PLS501_AI.ExtReset,,Boolean
0,Devices/[DemoWWTP]/Controller:Global/PLS501_AI.Latch_Time,,Float
0,Devices/[DemoWWTP]/Controller:Global/PLS501_AI.RecordStats,,Boolean
0,Devices/[DemoWWTP]/Controller:Global/PLS501_AI.ResetStats,,Boolean
0,Devices/[DemoWWTP]/Controller:Global/PLS501_AI.RecMin,,Float
0,Devices/[DemoWWTP]/Controller:Global/PLS501_AI.RecMax,,Float
0,Devices/[DemoWWTP]/Controller:Global/PLS501_AI.RecAvg,,Float
0,Devices/[DemoWWTP]/Controller:Global/PLS501_AI.RecMinPrev,,Float
0,Devices/[DemoWWTP]/Controller:Global/PLS501_AI.RecMaxPrev,,Float
0,Devices/[DemoWWTP]/Controller:Global/PLS501_AI.RecAvgPrev,,Float
0,Devices/[DemoWWTP]/Controller:Global/PLS502_AI.EnableIn,,Boolean
0,Devices/[DemoWWTP]/Controller:Global/PLS502_AI.EnableOut,,Boolean
0,Devices/[DemoWWTP]/Controller:Global/PLS502_AI.Raw,,Int16
0,Devices/[DemoWWTP]/Controller:Global/PLS502_AI.RawMin,,Int16
0,Devices/[DemoWWTP]/Controller:Global/PLS502_AI.RawMax,,Int16
0,Devices/[DemoWWTP]/Controller:Global/PLS502_AI.EngMin,,Float
0,Devices/[DemoWWTP]/Controller:Global/PLS502_AI.EngMax,,Float
0,Devices/[DemoWWTP]/Controller:Global/PLS502_AI.AI_Ext,,Boolean
0,Devices/[DemoWWTP]/Controller:Global/PLS502_AI.AI_En,,Boolean
0,Devices/[DemoWWTP]/Controller:Global/PLS502_AI.Sim,,Boolean
0,Devices/[DemoWWTP]/Controller:Global/PLS502_AI.Reset,,Boolean
0,Devices/[DemoWWTP]/Controller:Global/PLS502_AI.Scaled,,Float
0,Devices/[DemoWWTP]/Controller:Global/PLS502_AI.PV,,Float
0,Devices/[DemoWWTP]/Controller:Global/PLS502_AI.AvgCntSP,,Int32
0,Devices/[DemoWWTP]/Controller:Global/PLS502_AI.ResetPB,,Boolean
0,Devices/[DemoWWTP]/Controller:Global/PLS502_AI.HiHi_En,,Boolean
0,Devices/[DemoWWTP]/Controller:Global/PLS502_AI.Hi_En,,Boolean
0,Devices/[DemoWWTP]/Controller:Global/PLS502_AI.Lo_En,,Boolean
0,Devices/[DemoWWTP]/Controller:Global/PLS502_AI.LoLo_En,,Boolean
0,Devices/[DemoWWTP]/Controller:Global/PLS502_AI.HiHi_ASP,,Float
0,Devices/[DemoWWTP]/Controller:Global/PLS502_AI.Hi_ASP,,Float
0,Devices/[DemoWWTP]/Controller:Global/PLS502_AI.Lo_ASP,,Float
0,Devices/[DemoWWTP]/Controller:Global/PLS502_AI.LoLo_ASP,,Float
0,Devices/[DemoWWTP]/Controller:Global/PLS502_AI.TxFlt_Time,,Float
0,Devices/[DemoWWTP]/Controller:Global/PLS502_AI.HiHi_Time,,Float
0,Devices/[DemoWWTP]/Controller:Global/PLS502_AI.Hi_Time,,Float
0,Devices/[DemoWWTP]/Controller:Global/PLS502_AI.Lo_Time,,Float
0,Devices/[DemoWWTP]/Controller:Global/PLS502_AI.LoLo_Time,,Float
0,Devices/[DemoWWTP]/Controller:Global/PLS502_AI.Avail,,Boolean
0,Devices/[DemoWWTP]/Controller:Global/PLS502_AI.Alarms,,Int16
0,Devices/[DemoWWTP]/Controller:Global/PLS502_AI.Fault,,Boolean
0,Devices/[DemoWWTP]/Controller:Global/PLS502_AI.TxFlt,,Boolean
0,Devices/[DemoWWTP]/Controller:Global/PLS502_AI.HiHi,,Boolean
0,Devices/[DemoWWTP]/Controller:Global/PLS502_AI.Hi,,Boolean
0,Devices/[DemoWWTP]/Controller:Global/PLS502_AI.Lo,,Boolean
0,Devices/[DemoWWTP]/Controller:Global/PLS502_AI.LoLo,,Boolean
0,Devices/[DemoWWTP]/Controller:Global/PLS502_AI.FQ_Wrn,,Boolean
0,Devices/[DemoWWTP]/Controller:Global/PLS502_AI.Sim_Alm_En,,Boolean
0,Devices/[DemoWWTP]/Controller:Global/PLS502_AI.ExtReset,,Boolean
0,Devices/[DemoWWTP]/Controller:Global/PLS502_AI.Latch_Time,,Float
0,Devices/[DemoWWTP]/Controller:Global/PLS502_AI.RecordStats,,Boolean
0,Devices/[DemoWWTP]/Controller:Global/PLS502_AI.ResetStats,,Boolean
0,Devices/[DemoWWTP]/Controller:Global/PLS502_AI.RecMin,,Float
0,Devices/[DemoWWTP]/Controller:Global/PLS502_AI.RecMax,,Float
0,Devices/[DemoWWTP]/Controller:Global/PLS502_AI.RecAvg,,Float
0,Devices/[DemoWWTP]/Controller:Global/PLS502_AI.RecMinPrev,,Float
0,Devices/[DemoWWTP]/Controller:Global/PLS502_AI.RecMaxPrev,,Float
0,Devices/[DemoWWTP]/Controller:Global/PLS502_AI.RecAvgPrev,,Float
0,Devices/[DemoWWTP]/Controller:Global/PLS503_AI.EnableIn,,Boolean
0,Devices/[DemoWWTP]/Controller:Global/PLS503_AI.EnableOut,,Boolean
0,Devices/[DemoWWTP]/Controller:Global/PLS503_AI.Raw,,Int16
0,Devices/[DemoWWTP]/Controller:Global/PLS503_AI.RawMin,,Int16
0,Devices/[DemoWWTP]/Controller:Global/PLS503_AI.RawMax,,Int16
0,Devices/[DemoWWTP]/Controller:Global/PLS503_AI.EngMin,,Float
0,Devices/[DemoWWTP]/Controller:Global/PLS503_AI.EngMax,,Float
0,Devices/[DemoWWTP]/Controller:Global/PLS503_AI.AI_Ext,,Boolean
0,Devices/[DemoWWTP]/Controller:Global/PLS503_AI.AI_En,,Boolean
0,Devices/[DemoWWTP]/Controller:Global/PLS503_AI.Sim,,Boolean
0,Devices/[DemoWWTP]/Controller:Global/PLS503_AI.Reset,,Boolean
0,Devices/[DemoWWTP]/Controller:Global/PLS503_AI.Scaled,,Float
0,Devices/[DemoWWTP]/Controller:Global/PLS503_AI.PV,,Float
0,Devices/[DemoWWTP]/Controller:Global/PLS503_AI.AvgCntSP,,Int32
0,Devices/[DemoWWTP]/Controller:Global/PLS503_AI.ResetPB,,Boolean
0,Devices/[DemoWWTP]/Controller:Global/PLS503_AI.HiHi_En,,Boolean
0,Devices/[DemoWWTP]/Controller:Global/PLS503_AI.Hi_En,,Boolean
0,Devices/[DemoWWTP]/Controller:Global/PLS503_AI.Lo_En,,Boolean
0,Devices/[DemoWWTP]/Controller:Global/PLS503_AI.LoLo_En,,Boolean
0,Devices/[DemoWWTP]/Controller:Global/PLS503_AI.HiHi_ASP,,Float
0,Devices/[DemoWWTP]/Controller:Global/PLS503_AI.Hi_ASP,,Float
0,Devices/[DemoWWTP]/Controller:Global/PLS503_AI.Lo_ASP,,Float
0,Devices/[DemoWWTP]/Controller:Global/PLS503_AI.LoLo_ASP,,Float
0,Devices/[DemoWWTP]/Controller:Global/PLS503_AI.TxFlt_Time,,Float
0,Devices/[DemoWWTP]/Controller:Global/PLS503_AI.HiHi_Time,,Float
0,Devices/[DemoWWTP]/Controller:Global/PLS503_AI.Hi_Time,,Float
0,Devices/[DemoWWTP]/Controller:Global/PLS503_AI.Lo_Time,,Float
0,Devices/[DemoWWTP]/Controller:Global/PLS503_AI.LoLo_Time,,Float
0,Devices/[DemoWWTP]/Controller:Global/PLS503_AI.Avail,,Boolean
0,Devices/[DemoWWTP]/Controller:Global/PLS503_AI.Alarms,,Int16
0,Devices/[DemoWWTP]/Controller:Global/PLS503_AI.Fault,,Boolean
0,Devices/[DemoWWTP]/Controller:Global/PLS503_AI.TxFlt,,Boolean
0,Devices/[DemoWWTP]/Controller:Global/PLS503_AI.HiHi,,Boolean
0,Devices/[DemoWWTP]/Controller:Global/PLS503_AI.Hi,,Boolean
0,Devices/[DemoWWTP]/Controller:Global/PLS503_AI.Lo,,Boolean
0,Devices/[DemoWWTP]/Controller:Global/PLS503_AI.LoLo,,Boolean
0,Devices/[DemoWWTP]/Controller:Global/PLS503_AI.FQ_Wrn,,Boolean
0,Devices/[DemoWWTP]/Controller:Global/PLS503_AI.Sim_Alm_En,,Boolean
0,Devices/[DemoWWTP]/Controller:Global/PLS503_AI.ExtReset,,Boolean
0,Devices/[DemoWWTP]/Controller:Global/PLS503_AI.Latch_Time,,Float
0,Devices/[DemoWWTP]/Controller:Global/PLS503_AI.RecordStats,,Boolean
0,Devices/[DemoWWTP]/Controller:Global/PLS503_AI.ResetStats,,Boolean
0,Devices/[DemoWWTP]/Controller:Global/PLS503_AI.RecMin,,Float
0,Devices/[DemoWWTP]/Controller:Global/PLS503_AI.RecMax,,Float
0,Devices/[DemoWWTP]/Controller:Global/PLS503_AI.RecAvg,,Float
0,Devices/[DemoWWTP]/Controller:Global/PLS503_AI.RecMinPrev,,Float
0,Devices/[DemoWWTP]/Controller:Global/PLS503_AI.RecMaxPrev,,Float
0,Devices/[DemoWWTP]/Controller:Global/PLS503_AI.RecAvgPrev,,Float
0,Devices/[DemoWWTP]/Controller:Global/PLS504_AI.EnableIn,,Boolean
0,Devices/[DemoWWTP]/Controller:Global/PLS504_AI.EnableOut,,Boolean
0,Devices/[DemoWWTP]/Controller:Global/PLS504_AI.Raw,,Int16
0,Devices/[DemoWWTP]/Controller:Global/PLS504_AI.RawMin,,Int16
0,Devices/[DemoWWTP]/Controller:Global/PLS504_AI.RawMax,,Int16
0,Devices/[DemoWWTP]/Controller:Global/PLS504_AI.EngMin,,Float
0,Devices/[DemoWWTP]/Controller:Global/PLS504_AI.EngMax,,Float
0,Devices/[DemoWWTP]/Controller:Global/PLS504_AI.AI_Ext,,Boolean
0,Devices/[DemoWWTP]/Controller:Global/PLS504_AI.AI_En,,Boolean
0,Devices/[DemoWWTP]/Controller:Global/PLS504_AI.Sim,,Boolean
0,Devices/[DemoWWTP]/Controller:Global/PLS504_AI.Reset,,Boolean
0,Devices/[DemoWWTP]/Controller:Global/PLS504_AI.Scaled,,Float
0,Devices/[DemoWWTP]/Controller:Global/PLS504_AI.PV,,Float
0,Devices/[DemoWWTP]/Controller:Global/PLS504_AI.AvgCntSP,,Int32
0,Devices/[DemoWWTP]/Controller:Global/PLS504_AI.ResetPB,,Boolean
0,Devices/[DemoWWTP]/Controller:Global/PLS504_AI.HiHi_En,,Boolean
0,Devices/[DemoWWTP]/Controller:Global/PLS504_AI.Hi_En,,Boolean
0,Devices/[DemoWWTP]/Controller:Global/PLS504_AI.Lo_En,,Boolean
0,Devices/[DemoWWTP]/Controller:Global/PLS504_AI.LoLo_En,,Boolean
0,Devices/[DemoWWTP]/Controller:Global/PLS504_AI.HiHi_ASP,,Float
0,Devices/[DemoWWTP]/Controller:Global/PLS504_AI.Hi_ASP,,Float
0,Devices/[DemoWWTP]/Controller:Global/PLS504_AI.Lo_ASP,,Float
0,Devices/[DemoWWTP]/Controller:Global/PLS504_AI.LoLo_ASP,,Float
0,Devices/[DemoWWTP]/Controller:Global/PLS504_AI.TxFlt_Time,,Float
0,Devices/[DemoWWTP]/Controller:Global/PLS504_AI.HiHi_Time,,Float
0,Devices/[DemoWWTP]/Controller:Global/PLS504_AI.Hi_Time,,Float
0,Devices/[DemoWWTP]/Controller:Global/PLS504_AI.Lo_Time,,Float
0,Devices/[DemoWWTP]/Controller:Global/PLS504_AI.LoLo_Time,,Float
0,Devices/[DemoWWTP]/Controller:Global/PLS504_AI.Avail,,Boolean
0,Devices/[DemoWWTP]/Controller:Global/PLS504_AI.Alarms,,Int16
0,Devices/[DemoWWTP]/Controller:Global/PLS504_AI.Fault,,Boolean
0,Devices/[DemoWWTP]/Controller:Global/PLS504_AI.TxFlt,,Boolean
0,Devices/[DemoWWTP]/Controller:Global/PLS504_AI.HiHi,,Boolean
0,Devices/[DemoWWTP]/Controller:Global/PLS504_AI.Hi,,Boolean
0,Devices/[DemoWWTP]/Controller:Global/PLS504_AI.Lo,,Boolean
0,Devices/[DemoWWTP]/Controller:Global/PLS504_AI.LoLo,,Boolean
0,Devices/[DemoWWTP]/Controller:Global/PLS504_AI.FQ_Wrn,,Boolean
0,Devices/[DemoWWTP]/Controller:Global/PLS504_AI.Sim_Alm_En,,Boolean
0,Devices/[DemoWWTP]/Controller:Global/PLS504_AI.ExtReset,,Boolean
0,Devices/[DemoWWTP]/Controller:Global/PLS504_AI.Latch_Time,,Float
0,Devices/[DemoWWTP]/Controller:Global/PLS504_AI.RecordStats,,Boolean
0,Devices/[DemoWWTP]/Controller:Global/PLS504_AI.ResetStats,,Boolean
0,Devices/[DemoWWTP]/Controller:Global/PLS504_AI.RecMin,,Float
0,Devices/[DemoWWTP]/Controller:Global/PLS504_AI.RecMax,,Float
0,Devices/[DemoWWTP]/Controller:Global/PLS504_AI.RecAvg,,Float
0,Devices/[DemoWWTP]/Controller:Global/PLS504_AI.RecMinPrev,,Float
0,Devices/[DemoWWTP]/Controller:Global/PLS504_AI.RecMaxPrev,,Float
0,Devices/[DemoWWTP]/Controller:Global/PLS504_AI.RecAvgPrev,,Float
0,Devices/[DemoWWTP]/Controller:Global/PLS505_AI.EnableIn,,Boolean
0,Devices/[DemoWWTP]/Controller:Global/PLS505_AI.EnableOut,,Boolean
0,Devices/[DemoWWTP]/Controller:Global/PLS505_AI.Raw,,Int16
0,Devices/[DemoWWTP]/Controller:Global/PLS505_AI.RawMin,,Int16
0,Devices/[DemoWWTP]/Controller:Global/PLS505_AI.RawMax,,Int16
0,Devices/[DemoWWTP]/Controller:Global/PLS505_AI.EngMin,,Float
0,Devices/[DemoWWTP]/Controller:Global/PLS505_AI.EngMax,,Float
0,Devices/[DemoWWTP]/Controller:Global/PLS505_AI.AI_Ext,,Boolean
0,Devices/[DemoWWTP]/Controller:Global/PLS505_AI.AI_En,,Boolean
0,Devices/[DemoWWTP]/Controller:Global/PLS505_AI.Sim,,Boolean
0,Devices/[DemoWWTP]/Controller:Global/PLS505_AI.Reset,,Boolean
0,Devices/[DemoWWTP]/Controller:Global/PLS505_AI.Scaled,,Float
0,Devices/[DemoWWTP]/Controller:Global/PLS505_AI.PV,,Float
0,Devices/[DemoWWTP]/Controller:Global/PLS505_AI.AvgCntSP,,Int32
0,Devices/[DemoWWTP]/Controller:Global/PLS505_AI.ResetPB,,Boolean
0,Devices/[DemoWWTP]/Controller:Global/PLS505_AI.HiHi_En,,Boolean
0,Devices/[DemoWWTP]/Controller:Global/PLS505_AI.Hi_En,,Boolean
0,Devices/[DemoWWTP]/Controller:Global/PLS505_AI.Lo_En,,Boolean
0,Devices/[DemoWWTP]/Controller:Global/PLS505_AI.LoLo_En,,Boolean
0,Devices/[DemoWWTP]/Controller:Global/PLS505_AI.HiHi_ASP,,Float
0,Devices/[DemoWWTP]/Controller:Global/PLS505_AI.Hi_ASP,,Float
0,Devices/[DemoWWTP]/Controller:Global/PLS505_AI.Lo_ASP,,Float
0,Devices/[DemoWWTP]/Controller:Global/PLS505_AI.LoLo_ASP,,Float
0,Devices/[DemoWWTP]/Controller:Global/PLS505_AI.TxFlt_Time,,Float
0,Devices/[DemoWWTP]/Controller:Global/PLS505_AI.HiHi_Time,,Float
0,Devices/[DemoWWTP]/Controller:Global/PLS505_AI.Hi_Time,,Float
0,Devices/[DemoWWTP]/Controller:Global/PLS505_AI.Lo_Time,,Float
0,Devices/[DemoWWTP]/Controller:Global/PLS505_AI.LoLo_Time,,Float
0,Devices/[DemoWWTP]/Controller:Global/PLS505_AI.Avail,,Boolean
0,Devices/[DemoWWTP]/Controller:Global/PLS505_AI.Alarms,,Int16
0,Devices/[DemoWWTP]/Controller:Global/PLS505_AI.Fault,,Boolean
0,Devices/[DemoWWTP]/Controller:Global/PLS505_AI.TxFlt,,Boolean
0,Devices/[DemoWWTP]/Controller:Global/PLS505_AI.HiHi,,Boolean
0,Devices/[DemoWWTP]/Controller:Global/PLS505_AI.Hi,,Boolean
0,Devices/[DemoWWTP]/Controller:Global/PLS505_AI.Lo,,Boolean
0,Devices/[DemoWWTP]/Controller:Global/PLS505_AI.LoLo,,Boolean
0,Devices/[DemoWWTP]/Controller:Global/PLS505_AI.FQ_Wrn,,Boolean
0,Devices/[DemoWWTP]/Controller:Global/PLS505_AI.Sim_Alm_En,,Boolean
0,Devices/[DemoWWTP]/Controller:Global/PLS505_AI.ExtReset,,Boolean
0,Devices/[DemoWWTP]/Controller:Global/PLS505_AI.Latch_Time,,Float
0,Devices/[DemoWWTP]/Controller:Global/PLS505_AI.RecordStats,,Boolean
0,Devices/[DemoWWTP]/Controller:Global/PLS505_AI.ResetStats,,Boolean
0,Devices/[DemoWWTP]/Controller:Global/PLS505_AI.RecMin,,Float
0,Devices/[DemoWWTP]/Controller:Global/PLS505_AI.RecMax,,Float
0,Devices/[DemoWWTP]/Controller:Global/PLS505_AI.RecAvg,,Float
0,Devices/[DemoWWTP]/Controller:Global/PLS505_AI.RecMinPrev,,Float
0,Devices/[DemoWWTP]/Controller:Global/PLS505_AI.RecMaxPrev,,Float
0,Devices/[DemoWWTP]/Controller:Global/PLS505_AI.RecAvgPrev,,Float
0,Devices/[DemoWWTP]/Controller:Global/PLS701_AI.EnableIn,,Boolean
0,Devices/[DemoWWTP]/Controller:Global/PLS701_AI.EnableOut,,Boolean
0,Devices/[DemoWWTP]/Controller:Global/PLS701_AI.Raw,,Int16
0,Devices/[DemoWWTP]/Controller:Global/PLS701_AI.RawMin,,Int16
0,Devices/[DemoWWTP]/Controller:Global/PLS701_AI.RawMax,,Int16
0,Devices/[DemoWWTP]/Controller:Global/PLS701_AI.EngMin,,Float
0,Devices/[DemoWWTP]/Controller:Global/PLS701_AI.EngMax,,Float
0,Devices/[DemoWWTP]/Controller:Global/PLS701_AI.AI_Ext,,Boolean
0,Devices/[DemoWWTP]/Controller:Global/PLS701_AI.AI_En,,Boolean
0,Devices/[DemoWWTP]/Controller:Global/PLS701_AI.Sim,,Boolean
0,Devices/[DemoWWTP]/Controller:Global/PLS701_AI.Reset,,Boolean
0,Devices/[DemoWWTP]/Controller:Global/PLS701_AI.Scaled,,Float
0,Devices/[DemoWWTP]/Controller:Global/PLS701_AI.PV,,Float
0,Devices/[DemoWWTP]/Controller:Global/PLS701_AI.AvgCntSP,,Int32
0,Devices/[DemoWWTP]/Controller:Global/PLS701_AI.ResetPB,,Boolean
0,Devices/[DemoWWTP]/Controller:Global/PLS701_AI.HiHi_En,,Boolean
0,Devices/[DemoWWTP]/Controller:Global/PLS701_AI.Hi_En,,Boolean
0,Devices/[DemoWWTP]/Controller:Global/PLS701_AI.Lo_En,,Boolean
0,Devices/[DemoWWTP]/Controller:Global/PLS701_AI.LoLo_En,,Boolean
0,Devices/[DemoWWTP]/Controller:Global/PLS701_AI.HiHi_ASP,,Float
0,Devices/[DemoWWTP]/Controller:Global/PLS701_AI.Hi_ASP,,Float
0,Devices/[DemoWWTP]/Controller:Global/PLS701_AI.Lo_ASP,,Float
0,Devices/[DemoWWTP]/Controller:Global/PLS701_AI.LoLo_ASP,,Float
0,Devices/[DemoWWTP]/Controller:Global/PLS701_AI.TxFlt_Time,,Float
0,Devices/[DemoWWTP]/Controller:Global/PLS701_AI.HiHi_Time,,Float
0,Devices/[DemoWWTP]/Controller:Global/PLS701_AI.Hi_Time,,Float
0,Devices/[DemoWWTP]/Controller:Global/PLS701_AI.Lo_Time,,Float
0,Devices/[DemoWWTP]/Controller:Global/PLS701_AI.LoLo_Time,,Float
0,Devices/[DemoWWTP]/Controller:Global/PLS701_AI.Avail,,Boolean
0,Devices/[DemoWWTP]/Controller:Global/PLS701_AI.Alarms,,Int16
0,Devices/[DemoWWTP]/Controller:Global/PLS701_AI.Fault,,Boolean
0,Devices/[DemoWWTP]/Controller:Global/PLS701_AI.TxFlt,,Boolean
0,Devices/[DemoWWTP]/Controller:Global/PLS701_AI.HiHi,,Boolean
0,Devices/[DemoWWTP]/Controller:Global/PLS701_AI.Hi,,Boolean
0,Devices/[DemoWWTP]/Controller:Global/PLS701_AI.Lo,,Boolean
0,Devices/[DemoWWTP]/Controller:Global/PLS701_AI.LoLo,,Boolean
0,Devices/[DemoWWTP]/Controller:Global/PLS701_AI.FQ_Wrn,,Boolean
0,Devices/[DemoWWTP]/Controller:Global/PLS701_AI.Sim_Alm_En,,Boolean
0,Devices/[DemoWWTP]/Controller:Global/PLS701_AI.ExtReset,,Boolean
0,Devices/[DemoWWTP]/Controller:Global/PLS701_AI.Latch_Time,,Float
0,Devices/[DemoWWTP]/Controller:Global/PLS701_AI.RecordStats,,Boolean
0,Devices/[DemoWWTP]/Controller:Global/PLS701_AI.ResetStats,,Boolean
0,Devices/[DemoWWTP]/Controller:Global/PLS701_AI.RecMin,,Float
0,Devices/[DemoWWTP]/Controller:Global/PLS701_AI.RecMax,,Float
0,Devices/[DemoWWTP]/Controller:Global/PLS701_AI.RecAvg,,Float
0,Devices/[DemoWWTP]/Controller:Global/PLS701_AI.RecMinPrev,,Float
0,Devices/[DemoWWTP]/Controller:Global/PLS701_AI.RecMaxPrev,,Float
0,Devices/[DemoWWTP]/Controller:Global/PLS701_AI.RecAvgPrev,,Float
0,Devices/[DemoWWTP]/Controller:Global/PST101_AI.EnableIn,,Boolean
0,Devices/[DemoWWTP]/Controller:Global/PST101_AI.EnableOut,,Boolean
0,Devices/[DemoWWTP]/Controller:Global/PST101_AI.Raw,,Int16
0,Devices/[DemoWWTP]/Controller:Global/PST101_AI.RawMin,,Int16
0,Devices/[DemoWWTP]/Controller:Global/PST101_AI.RawMax,,Int16
0,Devices/[DemoWWTP]/Controller:Global/PST101_AI.EngMin,,Float
0,Devices/[DemoWWTP]/Controller:Global/PST101_AI.EngMax,,Float
0,Devices/[DemoWWTP]/Controller:Global/PST101_AI.AI_Ext,,Boolean
0,Devices/[DemoWWTP]/Controller:Global/PST101_AI.AI_En,,Boolean
0,Devices/[DemoWWTP]/Controller:Global/PST101_AI.Sim,,Boolean
0,Devices/[DemoWWTP]/Controller:Global/PST101_AI.Reset,,Boolean
0,Devices/[DemoWWTP]/Controller:Global/PST101_AI.Scaled,,Float
0,Devices/[DemoWWTP]/Controller:Global/PST101_AI.PV,,Float
0,Devices/[DemoWWTP]/Controller:Global/PST101_AI.AvgCntSP,,Int32
0,Devices/[DemoWWTP]/Controller:Global/PST101_AI.ResetPB,,Boolean
0,Devices/[DemoWWTP]/Controller:Global/PST101_AI.HiHi_En,,Boolean
0,Devices/[DemoWWTP]/Controller:Global/PST101_AI.Hi_En,,Boolean
0,Devices/[DemoWWTP]/Controller:Global/PST101_AI.Lo_En,,Boolean
0,Devices/[DemoWWTP]/Controller:Global/PST101_AI.LoLo_En,,Boolean
0,Devices/[DemoWWTP]/Controller:Global/PST101_AI.HiHi_ASP,,Float
0,Devices/[DemoWWTP]/Controller:Global/PST101_AI.Hi_ASP,,Float
0,Devices/[DemoWWTP]/Controller:Global/PST101_AI.Lo_ASP,,Float
0,Devices/[DemoWWTP]/Controller:Global/PST101_AI.LoLo_ASP,,Float
0,Devices/[DemoWWTP]/Controller:Global/PST101_AI.TxFlt_Time,,Float
0,Devices/[DemoWWTP]/Controller:Global/PST101_AI.HiHi_Time,,Float
0,Devices/[DemoWWTP]/Controller:Global/PST101_AI.Hi_Time,,Float
0,Devices/[DemoWWTP]/Controller:Global/PST101_AI.Lo_Time,,Float
0,Devices/[DemoWWTP]/Controller:Global/PST101_AI.LoLo_Time,,Float
0,Devices/[DemoWWTP]/Controller:Global/PST101_AI.Avail,,Boolean
0,Devices/[DemoWWTP]/Controller:Global/PST101_AI.Alarms,,Int16
0,Devices/[DemoWWTP]/Controller:Global/PST101_AI.Fault,,Boolean
0,Devices/[DemoWWTP]/Controller:Global/PST101_AI.TxFlt,,Boolean
0,Devices/[DemoWWTP]/Controller:Global/PST101_AI.HiHi,,Boolean
0,Devices/[DemoWWTP]/Controller:Global/PST101_AI.Hi,,Boolean
0,Devices/[DemoWWTP]/Controller:Global/PST101_AI.Lo,,Boolean
0,Devices/[DemoWWTP]/Controller:Global/PST101_AI.LoLo,,Boolean
0,Devices/[DemoWWTP]/Controller:Global/PST101_AI.FQ_Wrn,,Boolean
0,Devices/[DemoWWTP]/Controller:Global/PST101_AI.Sim_Alm_En,,Boolean
0,Devices/[DemoWWTP]/Controller:Global/PST101_AI.ExtReset,,Boolean
0,Devices/[DemoWWTP]/Controller:Global/PST101_AI.Latch_Time,,Float
0,Devices/[DemoWWTP]/Controller:Global/PST101_AI.RecordStats,,Boolean
0,Devices/[DemoWWTP]/Controller:Global/PST101_AI.ResetStats,,Boolean
0,Devices/[DemoWWTP]/Controller:Global/PST101_AI.RecMin,,Float
0,Devices/[DemoWWTP]/Controller:Global/PST101_AI.RecMax,,Float
0,Devices/[DemoWWTP]/Controller:Global/PST101_AI.RecAvg,,Float
0,Devices/[DemoWWTP]/Controller:Global/PST101_AI.RecMinPrev,,Float
0,Devices/[DemoWWTP]/Controller:Global/PST101_AI.RecMaxPrev,,Float
0,Devices/[DemoWWTP]/Controller:Global/PST101_AI.RecAvgPrev,,Float
0,Devices/[DemoWWTP]/Controller:Global/PST102_AI.EnableIn,,Boolean
0,Devices/[DemoWWTP]/Controller:Global/PST102_AI.EnableOut,,Boolean
0,Devices/[DemoWWTP]/Controller:Global/PST102_AI.Raw,,Int16
0,Devices/[DemoWWTP]/Controller:Global/PST102_AI.RawMin,,Int16
0,Devices/[DemoWWTP]/Controller:Global/PST102_AI.RawMax,,Int16
0,Devices/[DemoWWTP]/Controller:Global/PST102_AI.EngMin,,Float
0,Devices/[DemoWWTP]/Controller:Global/PST102_AI.EngMax,,Float
0,Devices/[DemoWWTP]/Controller:Global/PST102_AI.AI_Ext,,Boolean
0,Devices/[DemoWWTP]/Controller:Global/PST102_AI.AI_En,,Boolean
0,Devices/[DemoWWTP]/Controller:Global/PST102_AI.Sim,,Boolean
0,Devices/[DemoWWTP]/Controller:Global/PST102_AI.Reset,,Boolean
0,Devices/[DemoWWTP]/Controller:Global/PST102_AI.Scaled,,Float
0,Devices/[DemoWWTP]/Controller:Global/PST102_AI.PV,,Float
0,Devices/[DemoWWTP]/Controller:Global/PST102_AI.AvgCntSP,,Int32
0,Devices/[DemoWWTP]/Controller:Global/PST102_AI.ResetPB,,Boolean
0,Devices/[DemoWWTP]/Controller:Global/PST102_AI.HiHi_En,,Boolean
0,Devices/[DemoWWTP]/Controller:Global/PST102_AI.Hi_En,,Boolean
0,Devices/[DemoWWTP]/Controller:Global/PST102_AI.Lo_En,,Boolean
0,Devices/[DemoWWTP]/Controller:Global/PST102_AI.LoLo_En,,Boolean
0,Devices/[DemoWWTP]/Controller:Global/PST102_AI.HiHi_ASP,,Float
0,Devices/[DemoWWTP]/Controller:Global/PST102_AI.Hi_ASP,,Float
0,Devices/[DemoWWTP]/Controller:Global/PST102_AI.Lo_ASP,,Float
0,Devices/[DemoWWTP]/Controller:Global/PST102_AI.LoLo_ASP,,Float
0,Devices/[DemoWWTP]/Controller:Global/PST102_AI.TxFlt_Time,,Float
0,Devices/[DemoWWTP]/Controller:Global/PST102_AI.HiHi_Time,,Float
0,Devices/[DemoWWTP]/Controller:Global/PST102_AI.Hi_Time,,Float
0,Devices/[DemoWWTP]/Controller:Global/PST102_AI.Lo_Time,,Float
0,Devices/[DemoWWTP]/Controller:Global/PST102_AI.LoLo_Time,,Float
0,Devices/[DemoWWTP]/Controller:Global/PST102_AI.Avail,,Boolean
0,Devices/[DemoWWTP]/Controller:Global/PST102_AI.Alarms,,Int16
0,Devices/[DemoWWTP]/Controller:Global/PST102_AI.Fault,,Boolean
0,Devices/[DemoWWTP]/Controller:Global/PST102_AI.TxFlt,,Boolean
0,Devices/[DemoWWTP]/Controller:Global/PST102_AI.HiHi,,Boolean
0,Devices/[DemoWWTP]/Controller:Global/PST102_AI.Hi,,Boolean
0,Devices/[DemoWWTP]/Controller:Global/PST102_AI.Lo,,Boolean
0,Devices/[DemoWWTP]/Controller:Global/PST102_AI.LoLo,,Boolean
0,Devices/[DemoWWTP]/Controller:Global/PST102_AI.FQ_Wrn,,Boolean
0,Devices/[DemoWWTP]/Controller:Global/PST102_AI.Sim_Alm_En,,Boolean
0,Devices/[DemoWWTP]/Controller:Global/PST102_AI.ExtReset,,Boolean
0,Devices/[DemoWWTP]/Controller:Global/PST102_AI.Latch_Time,,Float
0,Devices/[DemoWWTP]/Controller:Global/PST102_AI.RecordStats,,Boolean
0,Devices/[DemoWWTP]/Controller:Global/PST102_AI.ResetStats,,Boolean
0,Devices/[DemoWWTP]/Controller:Global/PST102_AI.RecMin,,Float
0,Devices/[DemoWWTP]/Controller:Global/PST102_AI.RecMax,,Float
0,Devices/[DemoWWTP]/Controller:Global/PST102_AI.RecAvg,,Float
0,Devices/[DemoWWTP]/Controller:Global/PST102_AI.RecMinPrev,,Float
0,Devices/[DemoWWTP]/Controller:Global/PST102_AI.RecMaxPrev,,Float
0,Devices/[DemoWWTP]/Controller:Global/PST102_AI.RecAvgPrev,,Float
0,Devices/[DemoWWTP]/Controller:Global/PST201_AI.EnableIn,,Boolean
0,Devices/[DemoWWTP]/Controller:Global/PST201_AI.EnableOut,,Boolean
0,Devices/[DemoWWTP]/Controller:Global/PST201_AI.Raw,,Int16
0,Devices/[DemoWWTP]/Controller:Global/PST201_AI.RawMin,,Int16
0,Devices/[DemoWWTP]/Controller:Global/PST201_AI.RawMax,,Int16
0,Devices/[DemoWWTP]/Controller:Global/PST201_AI.EngMin,,Float
0,Devices/[DemoWWTP]/Controller:Global/PST201_AI.EngMax,,Float
0,Devices/[DemoWWTP]/Controller:Global/PST201_AI.AI_Ext,,Boolean
0,Devices/[DemoWWTP]/Controller:Global/PST201_AI.AI_En,,Boolean
0,Devices/[DemoWWTP]/Controller:Global/PST201_AI.Sim,,Boolean
0,Devices/[DemoWWTP]/Controller:Global/PST201_AI.Reset,,Boolean
0,Devices/[DemoWWTP]/Controller:Global/PST201_AI.Scaled,,Float
0,Devices/[DemoWWTP]/Controller:Global/PST201_AI.PV,,Float
0,Devices/[DemoWWTP]/Controller:Global/PST201_AI.AvgCntSP,,Int32
0,Devices/[DemoWWTP]/Controller:Global/PST201_AI.ResetPB,,Boolean
0,Devices/[DemoWWTP]/Controller:Global/PST201_AI.HiHi_En,,Boolean
0,Devices/[DemoWWTP]/Controller:Global/PST201_AI.Hi_En,,Boolean
0,Devices/[DemoWWTP]/Controller:Global/PST201_AI.Lo_En,,Boolean
0,Devices/[DemoWWTP]/Controller:Global/PST201_AI.LoLo_En,,Boolean
0,Devices/[DemoWWTP]/Controller:Global/PST201_AI.HiHi_ASP,,Float
0,Devices/[DemoWWTP]/Controller:Global/PST201_AI.Hi_ASP,,Float
0,Devices/[DemoWWTP]/Controller:Global/PST201_AI.Lo_ASP,,Float
0,Devices/[DemoWWTP]/Controller:Global/PST201_AI.LoLo_ASP,,Float
0,Devices/[DemoWWTP]/Controller:Global/PST201_AI.TxFlt_Time,,Float
0,Devices/[DemoWWTP]/Controller:Global/PST201_AI.HiHi_Time,,Float
0,Devices/[DemoWWTP]/Controller:Global/PST201_AI.Hi_Time,,Float
0,Devices/[DemoWWTP]/Controller:Global/PST201_AI.Lo_Time,,Float
0,Devices/[DemoWWTP]/Controller:Global/PST201_AI.LoLo_Time,,Float
0,Devices/[DemoWWTP]/Controller:Global/PST201_AI.Avail,,Boolean
0,Devices/[DemoWWTP]/Controller:Global/PST201_AI.Alarms,,Int16
0,Devices/[DemoWWTP]/Controller:Global/PST201_AI.Fault,,Boolean
0,Devices/[DemoWWTP]/Controller:Global/PST201_AI.TxFlt,,Boolean
0,Devices/[DemoWWTP]/Controller:Global/PST201_AI.HiHi,,Boolean
0,Devices/[DemoWWTP]/Controller:Global/PST201_AI.Hi,,Boolean
0,Devices/[DemoWWTP]/Controller:Global/PST201_AI.Lo,,Boolean
0,Devices/[DemoWWTP]/Controller:Global/PST201_AI.LoLo,,Boolean
0,Devices/[DemoWWTP]/Controller:Global/PST201_AI.FQ_Wrn,,Boolean
0,Devices/[DemoWWTP]/Controller:Global/PST201_AI.Sim_Alm_En,,Boolean
0,Devices/[DemoWWTP]/Controller:Global/PST201_AI.ExtReset,,Boolean
0,Devices/[DemoWWTP]/Controller:Global/PST201_AI.Latch_Time,,Float
0,Devices/[DemoWWTP]/Controller:Global/PST201_AI.RecordStats,,Boolean
0,Devices/[DemoWWTP]/Controller:Global/PST201_AI.ResetStats,,Boolean
0,Devices/[DemoWWTP]/Controller:Global/PST201_AI.RecMin,,Float
0,Devices/[DemoWWTP]/Controller:Global/PST201_AI.RecMax,,Float
0,Devices/[DemoWWTP]/Controller:Global/PST201_AI.RecAvg,,Float
0,Devices/[DemoWWTP]/Controller:Global/PST201_AI.RecMinPrev,,Float
0,Devices/[DemoWWTP]/Controller:Global/PST201_AI.RecMaxPrev,,Float
0,Devices/[DemoWWTP]/Controller:Global/PST201_AI.RecAvgPrev,,Float
0,Devices/[DemoWWTP]/Controller:Global/PST301_AI.EnableIn,,Boolean
0,Devices/[DemoWWTP]/Controller:Global/PST301_AI.EnableOut,,Boolean
0,Devices/[DemoWWTP]/Controller:Global/PST301_AI.Raw,,Int16
0,Devices/[DemoWWTP]/Controller:Global/PST301_AI.RawMin,,Int16
0,Devices/[DemoWWTP]/Controller:Global/PST301_AI.RawMax,,Int16
0,Devices/[DemoWWTP]/Controller:Global/PST301_AI.EngMin,,Float
0,Devices/[DemoWWTP]/Controller:Global/PST301_AI.EngMax,,Float
0,Devices/[DemoWWTP]/Controller:Global/PST301_AI.AI_Ext,,Boolean
0,Devices/[DemoWWTP]/Controller:Global/PST301_AI.AI_En,,Boolean
0,Devices/[DemoWWTP]/Controller:Global/PST301_AI.Sim,,Boolean
0,Devices/[DemoWWTP]/Controller:Global/PST301_AI.Reset,,Boolean
0,Devices/[DemoWWTP]/Controller:Global/PST301_AI.Scaled,,Float
0,Devices/[DemoWWTP]/Controller:Global/PST301_AI.PV,,Float
0,Devices/[DemoWWTP]/Controller:Global/PST301_AI.AvgCntSP,,Int32
0,Devices/[DemoWWTP]/Controller:Global/PST301_AI.ResetPB,,Boolean
0,Devices/[DemoWWTP]/Controller:Global/PST301_AI.HiHi_En,,Boolean
0,Devices/[DemoWWTP]/Controller:Global/PST301_AI.Hi_En,,Boolean
0,Devices/[DemoWWTP]/Controller:Global/PST301_AI.Lo_En,,Boolean
0,Devices/[DemoWWTP]/Controller:Global/PST301_AI.LoLo_En,,Boolean
0,Devices/[DemoWWTP]/Controller:Global/PST301_AI.HiHi_ASP,,Float
0,Devices/[DemoWWTP]/Controller:Global/PST301_AI.Hi_ASP,,Float
0,Devices/[DemoWWTP]/Controller:Global/PST301_AI.Lo_ASP,,Float
0,Devices/[DemoWWTP]/Controller:Global/PST301_AI.LoLo_ASP,,Float
0,Devices/[DemoWWTP]/Controller:Global/PST301_AI.TxFlt_Time,,Float
0,Devices/[DemoWWTP]/Controller:Global/PST301_AI.HiHi_Time,,Float
0,Devices/[DemoWWTP]/Controller:Global/PST301_AI.Hi_Time,,Float
0,Devices/[DemoWWTP]/Controller:Global/PST301_AI.Lo_Time,,Float
0,Devices/[DemoWWTP]/Controller:Global/PST301_AI.LoLo_Time,,Float
0,Devices/[DemoWWTP]/Controller:Global/PST301_AI.Avail,,Boolean
0,Devices/[DemoWWTP]/Controller:Global/PST301_AI.Alarms,,Int16
0,Devices/[DemoWWTP]/Controller:Global/PST301_AI.Fault,,Boolean
0,Devices/[DemoWWTP]/Controller:Global/PST301_AI.TxFlt,,Boolean
0,Devices/[DemoWWTP]/Controller:Global/PST301_AI.HiHi,,Boolean
0,Devices/[DemoWWTP]/Controller:Global/PST301_AI.Hi,,Boolean
0,Devices/[DemoWWTP]/Controller:Global/PST301_AI.Lo,,Boolean
0,Devices/[DemoWWTP]/Controller:Global/PST301_AI.LoLo,,Boolean
0,Devices/[DemoWWTP]/Controller:Global/PST301_AI.FQ_Wrn,,Boolean
0,Devices/[DemoWWTP]/Controller:Global/PST301_AI.Sim_Alm_En,,Boolean
0,Devices/[DemoWWTP]/Controller:Global/PST301_AI.ExtReset,,Boolean
0,Devices/[DemoWWTP]/Controller:Global/PST301_AI.Latch_Time,,Float
0,Devices/[DemoWWTP]/Controller:Global/PST301_AI.RecordStats,,Boolean
0,Devices/[DemoWWTP]/Controller:Global/PST301_AI.ResetStats,,Boolean
0,Devices/[DemoWWTP]/Controller:Global/PST301_AI.RecMin,,Float
0,Devices/[DemoWWTP]/Controller:Global/PST301_AI.RecMax,,Float
0,Devices/[DemoWWTP]/Controller:Global/PST301_AI.RecAvg,,Float
0,Devices/[DemoWWTP]/Controller:Global/PST301_AI.RecMinPrev,,Float
0,Devices/[DemoWWTP]/Controller:Global/PST301_AI.RecMaxPrev,,Float
0,Devices/[DemoWWTP]/Controller:Global/PST301_AI.RecAvgPrev,,Float
0,Devices/[DemoWWTP]/Controller:Global/PST302_AI.EnableIn,,Boolean
0,Devices/[DemoWWTP]/Controller:Global/PST302_AI.EnableOut,,Boolean
0,Devices/[DemoWWTP]/Controller:Global/PST302_AI.Raw,,Int16
0,Devices/[DemoWWTP]/Controller:Global/PST302_AI.RawMin,,Int16
0,Devices/[DemoWWTP]/Controller:Global/PST302_AI.RawMax,,Int16
0,Devices/[DemoWWTP]/Controller:Global/PST302_AI.EngMin,,Float
0,Devices/[DemoWWTP]/Controller:Global/PST302_AI.EngMax,,Float
0,Devices/[DemoWWTP]/Controller:Global/PST302_AI.AI_Ext,,Boolean
0,Devices/[DemoWWTP]/Controller:Global/PST302_AI.AI_En,,Boolean
0,Devices/[DemoWWTP]/Controller:Global/PST302_AI.Sim,,Boolean
0,Devices/[DemoWWTP]/Controller:Global/PST302_AI.Reset,,Boolean
0,Devices/[DemoWWTP]/Controller:Global/PST302_AI.Scaled,,Float
0,Devices/[DemoWWTP]/Controller:Global/PST302_AI.PV,,Float
0,Devices/[DemoWWTP]/Controller:Global/PST302_AI.AvgCntSP,,Int32
0,Devices/[DemoWWTP]/Controller:Global/PST302_AI.ResetPB,,Boolean
0,Devices/[DemoWWTP]/Controller:Global/PST302_AI.HiHi_En,,Boolean
0,Devices/[DemoWWTP]/Controller:Global/PST302_AI.Hi_En,,Boolean
0,Devices/[DemoWWTP]/Controller:Global/PST302_AI.Lo_En,,Boolean
0,Devices/[DemoWWTP]/Controller:Global/PST302_AI.LoLo_En,,Boolean
0,Devices/[DemoWWTP]/Controller:Global/PST302_AI.HiHi_ASP,,Float
0,Devices/[DemoWWTP]/Controller:Global/PST302_AI.Hi_ASP,,Float
0,Devices/[DemoWWTP]/Controller:Global/PST302_AI.Lo_ASP,,Float
0,Devices/[DemoWWTP]/Controller:Global/PST302_AI.LoLo_ASP,,Float
0,Devices/[DemoWWTP]/Controller:Global/PST302_AI.TxFlt_Time,,Float
0,Devices/[DemoWWTP]/Controller:Global/PST302_AI.HiHi_Time,,Float
0,Devices/[DemoWWTP]/Controller:Global/PST302_AI.Hi_Time,,Float
0,Devices/[DemoWWTP]/Controller:Global/PST302_AI.Lo_Time,,Float
0,Devices/[DemoWWTP]/Controller:Global/PST302_AI.LoLo_Time,,Float
0,Devices/[DemoWWTP]/Controller:Global/PST302_AI.Avail,,Boolean
0,Devices/[DemoWWTP]/Controller:Global/PST302_AI.Alarms,,Int16
0,Devices/[DemoWWTP]/Controller:Global/PST302_AI.Fault,,Boolean
0,Devices/[DemoWWTP]/Controller:Global/PST302_AI.TxFlt,,Boolean
0,Devices/[DemoWWTP]/Controller:Global/PST302_AI.HiHi,,Boolean
0,Devices/[DemoWWTP]/Controller:Global/PST302_AI.Hi,,Boolean
0,Devices/[DemoWWTP]/Controller:Global/PST302_AI.Lo,,Boolean
0,Devices/[DemoWWTP]/Controller:Global/PST302_AI.LoLo,,Boolean
0,Devices/[DemoWWTP]/Controller:Global/PST302_AI.FQ_Wrn,,Boolean
0,Devices/[DemoWWTP]/Controller:Global/PST302_AI.Sim_Alm_En,,Boolean
0,Devices/[DemoWWTP]/Controller:Global/PST302_AI.ExtReset,,Boolean
0,Devices/[DemoWWTP]/Controller:Global/PST302_AI.Latch_Time,,Float
0,Devices/[DemoWWTP]/Controller:Global/PST302_AI.RecordStats,,Boolean
0,Devices/[DemoWWTP]/Controller:Global/PST302_AI.ResetStats,,Boolean
0,Devices/[DemoWWTP]/Controller:Global/PST302_AI.RecMin,,Float
0,Devices/[DemoWWTP]/Controller:Global/PST302_AI.RecMax,,Float
0,Devices/[DemoWWTP]/Controller:Global/PST302_AI.RecAvg,,Float
0,Devices/[DemoWWTP]/Controller:Global/PST302_AI.RecMinPrev,,Float
0,Devices/[DemoWWTP]/Controller:Global/PST302_AI.RecMaxPrev,,Float
0,Devices/[DemoWWTP]/Controller:Global/PST302_AI.RecAvgPrev,,Float
0,Devices/[DemoWWTP]/Controller:Global/PST303_AI.EnableIn,,Boolean
0,Devices/[DemoWWTP]/Controller:Global/PST303_AI.EnableOut,,Boolean
0,Devices/[DemoWWTP]/Controller:Global/PST303_AI.Raw,,Int16
0,Devices/[DemoWWTP]/Controller:Global/PST303_AI.RawMin,,Int16
0,Devices/[DemoWWTP]/Controller:Global/PST303_AI.RawMax,,Int16
0,Devices/[DemoWWTP]/Controller:Global/PST303_AI.EngMin,,Float
0,Devices/[DemoWWTP]/Controller:Global/PST303_AI.EngMax,,Float
0,Devices/[DemoWWTP]/Controller:Global/PST303_AI.AI_Ext,,Boolean
0,Devices/[DemoWWTP]/Controller:Global/PST303_AI.AI_En,,Boolean
0,Devices/[DemoWWTP]/Controller:Global/PST303_AI.Sim,,Boolean
0,Devices/[DemoWWTP]/Controller:Global/PST303_AI.Reset,,Boolean
0,Devices/[DemoWWTP]/Controller:Global/PST303_AI.Scaled,,Float
0,Devices/[DemoWWTP]/Controller:Global/PST303_AI.PV,,Float
0,Devices/[DemoWWTP]/Controller:Global/PST303_AI.AvgCntSP,,Int32
0,Devices/[DemoWWTP]/Controller:Global/PST303_AI.ResetPB,,Boolean
0,Devices/[DemoWWTP]/Controller:Global/PST303_AI.HiHi_En,,Boolean
0,Devices/[DemoWWTP]/Controller:Global/PST303_AI.Hi_En,,Boolean
0,Devices/[DemoWWTP]/Controller:Global/PST303_AI.Lo_En,,Boolean
0,Devices/[DemoWWTP]/Controller:Global/PST303_AI.LoLo_En,,Boolean
0,Devices/[DemoWWTP]/Controller:Global/PST303_AI.HiHi_ASP,,Float
0,Devices/[DemoWWTP]/Controller:Global/PST303_AI.Hi_ASP,,Float
0,Devices/[DemoWWTP]/Controller:Global/PST303_AI.Lo_ASP,,Float
0,Devices/[DemoWWTP]/Controller:Global/PST303_AI.LoLo_ASP,,Float
0,Devices/[DemoWWTP]/Controller:Global/PST303_AI.TxFlt_Time,,Float
0,Devices/[DemoWWTP]/Controller:Global/PST303_AI.HiHi_Time,,Float
0,Devices/[DemoWWTP]/Controller:Global/PST303_AI.Hi_Time,,Float
0,Devices/[DemoWWTP]/Controller:Global/PST303_AI.Lo_Time,,Float
0,Devices/[DemoWWTP]/Controller:Global/PST303_AI.LoLo_Time,,Float
0,Devices/[DemoWWTP]/Controller:Global/PST303_AI.Avail,,Boolean
0,Devices/[DemoWWTP]/Controller:Global/PST303_AI.Alarms,,Int16
0,Devices/[DemoWWTP]/Controller:Global/PST303_AI.Fault,,Boolean
0,Devices/[DemoWWTP]/Controller:Global/PST303_AI.TxFlt,,Boolean
0,Devices/[DemoWWTP]/Controller:Global/PST303_AI.HiHi,,Boolean
0,Devices/[DemoWWTP]/Controller:Global/PST303_AI.Hi,,Boolean
0,Devices/[DemoWWTP]/Controller:Global/PST303_AI.Lo,,Boolean
0,Devices/[DemoWWTP]/Controller:Global/PST303_AI.LoLo,,Boolean
0,Devices/[DemoWWTP]/Controller:Global/PST303_AI.FQ_Wrn,,Boolean
0,Devices/[DemoWWTP]/Controller:Global/PST303_AI.Sim_Alm_En,,Boolean
0,Devices/[DemoWWTP]/Controller:Global/PST303_AI.ExtReset,,Boolean
0,Devices/[DemoWWTP]/Controller:Global/PST303_AI.Latch_Time,,Float
0,Devices/[DemoWWTP]/Controller:Global/PST303_AI.RecordStats,,Boolean
0,Devices/[DemoWWTP]/Controller:Global/PST303_AI.ResetStats,,Boolean
0,Devices/[DemoWWTP]/Controller:Global/PST303_AI.RecMin,,Float
0,Devices/[DemoWWTP]/Controller:Global/PST303_AI.RecMax,,Float
0,Devices/[DemoWWTP]/Controller:Global/PST303_AI.RecAvg,,Float
0,Devices/[DemoWWTP]/Controller:Global/PST303_AI.RecMinPrev,,Float
0,Devices/[DemoWWTP]/Controller:Global/PST303_AI.RecMaxPrev,,Float
0,Devices/[DemoWWTP]/Controller:Global/PST303_AI.RecAvgPrev,,Float
0,Devices/[DemoWWTP]/Controller:Global/PST304_AI.EnableIn,,Boolean
0,Devices/[DemoWWTP]/Controller:Global/PST304_AI.EnableOut,,Boolean
0,Devices/[DemoWWTP]/Controller:Global/PST304_AI.Raw,,Int16
0,Devices/[DemoWWTP]/Controller:Global/PST304_AI.RawMin,,Int16
0,Devices/[DemoWWTP]/Controller:Global/PST304_AI.RawMax,,Int16
0,Devices/[DemoWWTP]/Controller:Global/PST304_AI.EngMin,,Float
0,Devices/[DemoWWTP]/Controller:Global/PST304_AI.EngMax,,Float
0,Devices/[DemoWWTP]/Controller:Global/PST304_AI.AI_Ext,,Boolean
0,Devices/[DemoWWTP]/Controller:Global/PST304_AI.AI_En,,Boolean
0,Devices/[DemoWWTP]/Controller:Global/PST304_AI.Sim,,Boolean
0,Devices/[DemoWWTP]/Controller:Global/PST304_AI.Reset,,Boolean
0,Devices/[DemoWWTP]/Controller:Global/PST304_AI.Scaled,,Float
0,Devices/[DemoWWTP]/Controller:Global/PST304_AI.PV,,Float
0,Devices/[DemoWWTP]/Controller:Global/PST304_AI.AvgCntSP,,Int32
0,Devices/[DemoWWTP]/Controller:Global/PST304_AI.ResetPB,,Boolean
0,Devices/[DemoWWTP]/Controller:Global/PST304_AI.HiHi_En,,Boolean
0,Devices/[DemoWWTP]/Controller:Global/PST304_AI.Hi_En,,Boolean
0,Devices/[DemoWWTP]/Controller:Global/PST304_AI.Lo_En,,Boolean
0,Devices/[DemoWWTP]/Controller:Global/PST304_AI.LoLo_En,,Boolean
0,Devices/[DemoWWTP]/Controller:Global/PST304_AI.HiHi_ASP,,Float
0,Devices/[DemoWWTP]/Controller:Global/PST304_AI.Hi_ASP,,Float
0,Devices/[DemoWWTP]/Controller:Global/PST304_AI.Lo_ASP,,Float
0,Devices/[DemoWWTP]/Controller:Global/PST304_AI.LoLo_ASP,,Float
0,Devices/[DemoWWTP]/Controller:Global/PST304_AI.TxFlt_Time,,Float
0,Devices/[DemoWWTP]/Controller:Global/PST304_AI.HiHi_Time,,Float
0,Devices/[DemoWWTP]/Controller:Global/PST304_AI.Hi_Time,,Float
0,Devices/[DemoWWTP]/Controller:Global/PST304_AI.Lo_Time,,Float
0,Devices/[DemoWWTP]/Controller:Global/PST304_AI.LoLo_Time,,Float
0,Devices/[DemoWWTP]/Controller:Global/PST304_AI.Avail,,Boolean
0,Devices/[DemoWWTP]/Controller:Global/PST304_AI.Alarms,,Int16
0,Devices/[DemoWWTP]/Controller:Global/PST304_AI.Fault,,Boolean
0,Devices/[DemoWWTP]/Controller:Global/PST304_AI.TxFlt,,Boolean
0,Devices/[DemoWWTP]/Controller:Global/PST304_AI.HiHi,,Boolean
0,Devices/[DemoWWTP]/Controller:Global/PST304_AI.Hi,,Boolean
0,Devices/[DemoWWTP]/Controller:Global/PST304_AI.Lo,,Boolean
0,Devices/[DemoWWTP]/Controller:Global/PST304_AI.LoLo,,Boolean
0,Devices/[DemoWWTP]/Controller:Global/PST304_AI.FQ_Wrn,,Boolean
0,Devices/[DemoWWTP]/Controller:Global/PST304_AI.Sim_Alm_En,,Boolean
0,Devices/[DemoWWTP]/Controller:Global/PST304_AI.ExtReset,,Boolean
0,Devices/[DemoWWTP]/Controller:Global/PST304_AI.Latch_Time,,Float
0,Devices/[DemoWWTP]/Controller:Global/PST304_AI.RecordStats,,Boolean
0,Devices/[DemoWWTP]/Controller:Global/PST304_AI.ResetStats,,Boolean
0,Devices/[DemoWWTP]/Controller:Global/PST304_AI.RecMin,,Float
0,Devices/[DemoWWTP]/Controller:Global/PST304_AI.RecMax,,Float
0,Devices/[DemoWWTP]/Controller:Global/PST304_AI.RecAvg,,Float
0,Devices/[DemoWWTP]/Controller:Global/PST304_AI.RecMinPrev,,Float
0,Devices/[DemoWWTP]/Controller:Global/PST304_AI.RecMaxPrev,,Float
0,Devices/[DemoWWTP]/Controller:Global/PST304_AI.RecAvgPrev,,Float
0,Devices/[DemoWWTP]/Controller:Global/PST401_AI.EnableIn,,Boolean
0,Devices/[DemoWWTP]/Controller:Global/PST401_AI.EnableOut,,Boolean
0,Devices/[DemoWWTP]/Controller:Global/PST401_AI.Raw,,Int16
0,Devices/[DemoWWTP]/Controller:Global/PST401_AI.RawMin,,Int16
0,Devices/[DemoWWTP]/Controller:Global/PST401_AI.RawMax,,Int16
0,Devices/[DemoWWTP]/Controller:Global/PST401_AI.EngMin,,Float
0,Devices/[DemoWWTP]/Controller:Global/PST401_AI.EngMax,,Float
0,Devices/[DemoWWTP]/Controller:Global/PST401_AI.AI_Ext,,Boolean
0,Devices/[DemoWWTP]/Controller:Global/PST401_AI.AI_En,,Boolean
0,Devices/[DemoWWTP]/Controller:Global/PST401_AI.Sim,,Boolean
0,Devices/[DemoWWTP]/Controller:Global/PST401_AI.Reset,,Boolean
0,Devices/[DemoWWTP]/Controller:Global/PST401_AI.Scaled,,Float
0,Devices/[DemoWWTP]/Controller:Global/PST401_AI.PV,,Float
0,Devices/[DemoWWTP]/Controller:Global/PST401_AI.AvgCntSP,,Int32
0,Devices/[DemoWWTP]/Controller:Global/PST401_AI.ResetPB,,Boolean
0,Devices/[DemoWWTP]/Controller:Global/PST401_AI.HiHi_En,,Boolean
0,Devices/[DemoWWTP]/Controller:Global/PST401_AI.Hi_En,,Boolean
0,Devices/[DemoWWTP]/Controller:Global/PST401_AI.Lo_En,,Boolean
0,Devices/[DemoWWTP]/Controller:Global/PST401_AI.LoLo_En,,Boolean
0,Devices/[DemoWWTP]/Controller:Global/PST401_AI.HiHi_ASP,,Float
0,Devices/[DemoWWTP]/Controller:Global/PST401_AI.Hi_ASP,,Float
0,Devices/[DemoWWTP]/Controller:Global/PST401_AI.Lo_ASP,,Float
0,Devices/[DemoWWTP]/Controller:Global/PST401_AI.LoLo_ASP,,Float
0,Devices/[DemoWWTP]/Controller:Global/PST401_AI.TxFlt_Time,,Float
0,Devices/[DemoWWTP]/Controller:Global/PST401_AI.HiHi_Time,,Float
0,Devices/[DemoWWTP]/Controller:Global/PST401_AI.Hi_Time,,Float
0,Devices/[DemoWWTP]/Controller:Global/PST401_AI.Lo_Time,,Float
0,Devices/[DemoWWTP]/Controller:Global/PST401_AI.LoLo_Time,,Float
0,Devices/[DemoWWTP]/Controller:Global/PST401_AI.Avail,,Boolean
0,Devices/[DemoWWTP]/Controller:Global/PST401_AI.Alarms,,Int16
0,Devices/[DemoWWTP]/Controller:Global/PST401_AI.Fault,,Boolean
0,Devices/[DemoWWTP]/Controller:Global/PST401_AI.TxFlt,,Boolean
0,Devices/[DemoWWTP]/Controller:Global/PST401_AI.HiHi,,Boolean
0,Devices/[DemoWWTP]/Controller:Global/PST401_AI.Hi,,Boolean
0,Devices/[DemoWWTP]/Controller:Global/PST401_AI.Lo,,Boolean
0,Devices/[DemoWWTP]/Controller:Global/PST401_AI.LoLo,,Boolean
0,Devices/[DemoWWTP]/Controller:Global/PST401_AI.FQ_Wrn,,Boolean
0,Devices/[DemoWWTP]/Controller:Global/PST401_AI.Sim_Alm_En,,Boolean
0,Devices/[DemoWWTP]/Controller:Global/PST401_AI.ExtReset,,Boolean
0,Devices/[DemoWWTP]/Controller:Global/PST401_AI.Latch_Time,,Float
0,Devices/[DemoWWTP]/Controller:Global/PST401_AI.RecordStats,,Boolean
0,Devices/[DemoWWTP]/Controller:Global/PST401_AI.ResetStats,,Boolean
0,Devices/[DemoWWTP]/Controller:Global/PST401_AI.RecMin,,Float
0,Devices/[DemoWWTP]/Controller:Global/PST401_AI.RecMax,,Float
0,Devices/[DemoWWTP]/Controller:Global/PST401_AI.RecAvg,,Float
0,Devices/[DemoWWTP]/Controller:Global/PST401_AI.RecMinPrev,,Float
0,Devices/[DemoWWTP]/Controller:Global/PST401_AI.RecMaxPrev,,Float
0,Devices/[DemoWWTP]/Controller:Global/PST401_AI.RecAvgPrev,,Float
0,Devices/[DemoWWTP]/Controller:Global/PST501_AI.EnableIn,,Boolean
0,Devices/[DemoWWTP]/Controller:Global/PST501_AI.EnableOut,,Boolean
0,Devices/[DemoWWTP]/Controller:Global/PST501_AI.Raw,,Int16
0,Devices/[DemoWWTP]/Controller:Global/PST501_AI.RawMin,,Int16
0,Devices/[DemoWWTP]/Controller:Global/PST501_AI.RawMax,,Int16
0,Devices/[DemoWWTP]/Controller:Global/PST501_AI.EngMin,,Float
0,Devices/[DemoWWTP]/Controller:Global/PST501_AI.EngMax,,Float
0,Devices/[DemoWWTP]/Controller:Global/PST501_AI.AI_Ext,,Boolean
0,Devices/[DemoWWTP]/Controller:Global/PST501_AI.AI_En,,Boolean
0,Devices/[DemoWWTP]/Controller:Global/PST501_AI.Sim,,Boolean
0,Devices/[DemoWWTP]/Controller:Global/PST501_AI.Reset,,Boolean
0,Devices/[DemoWWTP]/Controller:Global/PST501_AI.Scaled,,Float
0,Devices/[DemoWWTP]/Controller:Global/PST501_AI.PV,,Float
0,Devices/[DemoWWTP]/Controller:Global/PST501_AI.AvgCntSP,,Int32
0,Devices/[DemoWWTP]/Controller:Global/PST501_AI.ResetPB,,Boolean
0,Devices/[DemoWWTP]/Controller:Global/PST501_AI.HiHi_En,,Boolean
0,Devices/[DemoWWTP]/Controller:Global/PST501_AI.Hi_En,,Boolean
0,Devices/[DemoWWTP]/Controller:Global/PST501_AI.Lo_En,,Boolean
0,Devices/[DemoWWTP]/Controller:Global/PST501_AI.LoLo_En,,Boolean
0,Devices/[DemoWWTP]/Controller:Global/PST501_AI.HiHi_ASP,,Float
0,Devices/[DemoWWTP]/Controller:Global/PST501_AI.Hi_ASP,,Float
0,Devices/[DemoWWTP]/Controller:Global/PST501_AI.Lo_ASP,,Float
0,Devices/[DemoWWTP]/Controller:Global/PST501_AI.LoLo_ASP,,Float
0,Devices/[DemoWWTP]/Controller:Global/PST501_AI.TxFlt_Time,,Float
0,Devices/[DemoWWTP]/Controller:Global/PST501_AI.HiHi_Time,,Float
0,Devices/[DemoWWTP]/Controller:Global/PST501_AI.Hi_Time,,Float
0,Devices/[DemoWWTP]/Controller:Global/PST501_AI.Lo_Time,,Float
0,Devices/[DemoWWTP]/Controller:Global/PST501_AI.LoLo_Time,,Float
0,Devices/[DemoWWTP]/Controller:Global/PST501_AI.Avail,,Boolean
0,Devices/[DemoWWTP]/Controller:Global/PST501_AI.Alarms,,Int16
0,Devices/[DemoWWTP]/Controller:Global/PST501_AI.Fault,,Boolean
0,Devices/[DemoWWTP]/Controller:Global/PST501_AI.TxFlt,,Boolean
0,Devices/[DemoWWTP]/Controller:Global/PST501_AI.HiHi,,Boolean
0,Devices/[DemoWWTP]/Controller:Global/PST501_AI.Hi,,Boolean
0,Devices/[DemoWWTP]/Controller:Global/PST501_AI.Lo,,Boolean
0,Devices/[DemoWWTP]/Controller:Global/PST501_AI.LoLo,,Boolean
0,Devices/[DemoWWTP]/Controller:Global/PST501_AI.FQ_Wrn,,Boolean
0,Devices/[DemoWWTP]/Controller:Global/PST501_AI.Sim_Alm_En,,Boolean
0,Devices/[DemoWWTP]/Controller:Global/PST501_AI.ExtReset,,Boolean
0,Devices/[DemoWWTP]/Controller:Global/PST501_AI.Latch_Time,,Float
0,Devices/[DemoWWTP]/Controller:Global/PST501_AI.RecordStats,,Boolean
0,Devices/[DemoWWTP]/Controller:Global/PST501_AI.ResetStats,,Boolean
0,Devices/[DemoWWTP]/Controller:Global/PST501_AI.RecMin,,Float
0,Devices/[DemoWWTP]/Controller:Global/PST501_AI.RecMax,,Float
0,Devices/[DemoWWTP]/Controller:Global/PST501_AI.RecAvg,,Float
0,Devices/[DemoWWTP]/Controller:Global/PST501_AI.RecMinPrev,,Float
0,Devices/[DemoWWTP]/Controller:Global/PST501_AI.RecMaxPrev,,Float
0,Devices/[DemoWWTP]/Controller:Global/PST501_AI.RecAvgPrev,,Float
0,Devices/[DemoWWTP]/Controller:Global/PST502_AI.EnableIn,,Boolean
0,Devices/[DemoWWTP]/Controller:Global/PST502_AI.EnableOut,,Boolean
0,Devices/[DemoWWTP]/Controller:Global/PST502_AI.Raw,,Int16
0,Devices/[DemoWWTP]/Controller:Global/PST502_AI.RawMin,,Int16
0,Devices/[DemoWWTP]/Controller:Global/PST502_AI.RawMax,,Int16
0,Devices/[DemoWWTP]/Controller:Global/PST502_AI.EngMin,,Float
0,Devices/[DemoWWTP]/Controller:Global/PST502_AI.EngMax,,Float
0,Devices/[DemoWWTP]/Controller:Global/PST502_AI.AI_Ext,,Boolean
0,Devices/[DemoWWTP]/Controller:Global/PST502_AI.AI_En,,Boolean
0,Devices/[DemoWWTP]/Controller:Global/PST502_AI.Sim,,Boolean
0,Devices/[DemoWWTP]/Controller:Global/PST502_AI.Reset,,Boolean
0,Devices/[DemoWWTP]/Controller:Global/PST502_AI.Scaled,,Float
0,Devices/[DemoWWTP]/Controller:Global/PST502_AI.PV,,Float
0,Devices/[DemoWWTP]/Controller:Global/PST502_AI.AvgCntSP,,Int32
0,Devices/[DemoWWTP]/Controller:Global/PST502_AI.ResetPB,,Boolean
0,Devices/[DemoWWTP]/Controller:Global/PST502_AI.HiHi_En,,Boolean
0,Devices/[DemoWWTP]/Controller:Global/PST502_AI.Hi_En,,Boolean
0,Devices/[DemoWWTP]/Controller:Global/PST502_AI.Lo_En,,Boolean
0,Devices/[DemoWWTP]/Controller:Global/PST502_AI.LoLo_En,,Boolean
0,Devices/[DemoWWTP]/Controller:Global/PST502_AI.HiHi_ASP,,Float
0,Devices/[DemoWWTP]/Controller:Global/PST502_AI.Hi_ASP,,Float
0,Devices/[DemoWWTP]/Controller:Global/PST502_AI.Lo_ASP,,Float
0,Devices/[DemoWWTP]/Controller:Global/PST502_AI.LoLo_ASP,,Float
0,Devices/[DemoWWTP]/Controller:Global/PST502_AI.TxFlt_Time,,Float
0,Devices/[DemoWWTP]/Controller:Global/PST502_AI.HiHi_Time,,Float
0,Devices/[DemoWWTP]/Controller:Global/PST502_AI.Hi_Time,,Float
0,Devices/[DemoWWTP]/Controller:Global/PST502_AI.Lo_Time,,Float
0,Devices/[DemoWWTP]/Controller:Global/PST502_AI.LoLo_Time,,Float
0,Devices/[DemoWWTP]/Controller:Global/PST502_AI.Avail,,Boolean
0,Devices/[DemoWWTP]/Controller:Global/PST502_AI.Alarms,,Int16
0,Devices/[DemoWWTP]/Controller:Global/PST502_AI.Fault,,Boolean
0,Devices/[DemoWWTP]/Controller:Global/PST502_AI.TxFlt,,Boolean
0,Devices/[DemoWWTP]/Controller:Global/PST502_AI.HiHi,,Boolean
0,Devices/[DemoWWTP]/Controller:Global/PST502_AI.Hi,,Boolean
0,Devices/[DemoWWTP]/Controller:Global/PST502_AI.Lo,,Boolean
0,Devices/[DemoWWTP]/Controller:Global/PST502_AI.LoLo,,Boolean
0,Devices/[DemoWWTP]/Controller:Global/PST502_AI.FQ_Wrn,,Boolean
0,Devices/[DemoWWTP]/Controller:Global/PST502_AI.Sim_Alm_En,,Boolean
0,Devices/[DemoWWTP]/Controller:Global/PST502_AI.ExtReset,,Boolean
0,Devices/[DemoWWTP]/Controller:Global/PST502_AI.Latch_Time,,Float
0,Devices/[DemoWWTP]/Controller:Global/PST502_AI.RecordStats,,Boolean
0,Devices/[DemoWWTP]/Controller:Global/PST502_AI.ResetStats,,Boolean
0,Devices/[DemoWWTP]/Controller:Global/PST502_AI.RecMin,,Float
0,Devices/[DemoWWTP]/Controller:Global/PST502_AI.RecMax,,Float
0,Devices/[DemoWWTP]/Controller:Global/PST502_AI.RecAvg,,Float
0,Devices/[DemoWWTP]/Controller:Global/PST502_AI.RecMinPrev,,Float
0,Devices/[DemoWWTP]/Controller:Global/PST502_AI.RecMaxPrev,,Float
0,Devices/[DemoWWTP]/Controller:Global/PST502_AI.RecAvgPrev,,Float
0,Devices/[DemoWWTP]/Controller:Global/PST503_AI.EnableIn,,Boolean
0,Devices/[DemoWWTP]/Controller:Global/PST503_AI.EnableOut,,Boolean
0,Devices/[DemoWWTP]/Controller:Global/PST503_AI.Raw,,Int16
0,Devices/[DemoWWTP]/Controller:Global/PST503_AI.RawMin,,Int16
0,Devices/[DemoWWTP]/Controller:Global/PST503_AI.RawMax,,Int16
0,Devices/[DemoWWTP]/Controller:Global/PST503_AI.EngMin,,Float
0,Devices/[DemoWWTP]/Controller:Global/PST503_AI.EngMax,,Float
0,Devices/[DemoWWTP]/Controller:Global/PST503_AI.AI_Ext,,Boolean
0,Devices/[DemoWWTP]/Controller:Global/PST503_AI.AI_En,,Boolean
0,Devices/[DemoWWTP]/Controller:Global/PST503_AI.Sim,,Boolean
0,Devices/[DemoWWTP]/Controller:Global/PST503_AI.Reset,,Boolean
0,Devices/[DemoWWTP]/Controller:Global/PST503_AI.Scaled,,Float
0,Devices/[DemoWWTP]/Controller:Global/PST503_AI.PV,,Float
0,Devices/[DemoWWTP]/Controller:Global/PST503_AI.AvgCntSP,,Int32
0,Devices/[DemoWWTP]/Controller:Global/PST503_AI.ResetPB,,Boolean
0,Devices/[DemoWWTP]/Controller:Global/PST503_AI.HiHi_En,,Boolean
0,Devices/[DemoWWTP]/Controller:Global/PST503_AI.Hi_En,,Boolean
0,Devices/[DemoWWTP]/Controller:Global/PST503_AI.Lo_En,,Boolean
0,Devices/[DemoWWTP]/Controller:Global/PST503_AI.LoLo_En,,Boolean
0,Devices/[DemoWWTP]/Controller:Global/PST503_AI.HiHi_ASP,,Float
0,Devices/[DemoWWTP]/Controller:Global/PST503_AI.Hi_ASP,,Float
0,Devices/[DemoWWTP]/Controller:Global/PST503_AI.Lo_ASP,,Float
0,Devices/[DemoWWTP]/Controller:Global/PST503_AI.LoLo_ASP,,Float
0,Devices/[DemoWWTP]/Controller:Global/PST503_AI.TxFlt_Time,,Float
0,Devices/[DemoWWTP]/Controller:Global/PST503_AI.HiHi_Time,,Float
0,Devices/[DemoWWTP]/Controller:Global/PST503_AI.Hi_Time,,Float
0,Devices/[DemoWWTP]/Controller:Global/PST503_AI.Lo_Time,,Float
0,Devices/[DemoWWTP]/Controller:Global/PST503_AI.LoLo_Time,,Float
0,Devices/[DemoWWTP]/Controller:Global/PST503_AI.Avail,,Boolean
0,Devices/[DemoWWTP]/Controller:Global/PST503_AI.Alarms,,Int16
0,Devices/[DemoWWTP]/Controller:Global/PST503_AI.Fault,,Boolean
0,Devices/[DemoWWTP]/Controller:Global/PST503_AI.TxFlt,,Boolean
0,Devices/[DemoWWTP]/Controller:Global/PST503_AI.HiHi,,Boolean
0,Devices/[DemoWWTP]/Controller:Global/PST503_AI.Hi,,Boolean
0,Devices/[DemoWWTP]/Controller:Global/PST503_AI.Lo,,Boolean
0,Devices/[DemoWWTP]/Controller:Global/PST503_AI.LoLo,,Boolean
0,Devices/[DemoWWTP]/Controller:Global/PST503_AI.FQ_Wrn,,Boolean
0,Devices/[DemoWWTP]/Controller:Global/PST503_AI.Sim_Alm_En,,Boolean
0,Devices/[DemoWWTP]/Controller:Global/PST503_AI.ExtReset,,Boolean
0,Devices/[DemoWWTP]/Controller:Global/PST503_AI.Latch_Time,,Float
0,Devices/[DemoWWTP]/Controller:Global/PST503_AI.RecordStats,,Boolean
0,Devices/[DemoWWTP]/Controller:Global/PST503_AI.ResetStats,,Boolean
0,Devices/[DemoWWTP]/Controller:Global/PST503_AI.RecMin,,Float
0,Devices/[DemoWWTP]/Controller:Global/PST503_AI.RecMax,,Float
0,Devices/[DemoWWTP]/Controller:Global/PST503_AI.RecAvg,,Float
0,Devices/[DemoWWTP]/Controller:Global/PST503_AI.RecMinPrev,,Float
0,Devices/[DemoWWTP]/Controller:Global/PST503_AI.RecMaxPrev,,Float
0,Devices/[DemoWWTP]/Controller:Global/PST503_AI.RecAvgPrev,,Float
0,Devices/[DemoWWTP]/Controller:Global/PST701_AI.EnableIn,,Boolean
0,Devices/[DemoWWTP]/Controller:Global/PST701_AI.EnableOut,,Boolean
0,Devices/[DemoWWTP]/Controller:Global/PST701_AI.Raw,,Int16
0,Devices/[DemoWWTP]/Controller:Global/PST701_AI.RawMin,,Int16
0,Devices/[DemoWWTP]/Controller:Global/PST701_AI.RawMax,,Int16
0,Devices/[DemoWWTP]/Controller:Global/PST701_AI.EngMin,,Float
0,Devices/[DemoWWTP]/Controller:Global/PST701_AI.EngMax,,Float
0,Devices/[DemoWWTP]/Controller:Global/PST701_AI.AI_Ext,,Boolean
0,Devices/[DemoWWTP]/Controller:Global/PST701_AI.AI_En,,Boolean
0,Devices/[DemoWWTP]/Controller:Global/PST701_AI.Sim,,Boolean
0,Devices/[DemoWWTP]/Controller:Global/PST701_AI.Reset,,Boolean
0,Devices/[DemoWWTP]/Controller:Global/PST701_AI.Scaled,,Float
0,Devices/[DemoWWTP]/Controller:Global/PST701_AI.PV,,Float
0,Devices/[DemoWWTP]/Controller:Global/PST701_AI.AvgCntSP,,Int32
0,Devices/[DemoWWTP]/Controller:Global/PST701_AI.ResetPB,,Boolean
0,Devices/[DemoWWTP]/Controller:Global/PST701_AI.HiHi_En,,Boolean
0,Devices/[DemoWWTP]/Controller:Global/PST701_AI.Hi_En,,Boolean
0,Devices/[DemoWWTP]/Controller:Global/PST701_AI.Lo_En,,Boolean
0,Devices/[DemoWWTP]/Controller:Global/PST701_AI.LoLo_En,,Boolean
0,Devices/[DemoWWTP]/Controller:Global/PST701_AI.HiHi_ASP,,Float
0,Devices/[DemoWWTP]/Controller:Global/PST701_AI.Hi_ASP,,Float
0,Devices/[DemoWWTP]/Controller:Global/PST701_AI.Lo_ASP,,Float
0,Devices/[DemoWWTP]/Controller:Global/PST701_AI.LoLo_ASP,,Float
0,Devices/[DemoWWTP]/Controller:Global/PST701_AI.TxFlt_Time,,Float
0,Devices/[DemoWWTP]/Controller:Global/PST701_AI.HiHi_Time,,Float
0,Devices/[DemoWWTP]/Controller:Global/PST701_AI.Hi_Time,,Float
0,Devices/[DemoWWTP]/Controller:Global/PST701_AI.Lo_Time,,Float
0,Devices/[DemoWWTP]/Controller:Global/PST701_AI.LoLo_Time,,Float
0,Devices/[DemoWWTP]/Controller:Global/PST701_AI.Avail,,Boolean
0,Devices/[DemoWWTP]/Controller:Global/PST701_AI.Alarms,,Int16
0,Devices/[DemoWWTP]/Controller:Global/PST701_AI.Fault,,Boolean
0,Devices/[DemoWWTP]/Controller:Global/PST701_AI.TxFlt,,Boolean
0,Devices/[DemoWWTP]/Controller:Global/PST701_AI.HiHi,,Boolean
0,Devices/[DemoWWTP]/Controller:Global/PST701_AI.Hi,,Boolean
0,Devices/[DemoWWTP]/Controller:Global/PST701_AI.Lo,,Boolean
0,Devices/[DemoWWTP]/Controller:Global/PST701_AI.LoLo,,Boolean
0,Devices/[DemoWWTP]/Controller:Global/PST701_AI.FQ_Wrn,,Boolean
0,Devices/[DemoWWTP]/Controller:Global/PST701_AI.Sim_Alm_En,,Boolean
0,Devices/[DemoWWTP]/Controller:Global/PST701_AI.ExtReset,,Boolean
0,Devices/[DemoWWTP]/Controller:Global/PST701_AI.Latch_Time,,Float
0,Devices/[DemoWWTP]/Controller:Global/PST701_AI.RecordStats,,Boolean
0,Devices/[DemoWWTP]/Controller:Global/PST701_AI.ResetStats,,Boolean
0,Devices/[DemoWWTP]/Controller:Global/PST701_AI.RecMin,,Float
0,Devices/[DemoWWTP]/Controller:Global/PST701_AI.RecMax,,Float
0,Devices/[DemoWWTP]/Controller:Global/PST701_AI.RecAvg,,Float
0,Devices/[DemoWWTP]/Controller:Global/PST701_AI.RecMinPrev,,Float
0,Devices/[DemoWWTP]/Controller:Global/PST701_AI.RecMaxPrev,,Float
0,Devices/[DemoWWTP]/Controller:Global/PST701_AI.RecAvgPrev,,Float
0,Devices/[DemoWWTP]/Controller:Global/PST702_AI.EnableIn,,Boolean
0,Devices/[DemoWWTP]/Controller:Global/PST702_AI.EnableOut,,Boolean
0,Devices/[DemoWWTP]/Controller:Global/PST702_AI.Raw,,Int16
0,Devices/[DemoWWTP]/Controller:Global/PST702_AI.RawMin,,Int16
0,Devices/[DemoWWTP]/Controller:Global/PST702_AI.RawMax,,Int16
0,Devices/[DemoWWTP]/Controller:Global/PST702_AI.EngMin,,Float
0,Devices/[DemoWWTP]/Controller:Global/PST702_AI.EngMax,,Float
0,Devices/[DemoWWTP]/Controller:Global/PST702_AI.AI_Ext,,Boolean
0,Devices/[DemoWWTP]/Controller:Global/PST702_AI.AI_En,,Boolean
0,Devices/[DemoWWTP]/Controller:Global/PST702_AI.Sim,,Boolean
0,Devices/[DemoWWTP]/Controller:Global/PST702_AI.Reset,,Boolean
0,Devices/[DemoWWTP]/Controller:Global/PST702_AI.Scaled,,Float
0,Devices/[DemoWWTP]/Controller:Global/PST702_AI.PV,,Float
0,Devices/[DemoWWTP]/Controller:Global/PST702_AI.AvgCntSP,,Int32
0,Devices/[DemoWWTP]/Controller:Global/PST702_AI.ResetPB,,Boolean
0,Devices/[DemoWWTP]/Controller:Global/PST702_AI.HiHi_En,,Boolean
0,Devices/[DemoWWTP]/Controller:Global/PST702_AI.Hi_En,,Boolean
0,Devices/[DemoWWTP]/Controller:Global/PST702_AI.Lo_En,,Boolean
0,Devices/[DemoWWTP]/Controller:Global/PST702_AI.LoLo_En,,Boolean
0,Devices/[DemoWWTP]/Controller:Global/PST702_AI.HiHi_ASP,,Float
0,Devices/[DemoWWTP]/Controller:Global/PST702_AI.Hi_ASP,,Float
0,Devices/[DemoWWTP]/Controller:Global/PST702_AI.Lo_ASP,,Float
0,Devices/[DemoWWTP]/Controller:Global/PST702_AI.LoLo_ASP,,Float
0,Devices/[DemoWWTP]/Controller:Global/PST702_AI.TxFlt_Time,,Float
0,Devices/[DemoWWTP]/Controller:Global/PST702_AI.HiHi_Time,,Float
0,Devices/[DemoWWTP]/Controller:Global/PST702_AI.Hi_Time,,Float
0,Devices/[DemoWWTP]/Controller:Global/PST702_AI.Lo_Time,,Float
0,Devices/[DemoWWTP]/Controller:Global/PST702_AI.LoLo_Time,,Float
0,Devices/[DemoWWTP]/Controller:Global/PST702_AI.Avail,,Boolean
0,Devices/[DemoWWTP]/Controller:Global/PST702_AI.Alarms,,Int16
0,Devices/[DemoWWTP]/Controller:Global/PST702_AI.Fault,,Boolean
0,Devices/[DemoWWTP]/Controller:Global/PST702_AI.TxFlt,,Boolean
0,Devices/[DemoWWTP]/Controller:Global/PST702_AI.HiHi,,Boolean
0,Devices/[DemoWWTP]/Controller:Global/PST702_AI.Hi,,Boolean
0,Devices/[DemoWWTP]/Controller:Global/PST702_AI.Lo,,Boolean
0,Devices/[DemoWWTP]/Controller:Global/PST702_AI.LoLo,,Boolean
0,Devices/[DemoWWTP]/Controller:Global/PST702_AI.FQ_Wrn,,Boolean
0,Devices/[DemoWWTP]/Controller:Global/PST702_AI.Sim_Alm_En,,Boolean
0,Devices/[DemoWWTP]/Controller:Global/PST702_AI.ExtReset,,Boolean
0,Devices/[DemoWWTP]/Controller:Global/PST702_AI.Latch_Time,,Float
0,Devices/[DemoWWTP]/Controller:Global/PST702_AI.RecordStats,,Boolean
0,Devices/[DemoWWTP]/Controller:Global/PST702_AI.ResetStats,,Boolean
0,Devices/[DemoWWTP]/Controller:Global/PST702_AI.RecMin,,Float
0,Devices/[DemoWWTP]/Controller:Global/PST702_AI.RecMax,,Float
0,Devices/[DemoWWTP]/Controller:Global/PST702_AI.RecAvg,,Float
0,Devices/[DemoWWTP]/Controller:Global/PST702_AI.RecMinPrev,,Float
0,Devices/[DemoWWTP]/Controller:Global/PST702_AI.RecMaxPrev,,Float
0,Devices/[DemoWWTP]/Controller:Global/PST702_AI.RecAvgPrev,,Float
0,Devices/[DemoWWTP]/Controller:Global/PST703_AI.EnableIn,,Boolean
0,Devices/[DemoWWTP]/Controller:Global/PST703_AI.EnableOut,,Boolean
0,Devices/[DemoWWTP]/Controller:Global/PST703_AI.Raw,,Int16
0,Devices/[DemoWWTP]/Controller:Global/PST703_AI.RawMin,,Int16
0,Devices/[DemoWWTP]/Controller:Global/PST703_AI.RawMax,,Int16
0,Devices/[DemoWWTP]/Controller:Global/PST703_AI.EngMin,,Float
0,Devices/[DemoWWTP]/Controller:Global/PST703_AI.EngMax,,Float
0,Devices/[DemoWWTP]/Controller:Global/PST703_AI.AI_Ext,,Boolean
0,Devices/[DemoWWTP]/Controller:Global/PST703_AI.AI_En,,Boolean
0,Devices/[DemoWWTP]/Controller:Global/PST703_AI.Sim,,Boolean
0,Devices/[DemoWWTP]/Controller:Global/PST703_AI.Reset,,Boolean
0,Devices/[DemoWWTP]/Controller:Global/PST703_AI.Scaled,,Float
0,Devices/[DemoWWTP]/Controller:Global/PST703_AI.PV,,Float
0,Devices/[DemoWWTP]/Controller:Global/PST703_AI.AvgCntSP,,Int32
0,Devices/[DemoWWTP]/Controller:Global/PST703_AI.ResetPB,,Boolean
0,Devices/[DemoWWTP]/Controller:Global/PST703_AI.HiHi_En,,Boolean
0,Devices/[DemoWWTP]/Controller:Global/PST703_AI.Hi_En,,Boolean
0,Devices/[DemoWWTP]/Controller:Global/PST703_AI.Lo_En,,Boolean
0,Devices/[DemoWWTP]/Controller:Global/PST703_AI.LoLo_En,,Boolean
0,Devices/[DemoWWTP]/Controller:Global/PST703_AI.HiHi_ASP,,Float
0,Devices/[DemoWWTP]/Controller:Global/PST703_AI.Hi_ASP,,Float
0,Devices/[DemoWWTP]/Controller:Global/PST703_AI.Lo_ASP,,Float
0,Devices/[DemoWWTP]/Controller:Global/PST703_AI.LoLo_ASP,,Float
0,Devices/[DemoWWTP]/Controller:Global/PST703_AI.TxFlt_Time,,Float
0,Devices/[DemoWWTP]/Controller:Global/PST703_AI.HiHi_Time,,Float
0,Devices/[DemoWWTP]/Controller:Global/PST703_AI.Hi_Time,,Float
0,Devices/[DemoWWTP]/Controller:Global/PST703_AI.Lo_Time,,Float
0,Devices/[DemoWWTP]/Controller:Global/PST703_AI.LoLo_Time,,Float
0,Devices/[DemoWWTP]/Controller:Global/PST703_AI.Avail,,Boolean
0,Devices/[DemoWWTP]/Controller:Global/PST703_AI.Alarms,,Int16
0,Devices/[DemoWWTP]/Controller:Global/PST703_AI.Fault,,Boolean
0,Devices/[DemoWWTP]/Controller:Global/PST703_AI.TxFlt,,Boolean
0,Devices/[DemoWWTP]/Controller:Global/PST703_AI.HiHi,,Boolean
0,Devices/[DemoWWTP]/Controller:Global/PST703_AI.Hi,,Boolean
0,Devices/[DemoWWTP]/Controller:Global/PST703_AI.Lo,,Boolean
0,Devices/[DemoWWTP]/Controller:Global/PST703_AI.LoLo,,Boolean
0,Devices/[DemoWWTP]/Controller:Global/PST703_AI.FQ_Wrn,,Boolean
0,Devices/[DemoWWTP]/Controller:Global/PST703_AI.Sim_Alm_En,,Boolean
0,Devices/[DemoWWTP]/Controller:Global/PST703_AI.ExtReset,,Boolean
0,Devices/[DemoWWTP]/Controller:Global/PST703_AI.Latch_Time,,Float
0,Devices/[DemoWWTP]/Controller:Global/PST703_AI.RecordStats,,Boolean
0,Devices/[DemoWWTP]/Controller:Global/PST703_AI.ResetStats,,Boolean
0,Devices/[DemoWWTP]/Controller:Global/PST703_AI.RecMin,,Float
0,Devices/[DemoWWTP]/Controller:Global/PST703_AI.RecMax,,Float
0,Devices/[DemoWWTP]/Controller:Global/PST703_AI.RecAvg,,Float
0,Devices/[DemoWWTP]/Controller:Global/PST703_AI.RecMinPrev,,Float
0,Devices/[DemoWWTP]/Controller:Global/PST703_AI.RecMaxPrev,,Float
0,Devices/[DemoWWTP]/Controller:Global/PST703_AI.RecAvgPrev,,Float
0,Devices/[DemoWWTP]/Controller:Global/PSTN101.EnableIn,,Boolean
0,Devices/[DemoWWTP]/Controller:Global/PSTN101.EnableOut,,Boolean
0,Devices/[DemoWWTP]/Controller:Global/PSTN101.INPUT_PV,,Float
0,Devices/[DemoWWTP]/Controller:Global/PSTN101.OWL_SP,,Int32
0,Devices/[DemoWWTP]/Controller:Global/PSTN101.HWL_SP,,Int32
0,Devices/[DemoWWTP]/Controller:Global/PSTN101.MWL_SP,,Int32
0,Devices/[DemoWWTP]/Controller:Global/PSTN101.LWL_SP,,Int32
0,Devices/[DemoWWTP]/Controller:Global/PSTN101.XWL_SP,,Int32
0,Devices/[DemoWWTP]/Controller:Global/PSTN101.TWL_SP,,Int32
0,Devices/[DemoWWTP]/Controller:Global/PSTN101.OWL_OUT,,Boolean
0,Devices/[DemoWWTP]/Controller:Global/PSTN101.HWL_OUT,,Boolean
0,Devices/[DemoWWTP]/Controller:Global/PSTN101.MWL_OUT,,Boolean
0,Devices/[DemoWWTP]/Controller:Global/PSTN101.LWL_OUT,,Boolean
0,Devices/[DemoWWTP]/Controller:Global/PSTN101.XWL_OUT,,Boolean
0,Devices/[DemoWWTP]/Controller:Global/PSTN101.TWL_OUT,,Boolean
0,Devices/[DemoWWTP]/Controller:Global/PSTN101.TANK_DIAMETER,,Float
0,Devices/[DemoWWTP]/Controller:Global/PSTN101.TANK_HEIGHT,,Float
0,Devices/[DemoWWTP]/Controller:Global/PSTN101.ERROR,,Boolean
0,Devices/[DemoWWTP]/Controller:Global/PSTN101.TANK_AREA_OUT,,Int32
0,Devices/[DemoWWTP]/Controller:Global/PSTN101.CURRENT_VOLUME_TOTAL_OUT,,Int32
0,Devices/[DemoWWTP]/Controller:Global/PSTN101.VOLUME_ABOVE_LWL_OUT,,Int32
0,Devices/[DemoWWTP]/Controller:Global/PSTN101.VOLUME_BELOW_HWL_OUT,,Int32
0,Devices/[DemoWWTP]/Controller:Global/PSTN101.FILL_PERCENTAGE_OUT,,Int32
0,Devices/[DemoWWTP]/Controller:Global/PSTN101_LWL_EPT.DN,,Boolean
0,Devices/[DemoWWTP]/Controller:Global/PSTN101_LWL_EPT.EN,,Boolean
0,Devices/[DemoWWTP]/Controller:Global/PSTN101_LWL_EPT.TT,,Boolean
0,Devices/[DemoWWTP]/Controller:Global/PSTN101_LWL_EPT.PRE,,Int32
0,Devices/[DemoWWTP]/Controller:Global/PSTN101_LWL_EPT.ACC,,Int32
0,Devices/[DemoWWTP]/Controller:Global/PS_24VDC_FILTER.DN,,Boolean
0,Devices/[DemoWWTP]/Controller:Global/PS_24VDC_FILTER.EN,,Boolean
0,Devices/[DemoWWTP]/Controller:Global/PS_24VDC_FILTER.TT,,Boolean
0,Devices/[DemoWWTP]/Controller:Global/PS_24VDC_FILTER.PRE,,Int32
0,Devices/[DemoWWTP]/Controller:Global/PS_24VDC_FILTER.ACC,,Int32
0,Devices/[DemoWWTP]/Controller:Global/RAD101_AI.EnableIn,,Boolean
0,Devices/[DemoWWTP]/Controller:Global/RAD101_AI.EnableOut,,Boolean
0,Devices/[DemoWWTP]/Controller:Global/RAD101_AI.Raw,,Int16
0,Devices/[DemoWWTP]/Controller:Global/RAD101_AI.RawMin,,Int16
0,Devices/[DemoWWTP]/Controller:Global/RAD101_AI.RawMax,,Int16
0,Devices/[DemoWWTP]/Controller:Global/RAD101_AI.EngMin,,Float
0,Devices/[DemoWWTP]/Controller:Global/RAD101_AI.EngMax,,Float
0,Devices/[DemoWWTP]/Controller:Global/RAD101_AI.AI_Ext,,Boolean
0,Devices/[DemoWWTP]/Controller:Global/RAD101_AI.AI_En,,Boolean
0,Devices/[DemoWWTP]/Controller:Global/RAD101_AI.Sim,,Boolean
0,Devices/[DemoWWTP]/Controller:Global/RAD101_AI.Reset,,Boolean
0,Devices/[DemoWWTP]/Controller:Global/RAD101_AI.Scaled,,Float
0,Devices/[DemoWWTP]/Controller:Global/RAD101_AI.PV,,Float
0,Devices/[DemoWWTP]/Controller:Global/RAD101_AI.AvgCntSP,,Int32
0,Devices/[DemoWWTP]/Controller:Global/RAD101_AI.ResetPB,,Boolean
0,Devices/[DemoWWTP]/Controller:Global/RAD101_AI.HiHi_En,,Boolean
0,Devices/[DemoWWTP]/Controller:Global/RAD101_AI.Hi_En,,Boolean
0,Devices/[DemoWWTP]/Controller:Global/RAD101_AI.Lo_En,,Boolean
0,Devices/[DemoWWTP]/Controller:Global/RAD101_AI.LoLo_En,,Boolean
0,Devices/[DemoWWTP]/Controller:Global/RAD101_AI.HiHi_ASP,,Float
0,Devices/[DemoWWTP]/Controller:Global/RAD101_AI.Hi_ASP,,Float
0,Devices/[DemoWWTP]/Controller:Global/RAD101_AI.Lo_ASP,,Float
0,Devices/[DemoWWTP]/Controller:Global/RAD101_AI.LoLo_ASP,,Float
0,Devices/[DemoWWTP]/Controller:Global/RAD101_AI.TxFlt_Time,,Float
0,Devices/[DemoWWTP]/Controller:Global/RAD101_AI.HiHi_Time,,Float
0,Devices/[DemoWWTP]/Controller:Global/RAD101_AI.Hi_Time,,Float
0,Devices/[DemoWWTP]/Controller:Global/RAD101_AI.Lo_Time,,Float
0,Devices/[DemoWWTP]/Controller:Global/RAD101_AI.LoLo_Time,,Float
0,Devices/[DemoWWTP]/Controller:Global/RAD101_AI.Avail,,Boolean
0,Devices/[DemoWWTP]/Controller:Global/RAD101_AI.Alarms,,Int16
0,Devices/[DemoWWTP]/Controller:Global/RAD101_AI.Fault,,Boolean
0,Devices/[DemoWWTP]/Controller:Global/RAD101_AI.TxFlt,,Boolean
0,Devices/[DemoWWTP]/Controller:Global/RAD101_AI.HiHi,,Boolean
0,Devices/[DemoWWTP]/Controller:Global/RAD101_AI.Hi,,Boolean
0,Devices/[DemoWWTP]/Controller:Global/RAD101_AI.Lo,,Boolean
0,Devices/[DemoWWTP]/Controller:Global/RAD101_AI.LoLo,,Boolean
0,Devices/[DemoWWTP]/Controller:Global/RAD101_AI.FQ_Wrn,,Boolean
0,Devices/[DemoWWTP]/Controller:Global/RAD101_AI.Sim_Alm_En,,Boolean
0,Devices/[DemoWWTP]/Controller:Global/RAD101_AI.ExtReset,,Boolean
0,Devices/[DemoWWTP]/Controller:Global/RAD101_AI.Latch_Time,,Float
0,Devices/[DemoWWTP]/Controller:Global/RAD101_AI.RecordStats,,Boolean
0,Devices/[DemoWWTP]/Controller:Global/RAD101_AI.ResetStats,,Boolean
0,Devices/[DemoWWTP]/Controller:Global/RAD101_AI.RecMin,,Float
0,Devices/[DemoWWTP]/Controller:Global/RAD101_AI.RecMax,,Float
0,Devices/[DemoWWTP]/Controller:Global/RAD101_AI.RecAvg,,Float
0,Devices/[DemoWWTP]/Controller:Global/RAD101_AI.RecMinPrev,,Float
0,Devices/[DemoWWTP]/Controller:Global/RAD101_AI.RecMaxPrev,,Float
0,Devices/[DemoWWTP]/Controller:Global/RAD101_AI.RecAvgPrev,,Float
0,Devices/[DemoWWTP]/Controller:Global/REACTOR_AREA_CALC_REAL,,Float
0,Devices/[DemoWWTP]/Controller:Global/REACTOR_TK_DIAMETER,,Int32
0,Devices/[DemoWWTP]/Controller:Global/REDUNDANT,,Int32
0,Devices/[DemoWWTP]/Controller:Global/RESET_TIMER.DN,,Boolean
0,Devices/[DemoWWTP]/Controller:Global/RESET_TIMER.EN,,Boolean
0,Devices/[DemoWWTP]/Controller:Global/RESET_TIMER.TT,,Boolean
0,Devices/[DemoWWTP]/Controller:Global/RESET_TIMER.PRE,,Int32
0,Devices/[DemoWWTP]/Controller:Global/RESET_TIMER.ACC,,Int32
0,Devices/[DemoWWTP]/Controller:Global/RSTN101.EnableIn,,Boolean
0,Devices/[DemoWWTP]/Controller:Global/RSTN101.EnableOut,,Boolean
0,Devices/[DemoWWTP]/Controller:Global/RSTN101.INPUT_PV,,Float
0,Devices/[DemoWWTP]/Controller:Global/RSTN101.OWL_SP,,Int32
0,Devices/[DemoWWTP]/Controller:Global/RSTN101.HWL_SP,,Int32
0,Devices/[DemoWWTP]/Controller:Global/RSTN101.MWL_SP,,Int32
0,Devices/[DemoWWTP]/Controller:Global/RSTN101.LWL_SP,,Int32
0,Devices/[DemoWWTP]/Controller:Global/RSTN101.XWL_SP,,Int32
0,Devices/[DemoWWTP]/Controller:Global/RSTN101.TWL_SP,,Int32
0,Devices/[DemoWWTP]/Controller:Global/RSTN101.OWL_OUT,,Boolean
0,Devices/[DemoWWTP]/Controller:Global/RSTN101.HWL_OUT,,Boolean
0,Devices/[DemoWWTP]/Controller:Global/RSTN101.MWL_OUT,,Boolean
0,Devices/[DemoWWTP]/Controller:Global/RSTN101.LWL_OUT,,Boolean
0,Devices/[DemoWWTP]/Controller:Global/RSTN101.XWL_OUT,,Boolean
0,Devices/[DemoWWTP]/Controller:Global/RSTN101.TWL_OUT,,Boolean
0,Devices/[DemoWWTP]/Controller:Global/RSTN101.TANK_DIAMETER,,Float
0,Devices/[DemoWWTP]/Controller:Global/RSTN101.TANK_HEIGHT,,Float
0,Devices/[DemoWWTP]/Controller:Global/RSTN101.ERROR,,Boolean
0,Devices/[DemoWWTP]/Controller:Global/RSTN101.TANK_AREA_OUT,,Int32
0,Devices/[DemoWWTP]/Controller:Global/RSTN101.CURRENT_VOLUME_TOTAL_OUT,,Int32
0,Devices/[DemoWWTP]/Controller:Global/RSTN101.VOLUME_ABOVE_LWL_OUT,,Int32
0,Devices/[DemoWWTP]/Controller:Global/RSTN101.VOLUME_BELOW_HWL_OUT,,Int32
0,Devices/[DemoWWTP]/Controller:Global/RSTN101.FILL_PERCENTAGE_OUT,,Int32
0,Devices/[DemoWWTP]/Controller:Global/RUN_CIP_CHEMICAL,,Boolean
0,Devices/[DemoWWTP]/Controller:Global/RUN_CIP_DRAIN,,Boolean
0,Devices/[DemoWWTP]/Controller:Global/RUN_CIP_HEAT,,Boolean
0,Devices/[DemoWWTP]/Controller:Global/RUN_CIP_PUMPS,,Boolean
0,Devices/[DemoWWTP]/Controller:Global/RUN_CIP_PUMP_CIRCULATE,,Boolean
0,Devices/[DemoWWTP]/Controller:Global/RUN_FOWARD_PUMPS,,Boolean
0,Devices/[DemoWWTP]/Controller:Global/RUN_INLET_PIT_PUMPS,,Boolean
0,Devices/[DemoWWTP]/Controller:Global/RUN_OFFSITE_TRANSFER_PUMPS,,Boolean
0,Devices/[DemoWWTP]/Controller:Global/RUN_RECEIVAL_PUMPS,,Boolean
0,Devices/[DemoWWTP]/Controller:Global/RUN_SLUDGE_TRANSFER_PUMPS,,Boolean
0,Devices/[DemoWWTP]/Controller:Global/RUN_TERTIARY_PUMPS,,Boolean
0,Devices/[DemoWWTP]/Controller:Global/S6117.EnableIn,,Boolean
0,Devices/[DemoWWTP]/Controller:Global/S6117.EnableOut,,Boolean
0,Devices/[DemoWWTP]/Controller:Global/S6117.DI_RAINFALL_GAUGE,,Boolean
0,Devices/[DemoWWTP]/Controller:Global/S6117.START_OF_HOUR,,Boolean
0,Devices/[DemoWWTP]/Controller:Global/S6117.START_OF_DAY,,Boolean
0,Devices/[DemoWWTP]/Controller:Global/S6117.START_OF_WEEK,,Boolean
0,Devices/[DemoWWTP]/Controller:Global/S6117.START_OF_MONTH,,Boolean
0,Devices/[DemoWWTP]/Controller:Global/S6117.START_OF_YEAR,,Boolean
0,Devices/[DemoWWTP]/Controller:Global/S6117.IRRIGATION_LOCKOUT_24HR,,Boolean
0,Devices/[DemoWWTP]/Controller:Global/S6117.LOCKOUT_SP_24HR,,Int32
0,Devices/[DemoWWTP]/Controller:Global/S6117.LOCKOUT_SP_48HR,,Int32
0,Devices/[DemoWWTP]/Controller:Global/S6117.IRRIGATION_LOCKOUT_48HR,,Boolean
0,Devices/[DemoWWTP]/Controller:Global/S6117.LOCKOUT_OVERIDE,,Boolean
0,Devices/[DemoWWTP]/Controller:Global/S6117.INHIBIT_IRRIGATION,,Boolean
0,Devices/[DemoWWTP]/Controller:Global/S6117.LOCKOUT_TIME_REMAINING_SCADA,,Int32
0,Devices/[DemoWWTP]/Controller:Global/S6117.RAINFALL_TOTAL_24hr,,Float
0,Devices/[DemoWWTP]/Controller:Global/SBR1_AERATION.SUPER_AERATORS,,Boolean
0,Devices/[DemoWWTP]/Controller:Global/SBR1_AERATION.REACT1_AERATORS,,Boolean
0,Devices/[DemoWWTP]/Controller:Global/SBR1_AERATION.REACT2_AERATORS,,Boolean
0,Devices/[DemoWWTP]/Controller:Global/SBR1_AERATION.SPIKE_AERATORS,,Boolean
0,Devices/[DemoWWTP]/Controller:Global/SBR1_AERATION.REACT1_STARTUP.DN,,Boolean
0,Devices/[DemoWWTP]/Controller:Global/SBR1_AERATION.REACT1_STARTUP.EN,,Boolean
0,Devices/[DemoWWTP]/Controller:Global/SBR1_AERATION.REACT1_STARTUP.TT,,Boolean
0,Devices/[DemoWWTP]/Controller:Global/SBR1_AERATION.REACT1_STARTUP.PRE,,Int32
0,Devices/[DemoWWTP]/Controller:Global/SBR1_AERATION.REACT1_STARTUP.ACC,,Int32
0,Devices/[DemoWWTP]/Controller:Global/SBR1_AERATION.REACT2_STARTUP.DN,,Boolean
0,Devices/[DemoWWTP]/Controller:Global/SBR1_AERATION.REACT2_STARTUP.EN,,Boolean
0,Devices/[DemoWWTP]/Controller:Global/SBR1_AERATION.REACT2_STARTUP.TT,,Boolean
0,Devices/[DemoWWTP]/Controller:Global/SBR1_AERATION.REACT2_STARTUP.PRE,,Int32
0,Devices/[DemoWWTP]/Controller:Global/SBR1_AERATION.REACT2_STARTUP.ACC,,Int32
0,Devices/[DemoWWTP]/Controller:Global/SBR1_AERATION.SPIKE_STARTUP.DN,,Boolean
0,Devices/[DemoWWTP]/Controller:Global/SBR1_AERATION.SPIKE_STARTUP.EN,,Boolean
0,Devices/[DemoWWTP]/Controller:Global/SBR1_AERATION.SPIKE_STARTUP.TT,,Boolean
0,Devices/[DemoWWTP]/Controller:Global/SBR1_AERATION.SPIKE_STARTUP.PRE,,Int32
0,Devices/[DemoWWTP]/Controller:Global/SBR1_AERATION.SPIKE_STARTUP.ACC,,Int32
0,Devices/[DemoWWTP]/Controller:Global/SBR1_AERATION.MAX_AERATION.DN,,Boolean
0,Devices/[DemoWWTP]/Controller:Global/SBR1_AERATION.MAX_AERATION.EN,,Boolean
0,Devices/[DemoWWTP]/Controller:Global/SBR1_AERATION.MAX_AERATION.TT,,Boolean
0,Devices/[DemoWWTP]/Controller:Global/SBR1_AERATION.MAX_AERATION.PRE,,Int32
0,Devices/[DemoWWTP]/Controller:Global/SBR1_AERATION.MAX_AERATION.ACC,,Int32
0,Devices/[DemoWWTP]/Controller:Global/SBR1_AERATION.AERATION_INTERUPT.DN,,Boolean
0,Devices/[DemoWWTP]/Controller:Global/SBR1_AERATION.AERATION_INTERUPT.EN,,Boolean
0,Devices/[DemoWWTP]/Controller:Global/SBR1_AERATION.AERATION_INTERUPT.TT,,Boolean
0,Devices/[DemoWWTP]/Controller:Global/SBR1_AERATION.AERATION_INTERUPT.PRE,,Int32
0,Devices/[DemoWWTP]/Controller:Global/SBR1_AERATION.AERATION_INTERUPT.ACC,,Int32
0,Devices/[DemoWWTP]/Controller:Global/SBR1_AERATION.TOTAL_REACT_TIME,,Int32
0,Devices/[DemoWWTP]/Controller:Global/SBR1_AERATION.TOTAL_AERATION,,Int32
0,Devices/[DemoWWTP]/Controller:Global/SBR1_AERATION.SCADA_SP_BACKUP_AERATION,,Int32
0,Devices/[DemoWWTP]/Controller:Global/SBR1_AERATION.BACKUP_TOTAL_INTERVAL,,Int32
0,Devices/[DemoWWTP]/Controller:Global/SBR1_AERATION.BACKUP_INTERVAL,,Int32
0,Devices/[DemoWWTP]/Controller:Global/SBR1_AERATION.BACKUP_INTERVAL_TIME.DN,,Boolean
0,Devices/[DemoWWTP]/Controller:Global/SBR1_AERATION.BACKUP_INTERVAL_TIME.EN,,Boolean
0,Devices/[DemoWWTP]/Controller:Global/SBR1_AERATION.BACKUP_INTERVAL_TIME.TT,,Boolean
0,Devices/[DemoWWTP]/Controller:Global/SBR1_AERATION.BACKUP_INTERVAL_TIME.PRE,,Int32
0,Devices/[DemoWWTP]/Controller:Global/SBR1_AERATION.BACKUP_INTERVAL_TIME.ACC,,Int32
0,Devices/[DemoWWTP]/Controller:Global/SBR1_AERATION.BACKUP_DURATION,,Int32
0,Devices/[DemoWWTP]/Controller:Global/SBR1_AERATION.BACKUP_DURATION_TIME.DN,,Boolean
0,Devices/[DemoWWTP]/Controller:Global/SBR1_AERATION.BACKUP_DURATION_TIME.EN,,Boolean
0,Devices/[DemoWWTP]/Controller:Global/SBR1_AERATION.BACKUP_DURATION_TIME.TT,,Boolean
0,Devices/[DemoWWTP]/Controller:Global/SBR1_AERATION.BACKUP_DURATION_TIME.PRE,,Int32
0,Devices/[DemoWWTP]/Controller:Global/SBR1_AERATION.BACKUP_DURATION_TIME.ACC,,Int32
0,Devices/[DemoWWTP]/Controller:Global/SBR1_AERATION.DUTY_ROTATION.CU,,Boolean
0,Devices/[DemoWWTP]/Controller:Global/SBR1_AERATION.DUTY_ROTATION.CD,,Boolean
0,Devices/[DemoWWTP]/Controller:Global/SBR1_AERATION.DUTY_ROTATION.DN,,Boolean
0,Devices/[DemoWWTP]/Controller:Global/SBR1_AERATION.DUTY_ROTATION.OV,,Boolean
0,Devices/[DemoWWTP]/Controller:Global/SBR1_AERATION.DUTY_ROTATION.UN,,Boolean
0,Devices/[DemoWWTP]/Controller:Global/SBR1_AERATION.DUTY_ROTATION.PRE,,Int32
0,Devices/[DemoWWTP]/Controller:Global/SBR1_AERATION.DUTY_ROTATION.ACC,,Int32
0,Devices/[DemoWWTP]/Controller:Global/SBR1_AERATION.RUN_AERATION,,Boolean
0,Devices/[DemoWWTP]/Controller:Global/SBR1_AERATION.CURRENT_AERATION.DN,,Boolean
0,Devices/[DemoWWTP]/Controller:Global/SBR1_AERATION.CURRENT_AERATION.EN,,Boolean
0,Devices/[DemoWWTP]/Controller:Global/SBR1_AERATION.CURRENT_AERATION.TT,,Boolean
0,Devices/[DemoWWTP]/Controller:Global/SBR1_AERATION.CURRENT_AERATION.PRE,,Int32
0,Devices/[DemoWWTP]/Controller:Global/SBR1_AERATION.CURRENT_AERATION.ACC,,Int32
0,Devices/[DemoWWTP]/Controller:Global/SBR1_AERATION.SCADA_CURRENT_AERATION,,Int32
0,Devices/[DemoWWTP]/Controller:Global/SBR1_AERATION.SCADA_PREVIOUS_AERATION,,Int32
0,Devices/[DemoWWTP]/Controller:Global/SBR1_AERATION.ONS1,,Boolean
0,Devices/[DemoWWTP]/Controller:Global/SBR1_AERATION.HIGH_LOAD_EVALUATION,,Int32
0,Devices/[DemoWWTP]/Controller:Global/SBR1_AERATION.SCADA_CURRENT_24HRS,,Int32
0,Devices/[DemoWWTP]/Controller:Global/SBR1_AERATION.SCADA_PREVIOUS_24HRS,,Int32
0,Devices/[DemoWWTP]/Controller:Global/SBR1_AERATION.CURRENT_24HRS.DN,,Boolean
0,Devices/[DemoWWTP]/Controller:Global/SBR1_AERATION.CURRENT_24HRS.EN,,Boolean
0,Devices/[DemoWWTP]/Controller:Global/SBR1_AERATION.CURRENT_24HRS.TT,,Boolean
0,Devices/[DemoWWTP]/Controller:Global/SBR1_AERATION.CURRENT_24HRS.PRE,,Int32
0,Devices/[DemoWWTP]/Controller:Global/SBR1_AERATION.CURRENT_24HRS.ACC,,Int32
0,Devices/[DemoWWTP]/Controller:Global/SBR1_AERATION.AERATION_CYCLES,,Int32
0,Devices/[DemoWWTP]/Controller:Global/SBR1_AERATION.SCADA_SP_BACKUP_R1RT,,Int32
0,Devices/[DemoWWTP]/Controller:Global/SBR1_AERATION.SCADA_SP_BACKUP_R1OT,,Int32
0,Devices/[DemoWWTP]/Controller:Global/SBR1_AERATION.SCADA_SP_BACKUP_R2RT,,Int32
0,Devices/[DemoWWTP]/Controller:Global/SBR1_AERATION.SCADA_SP_BACKUP_R2OT,,Int32
0,Devices/[DemoWWTP]/Controller:Global/SBR1_AERATION.SCADA_SP_BACKUP_SRT,,Int32
0,Devices/[DemoWWTP]/Controller:Global/SBR1_AERATION.AERATION_CTRL,,Boolean
0,Devices/[DemoWWTP]/Controller:Global/SBR1_AERATION.SCADA_SP_MIX,,Int32
0,Devices/[DemoWWTP]/Controller:Global/SBR1_AERATION.SCADA_SP_OFF,,Int32
0,Devices/[DemoWWTP]/Controller:Global/SBR1_AERATION.MAX_AERATION_SP,,Int32
0,Devices/[DemoWWTP]/Controller:Global/SBR1_AERATION_CTRL,,Boolean
0,Devices/[DemoWWTP]/Controller:Global/SBR1_AERATION_CTRL_DO_SCADA,,Boolean
0,Devices/[DemoWWTP]/Controller:Global/SBR1_AERATION_CTRL_SELECT,,Boolean
0,Devices/[DemoWWTP]/Controller:Global/SBR1_AERATION_CTRL_TIMED_SCADA,,Boolean
0,Devices/[DemoWWTP]/Controller:Global/SBR1_AERATORS_MIX.DN,,Boolean
0,Devices/[DemoWWTP]/Controller:Global/SBR1_AERATORS_MIX.EN,,Boolean
0,Devices/[DemoWWTP]/Controller:Global/SBR1_AERATORS_MIX.TT,,Boolean
0,Devices/[DemoWWTP]/Controller:Global/SBR1_AERATORS_MIX.PRE,,Int32
0,Devices/[DemoWWTP]/Controller:Global/SBR1_AERATORS_MIX.ACC,,Int32
0,Devices/[DemoWWTP]/Controller:Global/SBR1_AERATORS_OFF.DN,,Boolean
0,Devices/[DemoWWTP]/Controller:Global/SBR1_AERATORS_OFF.EN,,Boolean
0,Devices/[DemoWWTP]/Controller:Global/SBR1_AERATORS_OFF.TT,,Boolean
0,Devices/[DemoWWTP]/Controller:Global/SBR1_AERATORS_OFF.PRE,,Int32
0,Devices/[DemoWWTP]/Controller:Global/SBR1_AERATORS_OFF.ACC,,Int32
0,Devices/[DemoWWTP]/Controller:Global/SBR1_ALARMS_HIGH_SLUDGE_COUNT,,Boolean
0,Devices/[DemoWWTP]/Controller:Global/SBR1_ALARMS_LEVEL_VARIANCE,,Boolean
0,Devices/[DemoWWTP]/Controller:Global/SBR1_DECANT.CURRENT_DECANT.DN,,Boolean
0,Devices/[DemoWWTP]/Controller:Global/SBR1_DECANT.CURRENT_DECANT.EN,,Boolean
0,Devices/[DemoWWTP]/Controller:Global/SBR1_DECANT.CURRENT_DECANT.TT,,Boolean
0,Devices/[DemoWWTP]/Controller:Global/SBR1_DECANT.CURRENT_DECANT.PRE,,Int32
0,Devices/[DemoWWTP]/Controller:Global/SBR1_DECANT.CURRENT_DECANT.ACC,,Int32
0,Devices/[DemoWWTP]/Controller:Global/SBR1_DECANT.SCADA_CURRENT_DECANT,,Int32
0,Devices/[DemoWWTP]/Controller:Global/SBR1_DECANT.SCADA_PREVIOUS_DECANT,,Int32
0,Devices/[DemoWWTP]/Controller:Global/SBR1_DECANT.ONS1,,Boolean
0,Devices/[DemoWWTP]/Controller:Global/SBR1_DECANT.ONS2,,Boolean
0,Devices/[DemoWWTP]/Controller:Global/SBR1_DECANT.RUN_DECANT_PUMP,,Boolean
0,Devices/[DemoWWTP]/Controller:Global/SBR1_DECANT.DECANT_OVERIDE.DN,,Boolean
0,Devices/[DemoWWTP]/Controller:Global/SBR1_DECANT.DECANT_OVERIDE.EN,,Boolean
0,Devices/[DemoWWTP]/Controller:Global/SBR1_DECANT.DECANT_OVERIDE.TT,,Boolean
0,Devices/[DemoWWTP]/Controller:Global/SBR1_DECANT.DECANT_OVERIDE.PRE,,Int32
0,Devices/[DemoWWTP]/Controller:Global/SBR1_DECANT.DECANT_OVERIDE.ACC,,Int32
0,Devices/[DemoWWTP]/Controller:Global/SBR1_DECANT.ALM_DECANT_INTERUPT,,Boolean
0,Devices/[DemoWWTP]/Controller:Global/SBR1_DECANT.SCADA_ALM_DECANT_INTERUPT,,Boolean
0,Devices/[DemoWWTP]/Controller:Global/SBR1_DECANT.HIGH_LOAD_TRIGGER,,Boolean
0,Devices/[DemoWWTP]/Controller:Global/SBR1_DECANT_ONS3,,Boolean
0,Devices/[DemoWWTP]/Controller:Global/SBR1_DIFFERENTIAL_LEVEL_LOWER,,Int32
0,Devices/[DemoWWTP]/Controller:Global/SBR1_DIFFERENTIAL_LEVEL_SP,,Int32
0,Devices/[DemoWWTP]/Controller:Global/SBR1_DIFFERENTIAL_LEVEL_UPPER,,Int32
0,Devices/[DemoWWTP]/Controller:Global/SBR1_DO.SP_REACT1_HI,,Float
0,Devices/[DemoWWTP]/Controller:Global/SBR1_DO.SP_REACT2_LOW,,Float
0,Devices/[DemoWWTP]/Controller:Global/SBR1_DO.SP_REACT2_HI,,Float
0,Devices/[DemoWWTP]/Controller:Global/SBR1_DO.SP_SPIKE,,Float
0,Devices/[DemoWWTP]/Controller:Global/SBR1_DO.REACT1_LOW_FILTER.DN,,Boolean
0,Devices/[DemoWWTP]/Controller:Global/SBR1_DO.REACT1_LOW_FILTER.EN,,Boolean
0,Devices/[DemoWWTP]/Controller:Global/SBR1_DO.REACT1_LOW_FILTER.TT,,Boolean
0,Devices/[DemoWWTP]/Controller:Global/SBR1_DO.REACT1_LOW_FILTER.PRE,,Int32
0,Devices/[DemoWWTP]/Controller:Global/SBR1_DO.REACT1_LOW_FILTER.ACC,,Int32
0,Devices/[DemoWWTP]/Controller:Global/SBR1_DO.REACT1_HI_FILTER.DN,,Boolean
0,Devices/[DemoWWTP]/Controller:Global/SBR1_DO.REACT1_HI_FILTER.EN,,Boolean
0,Devices/[DemoWWTP]/Controller:Global/SBR1_DO.REACT1_HI_FILTER.TT,,Boolean
0,Devices/[DemoWWTP]/Controller:Global/SBR1_DO.REACT1_HI_FILTER.PRE,,Int32
0,Devices/[DemoWWTP]/Controller:Global/SBR1_DO.REACT1_HI_FILTER.ACC,,Int32
0,Devices/[DemoWWTP]/Controller:Global/SBR1_DO.REACT2_LOW_FILTER.DN,,Boolean
0,Devices/[DemoWWTP]/Controller:Global/SBR1_DO.REACT2_LOW_FILTER.EN,,Boolean
0,Devices/[DemoWWTP]/Controller:Global/SBR1_DO.REACT2_LOW_FILTER.TT,,Boolean
0,Devices/[DemoWWTP]/Controller:Global/SBR1_DO.REACT2_LOW_FILTER.PRE,,Int32
0,Devices/[DemoWWTP]/Controller:Global/SBR1_DO.REACT2_LOW_FILTER.ACC,,Int32
0,Devices/[DemoWWTP]/Controller:Global/SBR1_DO.REACT2_HI_FILTER.DN,,Boolean
0,Devices/[DemoWWTP]/Controller:Global/SBR1_DO.REACT2_HI_FILTER.EN,,Boolean
0,Devices/[DemoWWTP]/Controller:Global/SBR1_DO.REACT2_HI_FILTER.TT,,Boolean
0,Devices/[DemoWWTP]/Controller:Global/SBR1_DO.REACT2_HI_FILTER.PRE,,Int32
0,Devices/[DemoWWTP]/Controller:Global/SBR1_DO.REACT2_HI_FILTER.ACC,,Int32
0,Devices/[DemoWWTP]/Controller:Global/SBR1_DO.SPIKE_FILTER.DN,,Boolean
0,Devices/[DemoWWTP]/Controller:Global/SBR1_DO.SPIKE_FILTER.EN,,Boolean
0,Devices/[DemoWWTP]/Controller:Global/SBR1_DO.SPIKE_FILTER.TT,,Boolean
0,Devices/[DemoWWTP]/Controller:Global/SBR1_DO.SPIKE_FILTER.PRE,,Int32
0,Devices/[DemoWWTP]/Controller:Global/SBR1_DO.SPIKE_FILTER.ACC,,Int32
0,Devices/[DemoWWTP]/Controller:Global/SBR1_DO.REACT1_LOW,,Boolean
0,Devices/[DemoWWTP]/Controller:Global/SBR1_DO.REACT1_HI,,Boolean
0,Devices/[DemoWWTP]/Controller:Global/SBR1_DO.REACT2_LOW,,Boolean
0,Devices/[DemoWWTP]/Controller:Global/SBR1_DO.REACT2_HI,,Boolean
0,Devices/[DemoWWTP]/Controller:Global/SBR1_DO.SPIKE,,Boolean
0,Devices/[DemoWWTP]/Controller:Global/SBR1_DO_CLEAN_AERATORS_OFF.DN,,Boolean
0,Devices/[DemoWWTP]/Controller:Global/SBR1_DO_CLEAN_AERATORS_OFF.EN,,Boolean
0,Devices/[DemoWWTP]/Controller:Global/SBR1_DO_CLEAN_AERATORS_OFF.TT,,Boolean
0,Devices/[DemoWWTP]/Controller:Global/SBR1_DO_CLEAN_AERATORS_OFF.PRE,,Int32
0,Devices/[DemoWWTP]/Controller:Global/SBR1_DO_CLEAN_AERATORS_OFF.ACC,,Int32
0,Devices/[DemoWWTP]/Controller:Global/SBR1_DO_CLEAN_INTERVAL.DN,,Boolean
0,Devices/[DemoWWTP]/Controller:Global/SBR1_DO_CLEAN_INTERVAL.EN,,Boolean
0,Devices/[DemoWWTP]/Controller:Global/SBR1_DO_CLEAN_INTERVAL.TT,,Boolean
0,Devices/[DemoWWTP]/Controller:Global/SBR1_DO_CLEAN_INTERVAL.PRE,,Int32
0,Devices/[DemoWWTP]/Controller:Global/SBR1_DO_CLEAN_INTERVAL.ACC,,Int32
0,Devices/[DemoWWTP]/Controller:Global/SBR1_DO_HEAD_CLEAN.DN,,Boolean
0,Devices/[DemoWWTP]/Controller:Global/SBR1_DO_HEAD_CLEAN.EN,,Boolean
0,Devices/[DemoWWTP]/Controller:Global/SBR1_DO_HEAD_CLEAN.TT,,Boolean
0,Devices/[DemoWWTP]/Controller:Global/SBR1_DO_HEAD_CLEAN.PRE,,Int32
0,Devices/[DemoWWTP]/Controller:Global/SBR1_DO_HEAD_CLEAN.ACC,,Int32
0,Devices/[DemoWWTP]/Controller:Global/SBR1_FILL.SBR_FILLED_TWL,,Boolean
0,Devices/[DemoWWTP]/Controller:Global/SBR1_FILL.SBR_TWL_EXTRATIME.DN,,Boolean
0,Devices/[DemoWWTP]/Controller:Global/SBR1_FILL.SBR_TWL_EXTRATIME.EN,,Boolean
0,Devices/[DemoWWTP]/Controller:Global/SBR1_FILL.SBR_TWL_EXTRATIME.TT,,Boolean
0,Devices/[DemoWWTP]/Controller:Global/SBR1_FILL.SBR_TWL_EXTRATIME.PRE,,Int32
0,Devices/[DemoWWTP]/Controller:Global/SBR1_FILL.SBR_TWL_EXTRATIME.ACC,,Int32
0,Devices/[DemoWWTP]/Controller:Global/SBR1_FILL.SBR_EXTRATIME,,Boolean
0,Devices/[DemoWWTP]/Controller:Global/SBR1_HIHI_FLOW_BTMWL.DN,,Boolean
0,Devices/[DemoWWTP]/Controller:Global/SBR1_HIHI_FLOW_BTMWL.EN,,Boolean
0,Devices/[DemoWWTP]/Controller:Global/SBR1_HIHI_FLOW_BTMWL.TT,,Boolean
0,Devices/[DemoWWTP]/Controller:Global/SBR1_HIHI_FLOW_BTMWL.PRE,,Int32
0,Devices/[DemoWWTP]/Controller:Global/SBR1_HIHI_FLOW_BTMWL.ACC,,Int32
0,Devices/[DemoWWTP]/Controller:Global/SBR1_HIHI_FLOW_PUMPS_OFF.DN,,Boolean
0,Devices/[DemoWWTP]/Controller:Global/SBR1_HIHI_FLOW_PUMPS_OFF.EN,,Boolean
0,Devices/[DemoWWTP]/Controller:Global/SBR1_HIHI_FLOW_PUMPS_OFF.TT,,Boolean
0,Devices/[DemoWWTP]/Controller:Global/SBR1_HIHI_FLOW_PUMPS_OFF.PRE,,Int32
0,Devices/[DemoWWTP]/Controller:Global/SBR1_HIHI_FLOW_PUMPS_OFF.ACC,,Int32
0,Devices/[DemoWWTP]/Controller:Global/SBR1_HIHI_FLOW_PUMPS_ON.DN,,Boolean
0,Devices/[DemoWWTP]/Controller:Global/SBR1_HIHI_FLOW_PUMPS_ON.EN,,Boolean
0,Devices/[DemoWWTP]/Controller:Global/SBR1_HIHI_FLOW_PUMPS_ON.TT,,Boolean
0,Devices/[DemoWWTP]/Controller:Global/SBR1_HIHI_FLOW_PUMPS_ON.PRE,,Int32
0,Devices/[DemoWWTP]/Controller:Global/SBR1_HIHI_FLOW_PUMPS_ON.ACC,,Int32
0,Devices/[DemoWWTP]/Controller:Global/SBR1_LEVELS.OFL,,Boolean
0,Devices/[DemoWWTP]/Controller:Global/SBR1_LEVELS.OFL_SCADA_SP,,Int32
0,Devices/[DemoWWTP]/Controller:Global/SBR1_LEVELS.OFL_FILTER.DN,,Boolean
0,Devices/[DemoWWTP]/Controller:Global/SBR1_LEVELS.OFL_FILTER.EN,,Boolean
0,Devices/[DemoWWTP]/Controller:Global/SBR1_LEVELS.OFL_FILTER.TT,,Boolean
0,Devices/[DemoWWTP]/Controller:Global/SBR1_LEVELS.OFL_FILTER.PRE,,Int32
0,Devices/[DemoWWTP]/Controller:Global/SBR1_LEVELS.OFL_FILTER.ACC,,Int32
0,Devices/[DemoWWTP]/Controller:Global/SBR1_LEVELS.TWL,,Boolean
0,Devices/[DemoWWTP]/Controller:Global/SBR1_LEVELS.TWL_SCADA_SP,,Int32
0,Devices/[DemoWWTP]/Controller:Global/SBR1_LEVELS.TWL_FILTER.DN,,Boolean
0,Devices/[DemoWWTP]/Controller:Global/SBR1_LEVELS.TWL_FILTER.EN,,Boolean
0,Devices/[DemoWWTP]/Controller:Global/SBR1_LEVELS.TWL_FILTER.TT,,Boolean
0,Devices/[DemoWWTP]/Controller:Global/SBR1_LEVELS.TWL_FILTER.PRE,,Int32
0,Devices/[DemoWWTP]/Controller:Global/SBR1_LEVELS.TWL_FILTER.ACC,,Int32
0,Devices/[DemoWWTP]/Controller:Global/SBR1_LEVELS.BWL,,Boolean
0,Devices/[DemoWWTP]/Controller:Global/SBR1_LEVELS.BWL_SCADA_SP,,Int32
0,Devices/[DemoWWTP]/Controller:Global/SBR1_LEVELS.BWL_FILTER.DN,,Boolean
0,Devices/[DemoWWTP]/Controller:Global/SBR1_LEVELS.BWL_FILTER.EN,,Boolean
0,Devices/[DemoWWTP]/Controller:Global/SBR1_LEVELS.BWL_FILTER.TT,,Boolean
0,Devices/[DemoWWTP]/Controller:Global/SBR1_LEVELS.BWL_FILTER.PRE,,Int32
0,Devices/[DemoWWTP]/Controller:Global/SBR1_LEVELS.BWL_FILTER.ACC,,Int32
0,Devices/[DemoWWTP]/Controller:Global/SBR1_LEVELS.LWL,,Boolean
0,Devices/[DemoWWTP]/Controller:Global/SBR1_LEVELS.LWL_SCADA_SP,,Int32
0,Devices/[DemoWWTP]/Controller:Global/SBR1_LEVELS.LWL_FILTER.DN,,Boolean
0,Devices/[DemoWWTP]/Controller:Global/SBR1_LEVELS.LWL_FILTER.EN,,Boolean
0,Devices/[DemoWWTP]/Controller:Global/SBR1_LEVELS.LWL_FILTER.TT,,Boolean
0,Devices/[DemoWWTP]/Controller:Global/SBR1_LEVELS.LWL_FILTER.PRE,,Int32
0,Devices/[DemoWWTP]/Controller:Global/SBR1_LEVELS.LWL_FILTER.ACC,,Int32
0,Devices/[DemoWWTP]/Controller:Global/SBR1_LEVELS.FOAM,,Boolean
0,Devices/[DemoWWTP]/Controller:Global/SBR1_LEVELS.FOAM_SCADA_SP,,Int32
0,Devices/[DemoWWTP]/Controller:Global/SBR1_LEVELS.FOAM_FILTER.DN,,Boolean
0,Devices/[DemoWWTP]/Controller:Global/SBR1_LEVELS.FOAM_FILTER.EN,,Boolean
0,Devices/[DemoWWTP]/Controller:Global/SBR1_LEVELS.FOAM_FILTER.TT,,Boolean
0,Devices/[DemoWWTP]/Controller:Global/SBR1_LEVELS.FOAM_FILTER.PRE,,Int32
0,Devices/[DemoWWTP]/Controller:Global/SBR1_LEVELS.FOAM_FILTER.ACC,,Int32
0,Devices/[DemoWWTP]/Controller:Global/SBR1_LEVELS.FOAM_RETURN,,Boolean
0,Devices/[DemoWWTP]/Controller:Global/SBR1_LEVELS.FOAM_RET_SCADA_SP,,Int32
0,Devices/[DemoWWTP]/Controller:Global/SBR1_LEVELS.FOAM_RETURN_FILTER.DN,,Boolean
0,Devices/[DemoWWTP]/Controller:Global/SBR1_LEVELS.FOAM_RETURN_FILTER.EN,,Boolean
0,Devices/[DemoWWTP]/Controller:Global/SBR1_LEVELS.FOAM_RETURN_FILTER.TT,,Boolean
0,Devices/[DemoWWTP]/Controller:Global/SBR1_LEVELS.FOAM_RETURN_FILTER.PRE,,Int32
0,Devices/[DemoWWTP]/Controller:Global/SBR1_LEVELS.FOAM_RETURN_FILTER.ACC,,Int32
0,Devices/[DemoWWTP]/Controller:Global/SBR1_LEVELS.HUGE_BATCH,,Boolean
0,Devices/[DemoWWTP]/Controller:Global/SBR1_LEVELS.HUGE_BATCH_SCADA_SP,,Int32
0,Devices/[DemoWWTP]/Controller:Global/SBR1_LEVELS.HUGE_BATCH_FILTER.DN,,Boolean
0,Devices/[DemoWWTP]/Controller:Global/SBR1_LEVELS.HUGE_BATCH_FILTER.EN,,Boolean
0,Devices/[DemoWWTP]/Controller:Global/SBR1_LEVELS.HUGE_BATCH_FILTER.TT,,Boolean
0,Devices/[DemoWWTP]/Controller:Global/SBR1_LEVELS.HUGE_BATCH_FILTER.PRE,,Int32
0,Devices/[DemoWWTP]/Controller:Global/SBR1_LEVELS.HUGE_BATCH_FILTER.ACC,,Int32
0,Devices/[DemoWWTP]/Controller:Global/SBR1_LEVELS.EXTRA_BATCH,,Boolean
0,Devices/[DemoWWTP]/Controller:Global/SBR1_LEVELS.EXTRA_BATCH_SCADA_SP,,Int32
0,Devices/[DemoWWTP]/Controller:Global/SBR1_LEVELS.EXTRA_BATCH_FILTER.DN,,Boolean
0,Devices/[DemoWWTP]/Controller:Global/SBR1_LEVELS.EXTRA_BATCH_FILTER.EN,,Boolean
0,Devices/[DemoWWTP]/Controller:Global/SBR1_LEVELS.EXTRA_BATCH_FILTER.TT,,Boolean
0,Devices/[DemoWWTP]/Controller:Global/SBR1_LEVELS.EXTRA_BATCH_FILTER.PRE,,Int32
0,Devices/[DemoWWTP]/Controller:Global/SBR1_LEVELS.EXTRA_BATCH_FILTER.ACC,,Int32
0,Devices/[DemoWWTP]/Controller:Global/SBR1_LEVELS.LARGE_BATCH,,Boolean
0,Devices/[DemoWWTP]/Controller:Global/SBR1_LEVELS.LARGE_BATCH_SCADA_SP,,Int32
0,Devices/[DemoWWTP]/Controller:Global/SBR1_LEVELS.LARGE_BATCH_FILTER.DN,,Boolean
0,Devices/[DemoWWTP]/Controller:Global/SBR1_LEVELS.LARGE_BATCH_FILTER.EN,,Boolean
0,Devices/[DemoWWTP]/Controller:Global/SBR1_LEVELS.LARGE_BATCH_FILTER.TT,,Boolean
0,Devices/[DemoWWTP]/Controller:Global/SBR1_LEVELS.LARGE_BATCH_FILTER.PRE,,Int32
0,Devices/[DemoWWTP]/Controller:Global/SBR1_LEVELS.LARGE_BATCH_FILTER.ACC,,Int32
0,Devices/[DemoWWTP]/Controller:Global/SBR1_LEVELS.MEDIUM_BATCH,,Boolean
0,Devices/[DemoWWTP]/Controller:Global/SBR1_LEVELS.MEDIUM_BATCH_SCADA_SP,,Int32
0,Devices/[DemoWWTP]/Controller:Global/SBR1_LEVELS.MEDIUM_BATCH_FILTER.DN,,Boolean
0,Devices/[DemoWWTP]/Controller:Global/SBR1_LEVELS.MEDIUM_BATCH_FILTER.EN,,Boolean
0,Devices/[DemoWWTP]/Controller:Global/SBR1_LEVELS.MEDIUM_BATCH_FILTER.TT,,Boolean
0,Devices/[DemoWWTP]/Controller:Global/SBR1_LEVELS.MEDIUM_BATCH_FILTER.PRE,,Int32
0,Devices/[DemoWWTP]/Controller:Global/SBR1_LEVELS.MEDIUM_BATCH_FILTER.ACC,,Int32
0,Devices/[DemoWWTP]/Controller:Global/SBR1_LEVELS.SMALL_BATCH,,Boolean
0,Devices/[DemoWWTP]/Controller:Global/SBR1_LEVELS.SMALL_BATCH_SCADA_SP,,Int32
0,Devices/[DemoWWTP]/Controller:Global/SBR1_LEVELS.SMALL_BATCH_FILTER.DN,,Boolean
0,Devices/[DemoWWTP]/Controller:Global/SBR1_LEVELS.SMALL_BATCH_FILTER.EN,,Boolean
0,Devices/[DemoWWTP]/Controller:Global/SBR1_LEVELS.SMALL_BATCH_FILTER.TT,,Boolean
0,Devices/[DemoWWTP]/Controller:Global/SBR1_LEVELS.SMALL_BATCH_FILTER.PRE,,Int32
0,Devices/[DemoWWTP]/Controller:Global/SBR1_LEVELS.SMALL_BATCH_FILTER.ACC,,Int32
0,Devices/[DemoWWTP]/Controller:Global/SBR1_LEVELS.VSMALL_BATCH,,Boolean
0,Devices/[DemoWWTP]/Controller:Global/SBR1_LEVELS.VSMALL_BATCH_SCADA_SP,,Int32
0,Devices/[DemoWWTP]/Controller:Global/SBR1_LEVELS.VSMALL_BATCH_FILTER.DN,,Boolean
0,Devices/[DemoWWTP]/Controller:Global/SBR1_LEVELS.VSMALL_BATCH_FILTER.EN,,Boolean
0,Devices/[DemoWWTP]/Controller:Global/SBR1_LEVELS.VSMALL_BATCH_FILTER.TT,,Boolean
0,Devices/[DemoWWTP]/Controller:Global/SBR1_LEVELS.VSMALL_BATCH_FILTER.PRE,,Int32
0,Devices/[DemoWWTP]/Controller:Global/SBR1_LEVELS.VSMALL_BATCH_FILTER.ACC,,Int32
0,Devices/[DemoWWTP]/Controller:Global/SBR1_LEVELS.EWL,,Boolean
0,Devices/[DemoWWTP]/Controller:Global/SBR1_LEVELS.EWL_SCADA_SP,,Int32
0,Devices/[DemoWWTP]/Controller:Global/SBR1_LEVELS.EWL_FILTER.DN,,Boolean
0,Devices/[DemoWWTP]/Controller:Global/SBR1_LEVELS.EWL_FILTER.EN,,Boolean
0,Devices/[DemoWWTP]/Controller:Global/SBR1_LEVELS.EWL_FILTER.TT,,Boolean
0,Devices/[DemoWWTP]/Controller:Global/SBR1_LEVELS.EWL_FILTER.PRE,,Int32
0,Devices/[DemoWWTP]/Controller:Global/SBR1_LEVELS.EWL_FILTER.ACC,,Int32
0,Devices/[DemoWWTP]/Controller:Global/SBR1_LEVELS.SLUDGE_LEVEL,,Boolean
0,Devices/[DemoWWTP]/Controller:Global/SBR1_LEVELS.SLUDGE_SCADA_SP,,Int32
0,Devices/[DemoWWTP]/Controller:Global/SBR1_LEVELS.SLUDGE_FILTER.DN,,Boolean
0,Devices/[DemoWWTP]/Controller:Global/SBR1_LEVELS.SLUDGE_FILTER.EN,,Boolean
0,Devices/[DemoWWTP]/Controller:Global/SBR1_LEVELS.SLUDGE_FILTER.TT,,Boolean
0,Devices/[DemoWWTP]/Controller:Global/SBR1_LEVELS.SLUDGE_FILTER.PRE,,Int32
0,Devices/[DemoWWTP]/Controller:Global/SBR1_LEVELS.SLUDGE_FILTER.ACC,,Int32
0,Devices/[DemoWWTP]/Controller:Global/SBR1_LEVELS.DIFFERENTIAL_LOWER,,Int32
0,Devices/[DemoWWTP]/Controller:Global/SBR1_LEVELS.DIFFERENTIAL_SP,,Int32
0,Devices/[DemoWWTP]/Controller:Global/SBR1_LEVELS.DIFFERENTIAL_UPPER,,Int32
0,Devices/[DemoWWTP]/Controller:Global/SBR1_LEVELS.MIN_DECANT_SP,,Int32
0,Devices/[DemoWWTP]/Controller:Global/SBR1_LEVELS.MAX_DECANT_SP,,Int32
0,Devices/[DemoWWTP]/Controller:Global/SBR1_LEVELS.SLUDGE_LEVEL_SCADA_SP,,Float
0,Devices/[DemoWWTP]/Controller:Global/SBR1_LEVELS_CALCULATED_DECANT,,Int32
0,Devices/[DemoWWTP]/Controller:Global/SBR1_LEVELS_CALCULATED_DECANT_SCRATCHPAD,,Int32
0,Devices/[DemoWWTP]/Controller:Global/SBR1_LEVELS_DECANT_CONFIRM.DN,,Boolean
0,Devices/[DemoWWTP]/Controller:Global/SBR1_LEVELS_DECANT_CONFIRM.EN,,Boolean
0,Devices/[DemoWWTP]/Controller:Global/SBR1_LEVELS_DECANT_CONFIRM.TT,,Boolean
0,Devices/[DemoWWTP]/Controller:Global/SBR1_LEVELS_DECANT_CONFIRM.PRE,,Int32
0,Devices/[DemoWWTP]/Controller:Global/SBR1_LEVELS_DECANT_CONFIRM.ACC,,Int32
0,Devices/[DemoWWTP]/Controller:Global/SBR1_LEVELS_SCADA_SP_NORMAL_DECANT,,Int32
0,Devices/[DemoWWTP]/Controller:Global/SBR1_MAX_NONFILLED_DECANT,,Int32
0,Devices/[DemoWWTP]/Controller:Global/SBR1_MIX_AERATION,,Boolean
0,Devices/[DemoWWTP]/Controller:Global/SBR1_MODES.CYCLE_ON,,Boolean
0,Devices/[DemoWWTP]/Controller:Global/SBR1_MODES.FILL,,Boolean
0,Devices/[DemoWWTP]/Controller:Global/SBR1_MODES.SUPER_REACT,,Boolean
0,Devices/[DemoWWTP]/Controller:Global/SBR1_MODES.REACT1,,Boolean
0,Devices/[DemoWWTP]/Controller:Global/SBR1_MODES.REACT2,,Boolean
0,Devices/[DemoWWTP]/Controller:Global/SBR1_MODES.SPIKE,,Boolean
0,Devices/[DemoWWTP]/Controller:Global/SBR1_MODES.SETTLE,,Boolean
0,Devices/[DemoWWTP]/Controller:Global/SBR1_MODES.DECANT,,Boolean
0,Devices/[DemoWWTP]/Controller:Global/SBR1_MODES.IDLE,,Boolean
0,Devices/[DemoWWTP]/Controller:Global/SBR1_MODES.MODE_NO,,Int32
0,Devices/[DemoWWTP]/Controller:Global/SBR1_MODES.SCADA_PB_CYCLE_START,,Boolean
0,Devices/[DemoWWTP]/Controller:Global/SBR1_MODES.SCADA_PB_CYCLE_STOP,,Boolean
0,Devices/[DemoWWTP]/Controller:Global/SBR1_MODES.SCADA_PB_FILL,,Boolean
0,Devices/[DemoWWTP]/Controller:Global/SBR1_MODES.SCADA_PB_REACT1,,Boolean
0,Devices/[DemoWWTP]/Controller:Global/SBR1_MODES.SCADA_PB_REACT2,,Boolean
0,Devices/[DemoWWTP]/Controller:Global/SBR1_MODES.SCADA_PB_SPIKE,,Boolean
0,Devices/[DemoWWTP]/Controller:Global/SBR1_MODES.SCADA_PB_SETTLE,,Boolean
0,Devices/[DemoWWTP]/Controller:Global/SBR1_MODES.SCADA_PB_DECANT,,Boolean
0,Devices/[DemoWWTP]/Controller:Global/SBR1_MODES.SCADA_PB_IDLE,,Boolean
0,Devices/[DemoWWTP]/Controller:Global/SBR1_MODES.SCADA_PB_SLUDGE_REQ,,Boolean
0,Devices/[DemoWWTP]/Controller:Global/SBR1_MODES.SCADA_IND_FILL,,Boolean
0,Devices/[DemoWWTP]/Controller:Global/SBR1_MODES.SCADA_IND_CYCLE_RUNNING,,Boolean
0,Devices/[DemoWWTP]/Controller:Global/SBR1_MODES.SCADA_IND_SUPER,,Boolean
0,Devices/[DemoWWTP]/Controller:Global/SBR1_MODES.SCADA_IND_REACT1,,Boolean
0,Devices/[DemoWWTP]/Controller:Global/SBR1_MODES.SCADA_IND_REACT2,,Boolean
0,Devices/[DemoWWTP]/Controller:Global/SBR1_MODES.SCADA_IND_SPIKE,,Boolean
0,Devices/[DemoWWTP]/Controller:Global/SBR1_MODES.SCADA_IND_SETTLE,,Boolean
0,Devices/[DemoWWTP]/Controller:Global/SBR1_MODES.SCADA_IND_DECANT,,Boolean
0,Devices/[DemoWWTP]/Controller:Global/SBR1_MODES.SCADA_IND_IDLE,,Boolean
0,Devices/[DemoWWTP]/Controller:Global/SBR1_MODES.SCADA_IND_SLUDGE,,Boolean
0,Devices/[DemoWWTP]/Controller:Global/SBR1_MODES.SCADA_MODE_NO,,Int32
0,Devices/[DemoWWTP]/Controller:Global/SBR1_MODES.CYCLE_RESTART,,Boolean
0,Devices/[DemoWWTP]/Controller:Global/SBR1_MODES.PROCESS_TIME.DN,,Boolean
0,Devices/[DemoWWTP]/Controller:Global/SBR1_MODES.PROCESS_TIME.EN,,Boolean
0,Devices/[DemoWWTP]/Controller:Global/SBR1_MODES.PROCESS_TIME.TT,,Boolean
0,Devices/[DemoWWTP]/Controller:Global/SBR1_MODES.PROCESS_TIME.PRE,,Int32
0,Devices/[DemoWWTP]/Controller:Global/SBR1_MODES.PROCESS_TIME.ACC,,Int32
0,Devices/[DemoWWTP]/Controller:Global/SBR1_MODES.SUPER_DELAY.DN,,Boolean
0,Devices/[DemoWWTP]/Controller:Global/SBR1_MODES.SUPER_DELAY.EN,,Boolean
0,Devices/[DemoWWTP]/Controller:Global/SBR1_MODES.SUPER_DELAY.TT,,Boolean
0,Devices/[DemoWWTP]/Controller:Global/SBR1_MODES.SUPER_DELAY.PRE,,Int32
0,Devices/[DemoWWTP]/Controller:Global/SBR1_MODES.SUPER_DELAY.ACC,,Int32
0,Devices/[DemoWWTP]/Controller:Global/SBR1_MODES.RESTART_DELAY.DN,,Boolean
0,Devices/[DemoWWTP]/Controller:Global/SBR1_MODES.RESTART_DELAY.EN,,Boolean
0,Devices/[DemoWWTP]/Controller:Global/SBR1_MODES.RESTART_DELAY.TT,,Boolean
0,Devices/[DemoWWTP]/Controller:Global/SBR1_MODES.RESTART_DELAY.PRE,,Int32
0,Devices/[DemoWWTP]/Controller:Global/SBR1_MODES.RESTART_DELAY.ACC,,Int32
0,Devices/[DemoWWTP]/Controller:Global/SBR1_MODES.SCADA_SP_SUPER,,Int32
0,Devices/[DemoWWTP]/Controller:Global/SBR1_MODES.SCADA_SP_REACT1,,Int32
0,Devices/[DemoWWTP]/Controller:Global/SBR1_MODES.SCADA_SP_REACT2,,Int32
0,Devices/[DemoWWTP]/Controller:Global/SBR1_MODES.SCADA_SP_SPIKE,,Int32
0,Devices/[DemoWWTP]/Controller:Global/SBR1_MODES.SCADA_SP_SETTLE,,Int32
0,Devices/[DemoWWTP]/Controller:Global/SBR1_MODES.SCADA_SP_DECANT,,Int32
0,Devices/[DemoWWTP]/Controller:Global/SBR1_MODES.SCADA_SP_IDLE,,Int32
0,Devices/[DemoWWTP]/Controller:Global/SBR1_MODES.FILL_START,,Int32
0,Devices/[DemoWWTP]/Controller:Global/SBR1_MODES.SUPER_START,,Int32
0,Devices/[DemoWWTP]/Controller:Global/SBR1_MODES.REACT1_START,,Int32
0,Devices/[DemoWWTP]/Controller:Global/SBR1_MODES.REACT2_START,,Int32
0,Devices/[DemoWWTP]/Controller:Global/SBR1_MODES.SPIKE_START,,Int32
0,Devices/[DemoWWTP]/Controller:Global/SBR1_MODES.SETTLE_START,,Int32
0,Devices/[DemoWWTP]/Controller:Global/SBR1_MODES.DECANT_START,,Int32
0,Devices/[DemoWWTP]/Controller:Global/SBR1_MODES.IDLE_START,,Int32
0,Devices/[DemoWWTP]/Controller:Global/SBR1_MODES.END_OF_CYCLE,,Int32
0,Devices/[DemoWWTP]/Controller:Global/SBR1_MODES.HALF_CYCLE,,Int32
0,Devices/[DemoWWTP]/Controller:Global/SBR1_MODES.IDLE_TIME_REMAIN,,Int32
0,Devices/[DemoWWTP]/Controller:Global/SBR1_MODES.DECANT_TIME_REMAIN,,Int32
0,Devices/[DemoWWTP]/Controller:Global/SBR1_MODES.SCADA_DECANT_TIME,,Int32
0,Devices/[DemoWWTP]/Controller:Global/SBR1_MODES.SP_FILL,,Int32
0,Devices/[DemoWWTP]/Controller:Global/SBR1_MODES.SP_SUPER,,Int32
0,Devices/[DemoWWTP]/Controller:Global/SBR1_MODES.SP_REACT1,,Int32
0,Devices/[DemoWWTP]/Controller:Global/SBR1_MODES.SP_REACT2,,Int32
0,Devices/[DemoWWTP]/Controller:Global/SBR1_MODES.SP_SPIKE,,Int32
0,Devices/[DemoWWTP]/Controller:Global/SBR1_MODES.SP_SETTLE,,Int32
0,Devices/[DemoWWTP]/Controller:Global/SBR1_MODES.SP_DECANT,,Int32
0,Devices/[DemoWWTP]/Controller:Global/SBR1_MODES.SP_IDLE,,Int32
0,Devices/[DemoWWTP]/Controller:Global/SBR1_MODES.SLUDGE_REQ,,Boolean
0,Devices/[DemoWWTP]/Controller:Global/SBR1_MODES.ONS,,Boolean
0,Devices/[DemoWWTP]/Controller:Global/SBR1_MODES.SCADA_PROCESS_PHASE,,Int32
0,Devices/[DemoWWTP]/Controller:Global/SBR1_MODES.END_OF_PHASE,,Int32
0,Devices/[DemoWWTP]/Controller:Global/SBR1_MODES.SCADA_END_OF_PHASE,,Int32
0,Devices/[DemoWWTP]/Controller:Global/SBR1_MODES.PRESENT,,Boolean
0,Devices/[DemoWWTP]/Controller:Global/SBR1_MODES.SUPER_REACT_TRIGGER,,Boolean
0,Devices/[DemoWWTP]/Controller:Global/SBR1_MODES.SCADA_SP_TOTAL_FILL,,Int32
0,Devices/[DemoWWTP]/Controller:Global/SBR1_MODES.SCADA_SP_DECANT_FLUSH,,Int32
0,Devices/[DemoWWTP]/Controller:Global/SBR1_MODES.TOTAL_FILL,,Boolean
0,Devices/[DemoWWTP]/Controller:Global/SBR1_MODES_HIHI_FLOW,,Boolean
0,Devices/[DemoWWTP]/Controller:Global/SBR1_MODES_TOTAL_FILL,,Boolean
0,Devices/[DemoWWTP]/Controller:Global/SBR1_ONS,,Int32
0,Devices/[DemoWWTP]/Controller:Global/SBR1_PROCESS_TIME1,,Int32
0,Devices/[DemoWWTP]/Controller:Global/SBR1_REACT1_MINIMUM_RUN.DN,,Boolean
0,Devices/[DemoWWTP]/Controller:Global/SBR1_REACT1_MINIMUM_RUN.EN,,Boolean
0,Devices/[DemoWWTP]/Controller:Global/SBR1_REACT1_MINIMUM_RUN.TT,,Boolean
0,Devices/[DemoWWTP]/Controller:Global/SBR1_REACT1_MINIMUM_RUN.PRE,,Int32
0,Devices/[DemoWWTP]/Controller:Global/SBR1_REACT1_MINIMUM_RUN.ACC,,Int32
0,Devices/[DemoWWTP]/Controller:Global/SBR1_REACT2_MINIMUM_RUN.DN,,Boolean
0,Devices/[DemoWWTP]/Controller:Global/SBR1_REACT2_MINIMUM_RUN.EN,,Boolean
0,Devices/[DemoWWTP]/Controller:Global/SBR1_REACT2_MINIMUM_RUN.TT,,Boolean
0,Devices/[DemoWWTP]/Controller:Global/SBR1_REACT2_MINIMUM_RUN.PRE,,Int32
0,Devices/[DemoWWTP]/Controller:Global/SBR1_REACT2_MINIMUM_RUN.ACC,,Int32
0,Devices/[DemoWWTP]/Controller:Global/SBR1_SLUDGE.AERATION_TIME.DN,,Boolean
0,Devices/[DemoWWTP]/Controller:Global/SBR1_SLUDGE.AERATION_TIME.EN,,Boolean
0,Devices/[DemoWWTP]/Controller:Global/SBR1_SLUDGE.AERATION_TIME.TT,,Boolean
0,Devices/[DemoWWTP]/Controller:Global/SBR1_SLUDGE.AERATION_TIME.PRE,,Int32
0,Devices/[DemoWWTP]/Controller:Global/SBR1_SLUDGE.AERATION_TIME.ACC,,Int32
0,Devices/[DemoWWTP]/Controller:Global/SBR1_SLUDGE.AERATION_HOUR_COUNT.CU,,Boolean
0,Devices/[DemoWWTP]/Controller:Global/SBR1_SLUDGE.AERATION_HOUR_COUNT.CD,,Boolean
0,Devices/[DemoWWTP]/Controller:Global/SBR1_SLUDGE.AERATION_HOUR_COUNT.DN,,Boolean
0,Devices/[DemoWWTP]/Controller:Global/SBR1_SLUDGE.AERATION_HOUR_COUNT.OV,,Boolean
0,Devices/[DemoWWTP]/Controller:Global/SBR1_SLUDGE.AERATION_HOUR_COUNT.UN,,Boolean
0,Devices/[DemoWWTP]/Controller:Global/SBR1_SLUDGE.AERATION_HOUR_COUNT.PRE,,Int32
0,Devices/[DemoWWTP]/Controller:Global/SBR1_SLUDGE.AERATION_HOUR_COUNT.ACC,,Int32
0,Devices/[DemoWWTP]/Controller:Global/SBR1_SLUDGE.TRIGGER,,Boolean
0,Devices/[DemoWWTP]/Controller:Global/SBR1_SLUDGE.SYSTEM_OK_TO_SLUDGE,,Boolean
0,Devices/[DemoWWTP]/Controller:Global/SBR1_SLUDGE.START_SLUDGE,,Boolean
0,Devices/[DemoWWTP]/Controller:Global/SBR1_SLUDGE.CLOSE_INFLOW,,Boolean
0,Devices/[DemoWWTP]/Controller:Global/SBR1_SLUDGE.WAS_ACC.DN,,Boolean
0,Devices/[DemoWWTP]/Controller:Global/SBR1_SLUDGE.WAS_ACC.EN,,Boolean
0,Devices/[DemoWWTP]/Controller:Global/SBR1_SLUDGE.WAS_ACC.TT,,Boolean
0,Devices/[DemoWWTP]/Controller:Global/SBR1_SLUDGE.WAS_ACC.PRE,,Int32
0,Devices/[DemoWWTP]/Controller:Global/SBR1_SLUDGE.WAS_ACC.ACC,,Int32
0,Devices/[DemoWWTP]/Controller:Global/SBR1_SLUDGE.UNABLE_TO_WASTE.CU,,Boolean
0,Devices/[DemoWWTP]/Controller:Global/SBR1_SLUDGE.UNABLE_TO_WASTE.CD,,Boolean
0,Devices/[DemoWWTP]/Controller:Global/SBR1_SLUDGE.UNABLE_TO_WASTE.DN,,Boolean
0,Devices/[DemoWWTP]/Controller:Global/SBR1_SLUDGE.UNABLE_TO_WASTE.OV,,Boolean
0,Devices/[DemoWWTP]/Controller:Global/SBR1_SLUDGE.UNABLE_TO_WASTE.UN,,Boolean
0,Devices/[DemoWWTP]/Controller:Global/SBR1_SLUDGE.UNABLE_TO_WASTE.PRE,,Int32
0,Devices/[DemoWWTP]/Controller:Global/SBR1_SLUDGE.UNABLE_TO_WASTE.ACC,,Int32
0,Devices/[DemoWWTP]/Controller:Global/SBR1_SLUDGE.ALM_UNABLE_TO_WASTE,,Boolean
0,Devices/[DemoWWTP]/Controller:Global/SBR1_SLUDGE.SCADA_SP_VALVE_OPEN,,Int32
0,Devices/[DemoWWTP]/Controller:Global/SBR1_SLUDGE.SCADA_SP_AERATE_HOUR,,Int32
0,Devices/[DemoWWTP]/Controller:Global/SBR1_SLUDGE.WAS_CYCLES,,Int32
0,Devices/[DemoWWTP]/Controller:Global/SBR1_SLUDGE.ONS,,Boolean
0,Devices/[DemoWWTP]/Controller:Global/SBR1_SLUDGE.TANK_100_FULL,,Boolean
0,Devices/[DemoWWTP]/Controller:Global/SBR1_SLUDGE.TANK_75_FULL,,Boolean
0,Devices/[DemoWWTP]/Controller:Global/SBR1_SLUDGE.TANK_PERCENTAGE,,Int32
0,Devices/[DemoWWTP]/Controller:Global/SBR1_SLUDGE.EMPTY_PB,,Boolean
0,Devices/[DemoWWTP]/Controller:Global/SBR1_SLUDGE.SCADA_SP_VALVE_PAUSE,,Int32
0,Devices/[DemoWWTP]/Controller:Global/SBR1_SLUDGE.VALVE_PAUSE.DN,,Boolean
0,Devices/[DemoWWTP]/Controller:Global/SBR1_SLUDGE.VALVE_PAUSE.EN,,Boolean
0,Devices/[DemoWWTP]/Controller:Global/SBR1_SLUDGE.VALVE_PAUSE.TT,,Boolean
0,Devices/[DemoWWTP]/Controller:Global/SBR1_SLUDGE.VALVE_PAUSE.PRE,,Int32
0,Devices/[DemoWWTP]/Controller:Global/SBR1_SLUDGE.VALVE_PAUSE.ACC,,Int32
0,Devices/[DemoWWTP]/Controller:Global/SBR1_SLUDGE.VALVE_OPEN.DN,,Boolean
0,Devices/[DemoWWTP]/Controller:Global/SBR1_SLUDGE.VALVE_OPEN.EN,,Boolean
0,Devices/[DemoWWTP]/Controller:Global/SBR1_SLUDGE.VALVE_OPEN.TT,,Boolean
0,Devices/[DemoWWTP]/Controller:Global/SBR1_SLUDGE.VALVE_OPEN.PRE,,Int32
0,Devices/[DemoWWTP]/Controller:Global/SBR1_SLUDGE.VALVE_OPEN.ACC,,Int32
0,Devices/[DemoWWTP]/Controller:Global/SBR1_SLUDGE_MANUAL_REQ,,Boolean
0,Devices/[DemoWWTP]/Controller:Global/SBR1_SLUDGE_PAUSE_FACTOR,,Int32
0,Devices/[DemoWWTP]/Controller:Global/SBR1_SLUDGE_VALVE_OPEN.DN,,Boolean
0,Devices/[DemoWWTP]/Controller:Global/SBR1_SLUDGE_VALVE_OPEN.EN,,Boolean
0,Devices/[DemoWWTP]/Controller:Global/SBR1_SLUDGE_VALVE_OPEN.TT,,Boolean
0,Devices/[DemoWWTP]/Controller:Global/SBR1_SLUDGE_VALVE_OPEN.PRE,,Int32
0,Devices/[DemoWWTP]/Controller:Global/SBR1_SLUDGE_VALVE_OPEN.ACC,,Int32
0,Devices/[DemoWWTP]/Controller:Global/SBR1_SLUDGE_VALVE_PAUSE.DN,,Boolean
0,Devices/[DemoWWTP]/Controller:Global/SBR1_SLUDGE_VALVE_PAUSE.EN,,Boolean
0,Devices/[DemoWWTP]/Controller:Global/SBR1_SLUDGE_VALVE_PAUSE.TT,,Boolean
0,Devices/[DemoWWTP]/Controller:Global/SBR1_SLUDGE_VALVE_PAUSE.PRE,,Int32
0,Devices/[DemoWWTP]/Controller:Global/SBR1_SLUDGE_VALVE_PAUSE.ACC,,Int32
0,Devices/[DemoWWTP]/Controller:Global/SBR1_SPIKE.NSE_START,,Boolean
0,Devices/[DemoWWTP]/Controller:Global/SBR1_SPIKE.MAX_DO_EVALUATiON.DN,,Boolean
0,Devices/[DemoWWTP]/Controller:Global/SBR1_SPIKE.MAX_DO_EVALUATiON.EN,,Boolean
0,Devices/[DemoWWTP]/Controller:Global/SBR1_SPIKE.MAX_DO_EVALUATiON.TT,,Boolean
0,Devices/[DemoWWTP]/Controller:Global/SBR1_SPIKE.MAX_DO_EVALUATiON.PRE,,Int32
0,Devices/[DemoWWTP]/Controller:Global/SBR1_SPIKE.MAX_DO_EVALUATiON.ACC,,Int32
0,Devices/[DemoWWTP]/Controller:Global/SBR1_SPIKE.MAX_DO,,Int32
0,Devices/[DemoWWTP]/Controller:Global/SBR1_SPIKE.NEGATIVE_EVALUATION.DN,,Boolean
0,Devices/[DemoWWTP]/Controller:Global/SBR1_SPIKE.NEGATIVE_EVALUATION.EN,,Boolean
0,Devices/[DemoWWTP]/Controller:Global/SBR1_SPIKE.NEGATIVE_EVALUATION.TT,,Boolean
0,Devices/[DemoWWTP]/Controller:Global/SBR1_SPIKE.NEGATIVE_EVALUATION.PRE,,Int32
0,Devices/[DemoWWTP]/Controller:Global/SBR1_SPIKE.NEGATIVE_EVALUATION.ACC,,Int32
0,Devices/[DemoWWTP]/Controller:Global/SBR1_SPIKE.NSE_COMPLETE,,Boolean
0,Devices/[DemoWWTP]/Controller:Global/SBR1_SPIKE.DO_DROP,,Int32
0,Devices/[DemoWWTP]/Controller:Global/SBR1_SPIKE.SCADA_SP_EVALUATE,,Int32
0,Devices/[DemoWWTP]/Controller:Global/SBR1_SPIKE.RESET.DN,,Boolean
0,Devices/[DemoWWTP]/Controller:Global/SBR1_SPIKE.RESET.EN,,Boolean
0,Devices/[DemoWWTP]/Controller:Global/SBR1_SPIKE.RESET.TT,,Boolean
0,Devices/[DemoWWTP]/Controller:Global/SBR1_SPIKE.RESET.PRE,,Int32
0,Devices/[DemoWWTP]/Controller:Global/SBR1_SPIKE.RESET.ACC,,Int32
0,Devices/[DemoWWTP]/Controller:Global/SBR1_SPIKE.ONS1,,Boolean
0,Devices/[DemoWWTP]/Controller:Global/SBR1_SPIKE.ONS2,,Boolean
0,Devices/[DemoWWTP]/Controller:Global/SBR1_SPIKE.ONS3,,Boolean
0,Devices/[DemoWWTP]/Controller:Global/SBR1_SPIKE.ONS4,,Boolean
0,Devices/[DemoWWTP]/Controller:Global/SBR2_MODES.CYCLE_ON,,Boolean
0,Devices/[DemoWWTP]/Controller:Global/SBR2_MODES.FILL,,Boolean
0,Devices/[DemoWWTP]/Controller:Global/SBR2_MODES.SUPER_REACT,,Boolean
0,Devices/[DemoWWTP]/Controller:Global/SBR2_MODES.REACT1,,Boolean
0,Devices/[DemoWWTP]/Controller:Global/SBR2_MODES.REACT2,,Boolean
0,Devices/[DemoWWTP]/Controller:Global/SBR2_MODES.SPIKE,,Boolean
0,Devices/[DemoWWTP]/Controller:Global/SBR2_MODES.SETTLE,,Boolean
0,Devices/[DemoWWTP]/Controller:Global/SBR2_MODES.DECANT,,Boolean
0,Devices/[DemoWWTP]/Controller:Global/SBR2_MODES.IDLE,,Boolean
0,Devices/[DemoWWTP]/Controller:Global/SBR2_MODES.MODE_NO,,Int32
0,Devices/[DemoWWTP]/Controller:Global/SBR2_MODES.SCADA_PB_CYCLE_START,,Boolean
0,Devices/[DemoWWTP]/Controller:Global/SBR2_MODES.SCADA_PB_CYCLE_STOP,,Boolean
0,Devices/[DemoWWTP]/Controller:Global/SBR2_MODES.SCADA_PB_FILL,,Boolean
0,Devices/[DemoWWTP]/Controller:Global/SBR2_MODES.SCADA_PB_REACT1,,Boolean
0,Devices/[DemoWWTP]/Controller:Global/SBR2_MODES.SCADA_PB_REACT2,,Boolean
0,Devices/[DemoWWTP]/Controller:Global/SBR2_MODES.SCADA_PB_SPIKE,,Boolean
0,Devices/[DemoWWTP]/Controller:Global/SBR2_MODES.SCADA_PB_SETTLE,,Boolean
0,Devices/[DemoWWTP]/Controller:Global/SBR2_MODES.SCADA_PB_DECANT,,Boolean
0,Devices/[DemoWWTP]/Controller:Global/SBR2_MODES.SCADA_PB_IDLE,,Boolean
0,Devices/[DemoWWTP]/Controller:Global/SBR2_MODES.SCADA_PB_SLUDGE_REQ,,Boolean
0,Devices/[DemoWWTP]/Controller:Global/SBR2_MODES.SCADA_IND_FILL,,Boolean
0,Devices/[DemoWWTP]/Controller:Global/SBR2_MODES.SCADA_IND_CYCLE_RUNNING,,Boolean
0,Devices/[DemoWWTP]/Controller:Global/SBR2_MODES.SCADA_IND_SUPER,,Boolean
0,Devices/[DemoWWTP]/Controller:Global/SBR2_MODES.SCADA_IND_REACT1,,Boolean
0,Devices/[DemoWWTP]/Controller:Global/SBR2_MODES.SCADA_IND_REACT2,,Boolean
0,Devices/[DemoWWTP]/Controller:Global/SBR2_MODES.SCADA_IND_SPIKE,,Boolean
0,Devices/[DemoWWTP]/Controller:Global/SBR2_MODES.SCADA_IND_SETTLE,,Boolean
0,Devices/[DemoWWTP]/Controller:Global/SBR2_MODES.SCADA_IND_DECANT,,Boolean
0,Devices/[DemoWWTP]/Controller:Global/SBR2_MODES.SCADA_IND_IDLE,,Boolean
0,Devices/[DemoWWTP]/Controller:Global/SBR2_MODES.SCADA_IND_SLUDGE,,Boolean
0,Devices/[DemoWWTP]/Controller:Global/SBR2_MODES.SCADA_MODE_NO,,Int32
0,Devices/[DemoWWTP]/Controller:Global/SBR2_MODES.CYCLE_RESTART,,Boolean
0,Devices/[DemoWWTP]/Controller:Global/SBR2_MODES.PROCESS_TIME.DN,,Boolean
0,Devices/[DemoWWTP]/Controller:Global/SBR2_MODES.PROCESS_TIME.EN,,Boolean
0,Devices/[DemoWWTP]/Controller:Global/SBR2_MODES.PROCESS_TIME.TT,,Boolean
0,Devices/[DemoWWTP]/Controller:Global/SBR2_MODES.PROCESS_TIME.PRE,,Int32
0,Devices/[DemoWWTP]/Controller:Global/SBR2_MODES.PROCESS_TIME.ACC,,Int32
0,Devices/[DemoWWTP]/Controller:Global/SBR2_MODES.SUPER_DELAY.DN,,Boolean
0,Devices/[DemoWWTP]/Controller:Global/SBR2_MODES.SUPER_DELAY.EN,,Boolean
0,Devices/[DemoWWTP]/Controller:Global/SBR2_MODES.SUPER_DELAY.TT,,Boolean
0,Devices/[DemoWWTP]/Controller:Global/SBR2_MODES.SUPER_DELAY.PRE,,Int32
0,Devices/[DemoWWTP]/Controller:Global/SBR2_MODES.SUPER_DELAY.ACC,,Int32
0,Devices/[DemoWWTP]/Controller:Global/SBR2_MODES.RESTART_DELAY.DN,,Boolean
0,Devices/[DemoWWTP]/Controller:Global/SBR2_MODES.RESTART_DELAY.EN,,Boolean
0,Devices/[DemoWWTP]/Controller:Global/SBR2_MODES.RESTART_DELAY.TT,,Boolean
0,Devices/[DemoWWTP]/Controller:Global/SBR2_MODES.RESTART_DELAY.PRE,,Int32
0,Devices/[DemoWWTP]/Controller:Global/SBR2_MODES.RESTART_DELAY.ACC,,Int32
0,Devices/[DemoWWTP]/Controller:Global/SBR2_MODES.SCADA_SP_SUPER,,Int32
0,Devices/[DemoWWTP]/Controller:Global/SBR2_MODES.SCADA_SP_REACT1,,Int32
0,Devices/[DemoWWTP]/Controller:Global/SBR2_MODES.SCADA_SP_REACT2,,Int32
0,Devices/[DemoWWTP]/Controller:Global/SBR2_MODES.SCADA_SP_SPIKE,,Int32
0,Devices/[DemoWWTP]/Controller:Global/SBR2_MODES.SCADA_SP_SETTLE,,Int32
0,Devices/[DemoWWTP]/Controller:Global/SBR2_MODES.SCADA_SP_DECANT,,Int32
0,Devices/[DemoWWTP]/Controller:Global/SBR2_MODES.SCADA_SP_IDLE,,Int32
0,Devices/[DemoWWTP]/Controller:Global/SBR2_MODES.FILL_START,,Int32
0,Devices/[DemoWWTP]/Controller:Global/SBR2_MODES.SUPER_START,,Int32
0,Devices/[DemoWWTP]/Controller:Global/SBR2_MODES.REACT1_START,,Int32
0,Devices/[DemoWWTP]/Controller:Global/SBR2_MODES.REACT2_START,,Int32
0,Devices/[DemoWWTP]/Controller:Global/SBR2_MODES.SPIKE_START,,Int32
0,Devices/[DemoWWTP]/Controller:Global/SBR2_MODES.SETTLE_START,,Int32
0,Devices/[DemoWWTP]/Controller:Global/SBR2_MODES.DECANT_START,,Int32
0,Devices/[DemoWWTP]/Controller:Global/SBR2_MODES.IDLE_START,,Int32
0,Devices/[DemoWWTP]/Controller:Global/SBR2_MODES.END_OF_CYCLE,,Int32
0,Devices/[DemoWWTP]/Controller:Global/SBR2_MODES.HALF_CYCLE,,Int32
0,Devices/[DemoWWTP]/Controller:Global/SBR2_MODES.IDLE_TIME_REMAIN,,Int32
0,Devices/[DemoWWTP]/Controller:Global/SBR2_MODES.DECANT_TIME_REMAIN,,Int32
0,Devices/[DemoWWTP]/Controller:Global/SBR2_MODES.SCADA_DECANT_TIME,,Int32
0,Devices/[DemoWWTP]/Controller:Global/SBR2_MODES.SP_FILL,,Int32
0,Devices/[DemoWWTP]/Controller:Global/SBR2_MODES.SP_SUPER,,Int32
0,Devices/[DemoWWTP]/Controller:Global/SBR2_MODES.SP_REACT1,,Int32
0,Devices/[DemoWWTP]/Controller:Global/SBR2_MODES.SP_REACT2,,Int32
0,Devices/[DemoWWTP]/Controller:Global/SBR2_MODES.SP_SPIKE,,Int32
0,Devices/[DemoWWTP]/Controller:Global/SBR2_MODES.SP_SETTLE,,Int32
0,Devices/[DemoWWTP]/Controller:Global/SBR2_MODES.SP_DECANT,,Int32
0,Devices/[DemoWWTP]/Controller:Global/SBR2_MODES.SP_IDLE,,Int32
0,Devices/[DemoWWTP]/Controller:Global/SBR2_MODES.SLUDGE_REQ,,Boolean
0,Devices/[DemoWWTP]/Controller:Global/SBR2_MODES.ONS,,Boolean
0,Devices/[DemoWWTP]/Controller:Global/SBR2_MODES.SCADA_PROCESS_PHASE,,Int32
0,Devices/[DemoWWTP]/Controller:Global/SBR2_MODES.END_OF_PHASE,,Int32
0,Devices/[DemoWWTP]/Controller:Global/SBR2_MODES.SCADA_END_OF_PHASE,,Int32
0,Devices/[DemoWWTP]/Controller:Global/SBR2_MODES.PRESENT,,Boolean
0,Devices/[DemoWWTP]/Controller:Global/SBR2_MODES.SUPER_REACT_TRIGGER,,Boolean
0,Devices/[DemoWWTP]/Controller:Global/SBR2_MODES.SCADA_SP_TOTAL_FILL,,Int32
0,Devices/[DemoWWTP]/Controller:Global/SBR2_MODES.SCADA_SP_DECANT_FLUSH,,Int32
0,Devices/[DemoWWTP]/Controller:Global/SBR2_MODES.TOTAL_FILL,,Boolean
0,Devices/[DemoWWTP]/Controller:Global/SBR2_MODES_TOTAL_FILL,,Boolean
0,Devices/[DemoWWTP]/Controller:Global/SBR2_PROCESS_TIME1,,Int32
0,Devices/[DemoWWTP]/Controller:Global/SLUDGE_CIRCUIT_HEALTHY,,Boolean
0,Devices/[DemoWWTP]/Controller:Global/SLUDGE_TK_FULL_SP,,Int16
0,Devices/[DemoWWTP]/Controller:Global/SLV101.EnableIn,,Boolean
0,Devices/[DemoWWTP]/Controller:Global/SLV101.EnableOut,,Boolean
0,Devices/[DemoWWTP]/Controller:Global/SLV101.OpnFb,,Boolean
0,Devices/[DemoWWTP]/Controller:Global/SLV101.OpnFbEn,,Boolean
0,Devices/[DemoWWTP]/Controller:Global/SLV101.ClsFb,,Boolean
0,Devices/[DemoWWTP]/Controller:Global/SLV101.ClsFbEn,,Boolean
0,Devices/[DemoWWTP]/Controller:Global/SLV101.ESt_OK,,Boolean
0,Devices/[DemoWWTP]/Controller:Global/SLV101.Reset,,Boolean
0,Devices/[DemoWWTP]/Controller:Global/SLV101.RESET_AUTO_EN,,Boolean
0,Devices/[DemoWWTP]/Controller:Global/SLV101.RESET_AUTO_SP,,Int32
0,Devices/[DemoWWTP]/Controller:Global/SLV101.Sim,,Boolean
0,Devices/[DemoWWTP]/Controller:Global/SLV101.Alarms,,Int16
0,Devices/[DemoWWTP]/Controller:Global/SLV101.Man,,Boolean
0,Devices/[DemoWWTP]/Controller:Global/SLV101.AutoOpen,,Boolean
0,Devices/[DemoWWTP]/Controller:Global/SLV101.Manual_Open,,Boolean
0,Devices/[DemoWWTP]/Controller:Global/SLV101.ResetPB,,Boolean
0,Devices/[DemoWWTP]/Controller:Global/SLV101.IL_Open,,Boolean
0,Devices/[DemoWWTP]/Controller:Global/SLV101.IL_Close,,Boolean
0,Devices/[DemoWWTP]/Controller:Global/SLV101.OpenPB,,Boolean
0,Devices/[DemoWWTP]/Controller:Global/SLV101.ClosePB,,Boolean
0,Devices/[DemoWWTP]/Controller:Global/SLV101.Sts,,Int32
0,Devices/[DemoWWTP]/Controller:Global/SLV101.Opened,,Boolean
0,Devices/[DemoWWTP]/Controller:Global/SLV101.Closed,,Boolean
0,Devices/[DemoWWTP]/Controller:Global/SLV101.Fault,,Boolean
0,Devices/[DemoWWTP]/Controller:Global/SLV101.Avail,,Boolean
0,Devices/[DemoWWTP]/Controller:Global/SLV101.OpenTime,,Float
0,Devices/[DemoWWTP]/Controller:Global/SLV101.CloseTime,,Float
0,Devices/[DemoWWTP]/Controller:Global/SLV101.Open_WD,,Float
0,Devices/[DemoWWTP]/Controller:Global/SLV101.Close_WD,,Float
0,Devices/[DemoWWTP]/Controller:Global/SLV101.OpenDel_SP,,Float
0,Devices/[DemoWWTP]/Controller:Global/SLV101.ClosedDel_SP,,Float
0,Devices/[DemoWWTP]/Controller:Global/SLV101.OpenDel,,Boolean
0,Devices/[DemoWWTP]/Controller:Global/SLV101.ClosedDel,,Boolean
0,Devices/[DemoWWTP]/Controller:Global/SLV101.Opn_FLT,,Boolean
0,Devices/[DemoWWTP]/Controller:Global/SLV101.Cls_FLT,,Boolean
0,Devices/[DemoWWTP]/Controller:Global/SLV101.FB_FLT,,Boolean
0,Devices/[DemoWWTP]/Controller:Global/SLV101.RETRY_EN,,Boolean
0,Devices/[DemoWWTP]/Controller:Global/SLV101.OPENS,,Int32
0,Devices/[DemoWWTP]/Controller:Global/SLV101.HOUR,,Int32
0,Devices/[DemoWWTP]/Controller:Global/SLV101.MIN,,Int32
0,Devices/[DemoWWTP]/Controller:Global/SLV101.Opn_En,,Boolean
0,Devices/[DemoWWTP]/Controller:Global/SLV102.EnableIn,,Boolean
0,Devices/[DemoWWTP]/Controller:Global/SLV102.EnableOut,,Boolean
0,Devices/[DemoWWTP]/Controller:Global/SLV102.OpnFb,,Boolean
0,Devices/[DemoWWTP]/Controller:Global/SLV102.OpnFbEn,,Boolean
0,Devices/[DemoWWTP]/Controller:Global/SLV102.ClsFb,,Boolean
0,Devices/[DemoWWTP]/Controller:Global/SLV102.ClsFbEn,,Boolean
0,Devices/[DemoWWTP]/Controller:Global/SLV102.ESt_OK,,Boolean
0,Devices/[DemoWWTP]/Controller:Global/SLV102.Reset,,Boolean
0,Devices/[DemoWWTP]/Controller:Global/SLV102.RESET_AUTO_EN,,Boolean
0,Devices/[DemoWWTP]/Controller:Global/SLV102.RESET_AUTO_SP,,Int32
0,Devices/[DemoWWTP]/Controller:Global/SLV102.Sim,,Boolean
0,Devices/[DemoWWTP]/Controller:Global/SLV102.Alarms,,Int16
0,Devices/[DemoWWTP]/Controller:Global/SLV102.Man,,Boolean
0,Devices/[DemoWWTP]/Controller:Global/SLV102.AutoOpen,,Boolean
0,Devices/[DemoWWTP]/Controller:Global/SLV102.Manual_Open,,Boolean
0,Devices/[DemoWWTP]/Controller:Global/SLV102.ResetPB,,Boolean
0,Devices/[DemoWWTP]/Controller:Global/SLV102.IL_Open,,Boolean
0,Devices/[DemoWWTP]/Controller:Global/SLV102.IL_Close,,Boolean
0,Devices/[DemoWWTP]/Controller:Global/SLV102.OpenPB,,Boolean
0,Devices/[DemoWWTP]/Controller:Global/SLV102.ClosePB,,Boolean
0,Devices/[DemoWWTP]/Controller:Global/SLV102.Sts,,Int32
0,Devices/[DemoWWTP]/Controller:Global/SLV102.Opened,,Boolean
0,Devices/[DemoWWTP]/Controller:Global/SLV102.Closed,,Boolean
0,Devices/[DemoWWTP]/Controller:Global/SLV102.Fault,,Boolean
0,Devices/[DemoWWTP]/Controller:Global/SLV102.Avail,,Boolean
0,Devices/[DemoWWTP]/Controller:Global/SLV102.OpenTime,,Float
0,Devices/[DemoWWTP]/Controller:Global/SLV102.CloseTime,,Float
0,Devices/[DemoWWTP]/Controller:Global/SLV102.Open_WD,,Float
0,Devices/[DemoWWTP]/Controller:Global/SLV102.Close_WD,,Float
0,Devices/[DemoWWTP]/Controller:Global/SLV102.OpenDel_SP,,Float
0,Devices/[DemoWWTP]/Controller:Global/SLV102.ClosedDel_SP,,Float
0,Devices/[DemoWWTP]/Controller:Global/SLV102.OpenDel,,Boolean
0,Devices/[DemoWWTP]/Controller:Global/SLV102.ClosedDel,,Boolean
0,Devices/[DemoWWTP]/Controller:Global/SLV102.Opn_FLT,,Boolean
0,Devices/[DemoWWTP]/Controller:Global/SLV102.Cls_FLT,,Boolean
0,Devices/[DemoWWTP]/Controller:Global/SLV102.FB_FLT,,Boolean
0,Devices/[DemoWWTP]/Controller:Global/SLV102.RETRY_EN,,Boolean
0,Devices/[DemoWWTP]/Controller:Global/SLV102.OPENS,,Int32
0,Devices/[DemoWWTP]/Controller:Global/SLV102.HOUR,,Int32
0,Devices/[DemoWWTP]/Controller:Global/SLV102.MIN,,Int32
0,Devices/[DemoWWTP]/Controller:Global/SLV102.Opn_En,,Boolean
0,Devices/[DemoWWTP]/Controller:Global/SLV103.EnableIn,,Boolean
0,Devices/[DemoWWTP]/Controller:Global/SLV103.EnableOut,,Boolean
0,Devices/[DemoWWTP]/Controller:Global/SLV103.OpnFb,,Boolean
0,Devices/[DemoWWTP]/Controller:Global/SLV103.OpnFbEn,,Boolean
0,Devices/[DemoWWTP]/Controller:Global/SLV103.ClsFb,,Boolean
0,Devices/[DemoWWTP]/Controller:Global/SLV103.ClsFbEn,,Boolean
0,Devices/[DemoWWTP]/Controller:Global/SLV103.ESt_OK,,Boolean
0,Devices/[DemoWWTP]/Controller:Global/SLV103.Reset,,Boolean
0,Devices/[DemoWWTP]/Controller:Global/SLV103.RESET_AUTO_EN,,Boolean
0,Devices/[DemoWWTP]/Controller:Global/SLV103.RESET_AUTO_SP,,Int32
0,Devices/[DemoWWTP]/Controller:Global/SLV103.Sim,,Boolean
0,Devices/[DemoWWTP]/Controller:Global/SLV103.Alarms,,Int16
0,Devices/[DemoWWTP]/Controller:Global/SLV103.Man,,Boolean
0,Devices/[DemoWWTP]/Controller:Global/SLV103.AutoOpen,,Boolean
0,Devices/[DemoWWTP]/Controller:Global/SLV103.Manual_Open,,Boolean
0,Devices/[DemoWWTP]/Controller:Global/SLV103.ResetPB,,Boolean
0,Devices/[DemoWWTP]/Controller:Global/SLV103.IL_Open,,Boolean
0,Devices/[DemoWWTP]/Controller:Global/SLV103.IL_Close,,Boolean
0,Devices/[DemoWWTP]/Controller:Global/SLV103.OpenPB,,Boolean
0,Devices/[DemoWWTP]/Controller:Global/SLV103.ClosePB,,Boolean
0,Devices/[DemoWWTP]/Controller:Global/SLV103.Sts,,Int32
0,Devices/[DemoWWTP]/Controller:Global/SLV103.Opened,,Boolean
0,Devices/[DemoWWTP]/Controller:Global/SLV103.Closed,,Boolean
0,Devices/[DemoWWTP]/Controller:Global/SLV103.Fault,,Boolean
0,Devices/[DemoWWTP]/Controller:Global/SLV103.Avail,,Boolean
0,Devices/[DemoWWTP]/Controller:Global/SLV103.OpenTime,,Float
0,Devices/[DemoWWTP]/Controller:Global/SLV103.CloseTime,,Float
0,Devices/[DemoWWTP]/Controller:Global/SLV103.Open_WD,,Float
0,Devices/[DemoWWTP]/Controller:Global/SLV103.Close_WD,,Float
0,Devices/[DemoWWTP]/Controller:Global/SLV103.OpenDel_SP,,Float
0,Devices/[DemoWWTP]/Controller:Global/SLV103.ClosedDel_SP,,Float
0,Devices/[DemoWWTP]/Controller:Global/SLV103.OpenDel,,Boolean
0,Devices/[DemoWWTP]/Controller:Global/SLV103.ClosedDel,,Boolean
0,Devices/[DemoWWTP]/Controller:Global/SLV103.Opn_FLT,,Boolean
0,Devices/[DemoWWTP]/Controller:Global/SLV103.Cls_FLT,,Boolean
0,Devices/[DemoWWTP]/Controller:Global/SLV103.FB_FLT,,Boolean
0,Devices/[DemoWWTP]/Controller:Global/SLV103.RETRY_EN,,Boolean
0,Devices/[DemoWWTP]/Controller:Global/SLV103.OPENS,,Int32
0,Devices/[DemoWWTP]/Controller:Global/SLV103.HOUR,,Int32
0,Devices/[DemoWWTP]/Controller:Global/SLV103.MIN,,Int32
0,Devices/[DemoWWTP]/Controller:Global/SLV103.Opn_En,,Boolean
0,Devices/[DemoWWTP]/Controller:Global/SLV104.EnableIn,,Boolean
0,Devices/[DemoWWTP]/Controller:Global/SLV104.EnableOut,,Boolean
0,Devices/[DemoWWTP]/Controller:Global/SLV104.OpnFb,,Boolean
0,Devices/[DemoWWTP]/Controller:Global/SLV104.OpnFbEn,,Boolean
0,Devices/[DemoWWTP]/Controller:Global/SLV104.ClsFb,,Boolean
0,Devices/[DemoWWTP]/Controller:Global/SLV104.ClsFbEn,,Boolean
0,Devices/[DemoWWTP]/Controller:Global/SLV104.ESt_OK,,Boolean
0,Devices/[DemoWWTP]/Controller:Global/SLV104.Reset,,Boolean
0,Devices/[DemoWWTP]/Controller:Global/SLV104.RESET_AUTO_EN,,Boolean
0,Devices/[DemoWWTP]/Controller:Global/SLV104.RESET_AUTO_SP,,Int32
0,Devices/[DemoWWTP]/Controller:Global/SLV104.Sim,,Boolean
0,Devices/[DemoWWTP]/Controller:Global/SLV104.Alarms,,Int16
0,Devices/[DemoWWTP]/Controller:Global/SLV104.Man,,Boolean
0,Devices/[DemoWWTP]/Controller:Global/SLV104.AutoOpen,,Boolean
0,Devices/[DemoWWTP]/Controller:Global/SLV104.Manual_Open,,Boolean
0,Devices/[DemoWWTP]/Controller:Global/SLV104.ResetPB,,Boolean
0,Devices/[DemoWWTP]/Controller:Global/SLV104.IL_Open,,Boolean
0,Devices/[DemoWWTP]/Controller:Global/SLV104.IL_Close,,Boolean
0,Devices/[DemoWWTP]/Controller:Global/SLV104.OpenPB,,Boolean
0,Devices/[DemoWWTP]/Controller:Global/SLV104.ClosePB,,Boolean
0,Devices/[DemoWWTP]/Controller:Global/SLV104.Sts,,Int32
0,Devices/[DemoWWTP]/Controller:Global/SLV104.Opened,,Boolean
0,Devices/[DemoWWTP]/Controller:Global/SLV104.Closed,,Boolean
0,Devices/[DemoWWTP]/Controller:Global/SLV104.Fault,,Boolean
0,Devices/[DemoWWTP]/Controller:Global/SLV104.Avail,,Boolean
0,Devices/[DemoWWTP]/Controller:Global/SLV104.OpenTime,,Float
0,Devices/[DemoWWTP]/Controller:Global/SLV104.CloseTime,,Float
0,Devices/[DemoWWTP]/Controller:Global/SLV104.Open_WD,,Float
0,Devices/[DemoWWTP]/Controller:Global/SLV104.Close_WD,,Float
0,Devices/[DemoWWTP]/Controller:Global/SLV104.OpenDel_SP,,Float
0,Devices/[DemoWWTP]/Controller:Global/SLV104.ClosedDel_SP,,Float
0,Devices/[DemoWWTP]/Controller:Global/SLV104.OpenDel,,Boolean
0,Devices/[DemoWWTP]/Controller:Global/SLV104.ClosedDel,,Boolean
0,Devices/[DemoWWTP]/Controller:Global/SLV104.Opn_FLT,,Boolean
0,Devices/[DemoWWTP]/Controller:Global/SLV104.Cls_FLT,,Boolean
0,Devices/[DemoWWTP]/Controller:Global/SLV104.FB_FLT,,Boolean
0,Devices/[DemoWWTP]/Controller:Global/SLV104.RETRY_EN,,Boolean
0,Devices/[DemoWWTP]/Controller:Global/SLV104.OPENS,,Int32
0,Devices/[DemoWWTP]/Controller:Global/SLV104.HOUR,,Int32
0,Devices/[DemoWWTP]/Controller:Global/SLV104.MIN,,Int32
0,Devices/[DemoWWTP]/Controller:Global/SLV104.Opn_En,,Boolean
0,Devices/[DemoWWTP]/Controller:Global/SLV301.EnableIn,,Boolean
0,Devices/[DemoWWTP]/Controller:Global/SLV301.EnableOut,,Boolean
0,Devices/[DemoWWTP]/Controller:Global/SLV301.OpnFb,,Boolean
0,Devices/[DemoWWTP]/Controller:Global/SLV301.OpnFbEn,,Boolean
0,Devices/[DemoWWTP]/Controller:Global/SLV301.ClsFb,,Boolean
0,Devices/[DemoWWTP]/Controller:Global/SLV301.ClsFbEn,,Boolean
0,Devices/[DemoWWTP]/Controller:Global/SLV301.ESt_OK,,Boolean
0,Devices/[DemoWWTP]/Controller:Global/SLV301.Reset,,Boolean
0,Devices/[DemoWWTP]/Controller:Global/SLV301.RESET_AUTO_EN,,Boolean
0,Devices/[DemoWWTP]/Controller:Global/SLV301.RESET_AUTO_SP,,Int32
0,Devices/[DemoWWTP]/Controller:Global/SLV301.Sim,,Boolean
0,Devices/[DemoWWTP]/Controller:Global/SLV301.Alarms,,Int16
0,Devices/[DemoWWTP]/Controller:Global/SLV301.Man,,Boolean
0,Devices/[DemoWWTP]/Controller:Global/SLV301.AutoOpen,,Boolean
0,Devices/[DemoWWTP]/Controller:Global/SLV301.Manual_Open,,Boolean
0,Devices/[DemoWWTP]/Controller:Global/SLV301.ResetPB,,Boolean
0,Devices/[DemoWWTP]/Controller:Global/SLV301.IL_Open,,Boolean
0,Devices/[DemoWWTP]/Controller:Global/SLV301.IL_Close,,Boolean
0,Devices/[DemoWWTP]/Controller:Global/SLV301.OpenPB,,Boolean
0,Devices/[DemoWWTP]/Controller:Global/SLV301.ClosePB,,Boolean
0,Devices/[DemoWWTP]/Controller:Global/SLV301.Sts,,Int32
0,Devices/[DemoWWTP]/Controller:Global/SLV301.Opened,,Boolean
0,Devices/[DemoWWTP]/Controller:Global/SLV301.Closed,,Boolean
0,Devices/[DemoWWTP]/Controller:Global/SLV301.Fault,,Boolean
0,Devices/[DemoWWTP]/Controller:Global/SLV301.Avail,,Boolean
0,Devices/[DemoWWTP]/Controller:Global/SLV301.OpenTime,,Float
0,Devices/[DemoWWTP]/Controller:Global/SLV301.CloseTime,,Float
0,Devices/[DemoWWTP]/Controller:Global/SLV301.Open_WD,,Float
0,Devices/[DemoWWTP]/Controller:Global/SLV301.Close_WD,,Float
0,Devices/[DemoWWTP]/Controller:Global/SLV301.OpenDel_SP,,Float
0,Devices/[DemoWWTP]/Controller:Global/SLV301.ClosedDel_SP,,Float
0,Devices/[DemoWWTP]/Controller:Global/SLV301.OpenDel,,Boolean
0,Devices/[DemoWWTP]/Controller:Global/SLV301.ClosedDel,,Boolean
0,Devices/[DemoWWTP]/Controller:Global/SLV301.Opn_FLT,,Boolean
0,Devices/[DemoWWTP]/Controller:Global/SLV301.Cls_FLT,,Boolean
0,Devices/[DemoWWTP]/Controller:Global/SLV301.FB_FLT,,Boolean
0,Devices/[DemoWWTP]/Controller:Global/SLV301.RETRY_EN,,Boolean
0,Devices/[DemoWWTP]/Controller:Global/SLV301.OPENS,,Int32
0,Devices/[DemoWWTP]/Controller:Global/SLV301.HOUR,,Int32
0,Devices/[DemoWWTP]/Controller:Global/SLV301.MIN,,Int32
0,Devices/[DemoWWTP]/Controller:Global/SLV301.Opn_En,,Boolean
0,Devices/[DemoWWTP]/Controller:Global/SLV701.EnableIn,,Boolean
0,Devices/[DemoWWTP]/Controller:Global/SLV701.EnableOut,,Boolean
0,Devices/[DemoWWTP]/Controller:Global/SLV701.OpnFb,,Boolean
0,Devices/[DemoWWTP]/Controller:Global/SLV701.OpnFbEn,,Boolean
0,Devices/[DemoWWTP]/Controller:Global/SLV701.ClsFb,,Boolean
0,Devices/[DemoWWTP]/Controller:Global/SLV701.ClsFbEn,,Boolean
0,Devices/[DemoWWTP]/Controller:Global/SLV701.ESt_OK,,Boolean
0,Devices/[DemoWWTP]/Controller:Global/SLV701.Reset,,Boolean
0,Devices/[DemoWWTP]/Controller:Global/SLV701.RESET_AUTO_EN,,Boolean
0,Devices/[DemoWWTP]/Controller:Global/SLV701.RESET_AUTO_SP,,Int32
0,Devices/[DemoWWTP]/Controller:Global/SLV701.Sim,,Boolean
0,Devices/[DemoWWTP]/Controller:Global/SLV701.Alarms,,Int16
0,Devices/[DemoWWTP]/Controller:Global/SLV701.Man,,Boolean
0,Devices/[DemoWWTP]/Controller:Global/SLV701.AutoOpen,,Boolean
0,Devices/[DemoWWTP]/Controller:Global/SLV701.Manual_Open,,Boolean
0,Devices/[DemoWWTP]/Controller:Global/SLV701.ResetPB,,Boolean
0,Devices/[DemoWWTP]/Controller:Global/SLV701.IL_Open,,Boolean
0,Devices/[DemoWWTP]/Controller:Global/SLV701.IL_Close,,Boolean
0,Devices/[DemoWWTP]/Controller:Global/SLV701.OpenPB,,Boolean
0,Devices/[DemoWWTP]/Controller:Global/SLV701.ClosePB,,Boolean
0,Devices/[DemoWWTP]/Controller:Global/SLV701.Sts,,Int32
0,Devices/[DemoWWTP]/Controller:Global/SLV701.Opened,,Boolean
0,Devices/[DemoWWTP]/Controller:Global/SLV701.Closed,,Boolean
0,Devices/[DemoWWTP]/Controller:Global/SLV701.Fault,,Boolean
0,Devices/[DemoWWTP]/Controller:Global/SLV701.Avail,,Boolean
0,Devices/[DemoWWTP]/Controller:Global/SLV701.OpenTime,,Float
0,Devices/[DemoWWTP]/Controller:Global/SLV701.CloseTime,,Float
0,Devices/[DemoWWTP]/Controller:Global/SLV701.Open_WD,,Float
0,Devices/[DemoWWTP]/Controller:Global/SLV701.Close_WD,,Float
0,Devices/[DemoWWTP]/Controller:Global/SLV701.OpenDel_SP,,Float
0,Devices/[DemoWWTP]/Controller:Global/SLV701.ClosedDel_SP,,Float
0,Devices/[DemoWWTP]/Controller:Global/SLV701.OpenDel,,Boolean
0,Devices/[DemoWWTP]/Controller:Global/SLV701.ClosedDel,,Boolean
0,Devices/[DemoWWTP]/Controller:Global/SLV701.Opn_FLT,,Boolean
0,Devices/[DemoWWTP]/Controller:Global/SLV701.Cls_FLT,,Boolean
0,Devices/[DemoWWTP]/Controller:Global/SLV701.FB_FLT,,Boolean
0,Devices/[DemoWWTP]/Controller:Global/SLV701.RETRY_EN,,Boolean
0,Devices/[DemoWWTP]/Controller:Global/SLV701.OPENS,,Int32
0,Devices/[DemoWWTP]/Controller:Global/SLV701.HOUR,,Int32
0,Devices/[DemoWWTP]/Controller:Global/SLV701.MIN,,Int32
0,Devices/[DemoWWTP]/Controller:Global/SLV701.Opn_En,,Boolean
0,Devices/[DemoWWTP]/Controller:Global/SLV702.EnableIn,,Boolean
0,Devices/[DemoWWTP]/Controller:Global/SLV702.EnableOut,,Boolean
0,Devices/[DemoWWTP]/Controller:Global/SLV702.OpnFb,,Boolean
0,Devices/[DemoWWTP]/Controller:Global/SLV702.OpnFbEn,,Boolean
0,Devices/[DemoWWTP]/Controller:Global/SLV702.ClsFb,,Boolean
0,Devices/[DemoWWTP]/Controller:Global/SLV702.ClsFbEn,,Boolean
0,Devices/[DemoWWTP]/Controller:Global/SLV702.ESt_OK,,Boolean
0,Devices/[DemoWWTP]/Controller:Global/SLV702.Reset,,Boolean
0,Devices/[DemoWWTP]/Controller:Global/SLV702.RESET_AUTO_EN,,Boolean
0,Devices/[DemoWWTP]/Controller:Global/SLV702.RESET_AUTO_SP,,Int32
0,Devices/[DemoWWTP]/Controller:Global/SLV702.Sim,,Boolean
0,Devices/[DemoWWTP]/Controller:Global/SLV702.Alarms,,Int16
0,Devices/[DemoWWTP]/Controller:Global/SLV702.Man,,Boolean
0,Devices/[DemoWWTP]/Controller:Global/SLV702.AutoOpen,,Boolean
0,Devices/[DemoWWTP]/Controller:Global/SLV702.Manual_Open,,Boolean
0,Devices/[DemoWWTP]/Controller:Global/SLV702.ResetPB,,Boolean
0,Devices/[DemoWWTP]/Controller:Global/SLV702.IL_Open,,Boolean
0,Devices/[DemoWWTP]/Controller:Global/SLV702.IL_Close,,Boolean
0,Devices/[DemoWWTP]/Controller:Global/SLV702.OpenPB,,Boolean
0,Devices/[DemoWWTP]/Controller:Global/SLV702.ClosePB,,Boolean
0,Devices/[DemoWWTP]/Controller:Global/SLV702.Sts,,Int32
0,Devices/[DemoWWTP]/Controller:Global/SLV702.Opened,,Boolean
0,Devices/[DemoWWTP]/Controller:Global/SLV702.Closed,,Boolean
0,Devices/[DemoWWTP]/Controller:Global/SLV702.Fault,,Boolean
0,Devices/[DemoWWTP]/Controller:Global/SLV702.Avail,,Boolean
0,Devices/[DemoWWTP]/Controller:Global/SLV702.OpenTime,,Float
0,Devices/[DemoWWTP]/Controller:Global/SLV702.CloseTime,,Float
0,Devices/[DemoWWTP]/Controller:Global/SLV702.Open_WD,,Float
0,Devices/[DemoWWTP]/Controller:Global/SLV702.Close_WD,,Float
0,Devices/[DemoWWTP]/Controller:Global/SLV702.OpenDel_SP,,Float
0,Devices/[DemoWWTP]/Controller:Global/SLV702.ClosedDel_SP,,Float
0,Devices/[DemoWWTP]/Controller:Global/SLV702.OpenDel,,Boolean
0,Devices/[DemoWWTP]/Controller:Global/SLV702.ClosedDel,,Boolean
0,Devices/[DemoWWTP]/Controller:Global/SLV702.Opn_FLT,,Boolean
0,Devices/[DemoWWTP]/Controller:Global/SLV702.Cls_FLT,,Boolean
0,Devices/[DemoWWTP]/Controller:Global/SLV702.FB_FLT,,Boolean
0,Devices/[DemoWWTP]/Controller:Global/SLV702.RETRY_EN,,Boolean
0,Devices/[DemoWWTP]/Controller:Global/SLV702.OPENS,,Int32
0,Devices/[DemoWWTP]/Controller:Global/SLV702.HOUR,,Int32
0,Devices/[DemoWWTP]/Controller:Global/SLV702.MIN,,Int32
0,Devices/[DemoWWTP]/Controller:Global/SLV702.Opn_En,,Boolean
0,Devices/[DemoWWTP]/Controller:Global/SLV703.EnableIn,,Boolean
0,Devices/[DemoWWTP]/Controller:Global/SLV703.EnableOut,,Boolean
0,Devices/[DemoWWTP]/Controller:Global/SLV703.OpnFb,,Boolean
0,Devices/[DemoWWTP]/Controller:Global/SLV703.OpnFbEn,,Boolean
0,Devices/[DemoWWTP]/Controller:Global/SLV703.ClsFb,,Boolean
0,Devices/[DemoWWTP]/Controller:Global/SLV703.ClsFbEn,,Boolean
0,Devices/[DemoWWTP]/Controller:Global/SLV703.ESt_OK,,Boolean
0,Devices/[DemoWWTP]/Controller:Global/SLV703.Reset,,Boolean
0,Devices/[DemoWWTP]/Controller:Global/SLV703.RESET_AUTO_EN,,Boolean
0,Devices/[DemoWWTP]/Controller:Global/SLV703.RESET_AUTO_SP,,Int32
0,Devices/[DemoWWTP]/Controller:Global/SLV703.Sim,,Boolean
0,Devices/[DemoWWTP]/Controller:Global/SLV703.Alarms,,Int16
0,Devices/[DemoWWTP]/Controller:Global/SLV703.Man,,Boolean
0,Devices/[DemoWWTP]/Controller:Global/SLV703.AutoOpen,,Boolean
0,Devices/[DemoWWTP]/Controller:Global/SLV703.Manual_Open,,Boolean
0,Devices/[DemoWWTP]/Controller:Global/SLV703.ResetPB,,Boolean
0,Devices/[DemoWWTP]/Controller:Global/SLV703.IL_Open,,Boolean
0,Devices/[DemoWWTP]/Controller:Global/SLV703.IL_Close,,Boolean
0,Devices/[DemoWWTP]/Controller:Global/SLV703.OpenPB,,Boolean
0,Devices/[DemoWWTP]/Controller:Global/SLV703.ClosePB,,Boolean
0,Devices/[DemoWWTP]/Controller:Global/SLV703.Sts,,Int32
0,Devices/[DemoWWTP]/Controller:Global/SLV703.Opened,,Boolean
0,Devices/[DemoWWTP]/Controller:Global/SLV703.Closed,,Boolean
0,Devices/[DemoWWTP]/Controller:Global/SLV703.Fault,,Boolean
0,Devices/[DemoWWTP]/Controller:Global/SLV703.Avail,,Boolean
0,Devices/[DemoWWTP]/Controller:Global/SLV703.OpenTime,,Float
0,Devices/[DemoWWTP]/Controller:Global/SLV703.CloseTime,,Float
0,Devices/[DemoWWTP]/Controller:Global/SLV703.Open_WD,,Float
0,Devices/[DemoWWTP]/Controller:Global/SLV703.Close_WD,,Float
0,Devices/[DemoWWTP]/Controller:Global/SLV703.OpenDel_SP,,Float
0,Devices/[DemoWWTP]/Controller:Global/SLV703.ClosedDel_SP,,Float
0,Devices/[DemoWWTP]/Controller:Global/SLV703.OpenDel,,Boolean
0,Devices/[DemoWWTP]/Controller:Global/SLV703.ClosedDel,,Boolean
0,Devices/[DemoWWTP]/Controller:Global/SLV703.Opn_FLT,,Boolean
0,Devices/[DemoWWTP]/Controller:Global/SLV703.Cls_FLT,,Boolean
0,Devices/[DemoWWTP]/Controller:Global/SLV703.FB_FLT,,Boolean
0,Devices/[DemoWWTP]/Controller:Global/SLV703.RETRY_EN,,Boolean
0,Devices/[DemoWWTP]/Controller:Global/SLV703.OPENS,,Int32
0,Devices/[DemoWWTP]/Controller:Global/SLV703.HOUR,,Int32
0,Devices/[DemoWWTP]/Controller:Global/SLV703.MIN,,Int32
0,Devices/[DemoWWTP]/Controller:Global/SLV703.Opn_En,,Boolean
0,Devices/[DemoWWTP]/Controller:Global/START_OF_HOUR,,Boolean
0,Devices/[DemoWWTP]/Controller:Global/SYS_RAW_MAX,,Int16
0,Devices/[DemoWWTP]/Controller:Global/SYS_RAW_MIN,,Int16
0,Devices/[DemoWWTP]/Controller:Global/T701.EnableIn,,Boolean
0,Devices/[DemoWWTP]/Controller:Global/T701.EnableOut,,Boolean
0,Devices/[DemoWWTP]/Controller:Global/T701.INPUT_PV,,Float
0,Devices/[DemoWWTP]/Controller:Global/T701.OWL_SP,,Int32
0,Devices/[DemoWWTP]/Controller:Global/T701.HWL_SP,,Int32
0,Devices/[DemoWWTP]/Controller:Global/T701.MWL_SP,,Int32
0,Devices/[DemoWWTP]/Controller:Global/T701.LWL_SP,,Int32
0,Devices/[DemoWWTP]/Controller:Global/T701.XWL_SP,,Int32
0,Devices/[DemoWWTP]/Controller:Global/T701.TWL_SP,,Int32
0,Devices/[DemoWWTP]/Controller:Global/T701.OWL_OUT,,Boolean
0,Devices/[DemoWWTP]/Controller:Global/T701.HWL_OUT,,Boolean
0,Devices/[DemoWWTP]/Controller:Global/T701.MWL_OUT,,Boolean
0,Devices/[DemoWWTP]/Controller:Global/T701.LWL_OUT,,Boolean
0,Devices/[DemoWWTP]/Controller:Global/T701.XWL_OUT,,Boolean
0,Devices/[DemoWWTP]/Controller:Global/T701.TWL_OUT,,Boolean
0,Devices/[DemoWWTP]/Controller:Global/T701.TANK_DIAMETER,,Float
0,Devices/[DemoWWTP]/Controller:Global/T701.TANK_HEIGHT,,Float
0,Devices/[DemoWWTP]/Controller:Global/T701.ERROR,,Boolean
0,Devices/[DemoWWTP]/Controller:Global/T701.TANK_AREA_OUT,,Int32
0,Devices/[DemoWWTP]/Controller:Global/T701.CURRENT_VOLUME_TOTAL_OUT,,Int32
0,Devices/[DemoWWTP]/Controller:Global/T701.VOLUME_ABOVE_LWL_OUT,,Int32
0,Devices/[DemoWWTP]/Controller:Global/T701.VOLUME_BELOW_HWL_OUT,,Int32
0,Devices/[DemoWWTP]/Controller:Global/T701.FILL_PERCENTAGE_OUT,,Int32
0,Devices/[DemoWWTP]/Controller:Global/TANK_CALCS1.EnableIn,,Boolean
0,Devices/[DemoWWTP]/Controller:Global/TANK_CALCS1.EnableOut,,Boolean
0,Devices/[DemoWWTP]/Controller:Global/TANK_CALCS1.Balance_Tk_Diameter,,Float
0,Devices/[DemoWWTP]/Controller:Global/TANK_CALCS1.Decant_Tk_Diameter,,Float
0,Devices/[DemoWWTP]/Controller:Global/TANK_CALCS1.Reactor_Tk_Diameter,,Float
0,Devices/[DemoWWTP]/Controller:Global/TANK_CALCS1.Balance_Tk_Area,,Float
0,Devices/[DemoWWTP]/Controller:Global/TANK_CALCS1.Decant_Tk_Area,,Float
0,Devices/[DemoWWTP]/Controller:Global/TANK_CALCS1.Reactor_Tk_Area,,Float
0,Devices/[DemoWWTP]/Controller:Global/TANK_CALCS1.BT_To_BR_Factor,,Float
0,Devices/[DemoWWTP]/Controller:Global/TANK_CALCS1.BR_To_DT_Factor,,Float
0,Devices/[DemoWWTP]/Controller:Global/TANK_CALCS1.ERROR,,Boolean
0,Devices/[DemoWWTP]/Controller:Global/TANK_VOLUME_CALC_ERROR,,Boolean
0,Devices/[DemoWWTP]/Controller:Global/TEM301.EnableIn,,Boolean
0,Devices/[DemoWWTP]/Controller:Global/TEM301.EnableOut,,Boolean
0,Devices/[DemoWWTP]/Controller:Global/TEM301.PV_SOURCE,,Float
0,Devices/[DemoWWTP]/Controller:Global/TEM301.STATUS_SOURCE,,Int16
0,Devices/[DemoWWTP]/Controller:Global/TEM301.UNITS_SOURCE,,Int16
0,Devices/[DemoWWTP]/Controller:Global/TEM301.PV,,Float
0,Devices/[DemoWWTP]/Controller:Global/TEM301.PROBE_STATUS,,Int16
0,Devices/[DemoWWTP]/Controller:Global/TEM301.PROBE_UNITS,,Int16
0,Devices/[DemoWWTP]/Controller:Global/TEM301.PROBE_WD_LOWER_SP,,Float
0,Devices/[DemoWWTP]/Controller:Global/TEM301.PROBE_WD_UPPER_SP,,Float
0,Devices/[DemoWWTP]/Controller:Global/TEM301.PROBE_HEALTHY,,Boolean
0,Devices/[DemoWWTP]/Controller:Global/TEM301.PROBE_EN,,Boolean
0,Devices/[DemoWWTP]/Controller:Global/TEM301.PROBE_WARNING,,Boolean
0,Devices/[DemoWWTP]/Controller:Global/TEM301_STATUS,,String
0,Devices/[DemoWWTP]/Controller:Global/TEM302.EnableIn,,Boolean
0,Devices/[DemoWWTP]/Controller:Global/TEM302.EnableOut,,Boolean
0,Devices/[DemoWWTP]/Controller:Global/TEM302.PV_SOURCE,,Float
0,Devices/[DemoWWTP]/Controller:Global/TEM302.STATUS_SOURCE,,Int16
0,Devices/[DemoWWTP]/Controller:Global/TEM302.UNITS_SOURCE,,Int16
0,Devices/[DemoWWTP]/Controller:Global/TEM302.PV,,Float
0,Devices/[DemoWWTP]/Controller:Global/TEM302.PROBE_STATUS,,Int16
0,Devices/[DemoWWTP]/Controller:Global/TEM302.PROBE_UNITS,,Int16
0,Devices/[DemoWWTP]/Controller:Global/TEM302.PROBE_WD_LOWER_SP,,Float
0,Devices/[DemoWWTP]/Controller:Global/TEM302.PROBE_WD_UPPER_SP,,Float
0,Devices/[DemoWWTP]/Controller:Global/TEM302.PROBE_HEALTHY,,Boolean
0,Devices/[DemoWWTP]/Controller:Global/TEM302.PROBE_EN,,Boolean
0,Devices/[DemoWWTP]/Controller:Global/TEM302.PROBE_WARNING,,Boolean
0,Devices/[DemoWWTP]/Controller:Global/TEM302_STATUS,,String
0,Devices/[DemoWWTP]/Controller:Global/TEM401_AI.EnableIn,,Boolean
0,Devices/[DemoWWTP]/Controller:Global/TEM401_AI.EnableOut,,Boolean
0,Devices/[DemoWWTP]/Controller:Global/TEM401_AI.Raw,,Int16
0,Devices/[DemoWWTP]/Controller:Global/TEM401_AI.RawMin,,Int16
0,Devices/[DemoWWTP]/Controller:Global/TEM401_AI.RawMax,,Int16
0,Devices/[DemoWWTP]/Controller:Global/TEM401_AI.EngMin,,Float
0,Devices/[DemoWWTP]/Controller:Global/TEM401_AI.EngMax,,Float
0,Devices/[DemoWWTP]/Controller:Global/TEM401_AI.AI_Ext,,Boolean
0,Devices/[DemoWWTP]/Controller:Global/TEM401_AI.AI_En,,Boolean
0,Devices/[DemoWWTP]/Controller:Global/TEM401_AI.Sim,,Boolean
0,Devices/[DemoWWTP]/Controller:Global/TEM401_AI.Reset,,Boolean
0,Devices/[DemoWWTP]/Controller:Global/TEM401_AI.Scaled,,Float
0,Devices/[DemoWWTP]/Controller:Global/TEM401_AI.PV,,Float
0,Devices/[DemoWWTP]/Controller:Global/TEM401_AI.AvgCntSP,,Int32
0,Devices/[DemoWWTP]/Controller:Global/TEM401_AI.ResetPB,,Boolean
0,Devices/[DemoWWTP]/Controller:Global/TEM401_AI.HiHi_En,,Boolean
0,Devices/[DemoWWTP]/Controller:Global/TEM401_AI.Hi_En,,Boolean
0,Devices/[DemoWWTP]/Controller:Global/TEM401_AI.Lo_En,,Boolean
0,Devices/[DemoWWTP]/Controller:Global/TEM401_AI.LoLo_En,,Boolean
0,Devices/[DemoWWTP]/Controller:Global/TEM401_AI.HiHi_ASP,,Float
0,Devices/[DemoWWTP]/Controller:Global/TEM401_AI.Hi_ASP,,Float
0,Devices/[DemoWWTP]/Controller:Global/TEM401_AI.Lo_ASP,,Float
0,Devices/[DemoWWTP]/Controller:Global/TEM401_AI.LoLo_ASP,,Float
0,Devices/[DemoWWTP]/Controller:Global/TEM401_AI.TxFlt_Time,,Float
0,Devices/[DemoWWTP]/Controller:Global/TEM401_AI.HiHi_Time,,Float
0,Devices/[DemoWWTP]/Controller:Global/TEM401_AI.Hi_Time,,Float
0,Devices/[DemoWWTP]/Controller:Global/TEM401_AI.Lo_Time,,Float
0,Devices/[DemoWWTP]/Controller:Global/TEM401_AI.LoLo_Time,,Float
0,Devices/[DemoWWTP]/Controller:Global/TEM401_AI.Avail,,Boolean
0,Devices/[DemoWWTP]/Controller:Global/TEM401_AI.Alarms,,Int16
0,Devices/[DemoWWTP]/Controller:Global/TEM401_AI.Fault,,Boolean
0,Devices/[DemoWWTP]/Controller:Global/TEM401_AI.TxFlt,,Boolean
0,Devices/[DemoWWTP]/Controller:Global/TEM401_AI.HiHi,,Boolean
0,Devices/[DemoWWTP]/Controller:Global/TEM401_AI.Hi,,Boolean
0,Devices/[DemoWWTP]/Controller:Global/TEM401_AI.Lo,,Boolean
0,Devices/[DemoWWTP]/Controller:Global/TEM401_AI.LoLo,,Boolean
0,Devices/[DemoWWTP]/Controller:Global/TEM401_AI.FQ_Wrn,,Boolean
0,Devices/[DemoWWTP]/Controller:Global/TEM401_AI.Sim_Alm_En,,Boolean
0,Devices/[DemoWWTP]/Controller:Global/TEM401_AI.ExtReset,,Boolean
0,Devices/[DemoWWTP]/Controller:Global/TEM401_AI.Latch_Time,,Float
0,Devices/[DemoWWTP]/Controller:Global/TEM401_AI.RecordStats,,Boolean
0,Devices/[DemoWWTP]/Controller:Global/TEM401_AI.ResetStats,,Boolean
0,Devices/[DemoWWTP]/Controller:Global/TEM401_AI.RecMin,,Float
0,Devices/[DemoWWTP]/Controller:Global/TEM401_AI.RecMax,,Float
0,Devices/[DemoWWTP]/Controller:Global/TEM401_AI.RecAvg,,Float
0,Devices/[DemoWWTP]/Controller:Global/TEM401_AI.RecMinPrev,,Float
0,Devices/[DemoWWTP]/Controller:Global/TEM401_AI.RecMaxPrev,,Float
0,Devices/[DemoWWTP]/Controller:Global/TEM401_AI.RecAvgPrev,,Float
0,Devices/[DemoWWTP]/Controller:Global/TEMPORARY1,,Int32
0,Devices/[DemoWWTP]/Controller:Global/TEST_BITS,,Int32
0,Devices/[DemoWWTP]/Controller:Global/TL_PLS102.EnableIn,,Boolean
0,Devices/[DemoWWTP]/Controller:Global/TL_PLS102.EnableOut,,Boolean
0,Devices/[DemoWWTP]/Controller:Global/TL_PLS102.INPUT_PV,,Float
0,Devices/[DemoWWTP]/Controller:Global/TL_PLS102.OWL_SP,,Int32
0,Devices/[DemoWWTP]/Controller:Global/TL_PLS102.HWL_SP,,Int32
0,Devices/[DemoWWTP]/Controller:Global/TL_PLS102.MWL_SP,,Int32
0,Devices/[DemoWWTP]/Controller:Global/TL_PLS102.LWL_SP,,Int32
0,Devices/[DemoWWTP]/Controller:Global/TL_PLS102.XWL_SP,,Int32
0,Devices/[DemoWWTP]/Controller:Global/TL_PLS102.TWL_SP,,Int32
0,Devices/[DemoWWTP]/Controller:Global/TL_PLS102.OWL_OUT,,Boolean
0,Devices/[DemoWWTP]/Controller:Global/TL_PLS102.HWL_OUT,,Boolean
0,Devices/[DemoWWTP]/Controller:Global/TL_PLS102.MWL_OUT,,Boolean
0,Devices/[DemoWWTP]/Controller:Global/TL_PLS102.LWL_OUT,,Boolean
0,Devices/[DemoWWTP]/Controller:Global/TL_PLS102.XWL_OUT,,Boolean
0,Devices/[DemoWWTP]/Controller:Global/TL_PLS102.TWL_OUT,,Boolean
0,Devices/[DemoWWTP]/Controller:Global/TL_PLS102.TANK_DIAMETER,,Float
0,Devices/[DemoWWTP]/Controller:Global/TL_PLS102.TANK_HEIGHT,,Float
0,Devices/[DemoWWTP]/Controller:Global/TL_PLS102.ERROR,,Boolean
0,Devices/[DemoWWTP]/Controller:Global/TL_PLS102.TANK_AREA_OUT,,Int32
0,Devices/[DemoWWTP]/Controller:Global/TL_PLS102.CURRENT_VOLUME_TOTAL_OUT,,Int32
0,Devices/[DemoWWTP]/Controller:Global/TL_PLS102.VOLUME_ABOVE_LWL_OUT,,Int32
0,Devices/[DemoWWTP]/Controller:Global/TL_PLS102.VOLUME_BELOW_HWL_OUT,,Int32
0,Devices/[DemoWWTP]/Controller:Global/TL_PLS102.FILL_PERCENTAGE_OUT,,Int32
0,Devices/[DemoWWTP]/Controller:Global/TL_PLS201.EnableIn,,Boolean
0,Devices/[DemoWWTP]/Controller:Global/TL_PLS201.EnableOut,,Boolean
0,Devices/[DemoWWTP]/Controller:Global/TL_PLS201.INPUT_PV,,Float
0,Devices/[DemoWWTP]/Controller:Global/TL_PLS201.OWL_SP,,Int32
0,Devices/[DemoWWTP]/Controller:Global/TL_PLS201.HWL_SP,,Int32
0,Devices/[DemoWWTP]/Controller:Global/TL_PLS201.MWL_SP,,Int32
0,Devices/[DemoWWTP]/Controller:Global/TL_PLS201.LWL_SP,,Int32
0,Devices/[DemoWWTP]/Controller:Global/TL_PLS201.XWL_SP,,Int32
0,Devices/[DemoWWTP]/Controller:Global/TL_PLS201.TWL_SP,,Int32
0,Devices/[DemoWWTP]/Controller:Global/TL_PLS201.OWL_OUT,,Boolean
0,Devices/[DemoWWTP]/Controller:Global/TL_PLS201.HWL_OUT,,Boolean
0,Devices/[DemoWWTP]/Controller:Global/TL_PLS201.MWL_OUT,,Boolean
0,Devices/[DemoWWTP]/Controller:Global/TL_PLS201.LWL_OUT,,Boolean
0,Devices/[DemoWWTP]/Controller:Global/TL_PLS201.XWL_OUT,,Boolean
0,Devices/[DemoWWTP]/Controller:Global/TL_PLS201.TWL_OUT,,Boolean
0,Devices/[DemoWWTP]/Controller:Global/TL_PLS201.TANK_DIAMETER,,Float
0,Devices/[DemoWWTP]/Controller:Global/TL_PLS201.TANK_HEIGHT,,Float
0,Devices/[DemoWWTP]/Controller:Global/TL_PLS201.ERROR,,Boolean
0,Devices/[DemoWWTP]/Controller:Global/TL_PLS201.TANK_AREA_OUT,,Int32
0,Devices/[DemoWWTP]/Controller:Global/TL_PLS201.CURRENT_VOLUME_TOTAL_OUT,,Int32
0,Devices/[DemoWWTP]/Controller:Global/TL_PLS201.VOLUME_ABOVE_LWL_OUT,,Int32
0,Devices/[DemoWWTP]/Controller:Global/TL_PLS201.VOLUME_BELOW_HWL_OUT,,Int32
0,Devices/[DemoWWTP]/Controller:Global/TL_PLS201.FILL_PERCENTAGE_OUT,,Int32
0,Devices/[DemoWWTP]/Controller:Global/TL_PLS202.EnableIn,,Boolean
0,Devices/[DemoWWTP]/Controller:Global/TL_PLS202.EnableOut,,Boolean
0,Devices/[DemoWWTP]/Controller:Global/TL_PLS202.INPUT_PV,,Float
0,Devices/[DemoWWTP]/Controller:Global/TL_PLS202.OWL_SP,,Int32
0,Devices/[DemoWWTP]/Controller:Global/TL_PLS202.HWL_SP,,Int32
0,Devices/[DemoWWTP]/Controller:Global/TL_PLS202.MWL_SP,,Int32
0,Devices/[DemoWWTP]/Controller:Global/TL_PLS202.LWL_SP,,Int32
0,Devices/[DemoWWTP]/Controller:Global/TL_PLS202.XWL_SP,,Int32
0,Devices/[DemoWWTP]/Controller:Global/TL_PLS202.TWL_SP,,Int32
0,Devices/[DemoWWTP]/Controller:Global/TL_PLS202.OWL_OUT,,Boolean
0,Devices/[DemoWWTP]/Controller:Global/TL_PLS202.HWL_OUT,,Boolean
0,Devices/[DemoWWTP]/Controller:Global/TL_PLS202.MWL_OUT,,Boolean
0,Devices/[DemoWWTP]/Controller:Global/TL_PLS202.LWL_OUT,,Boolean
0,Devices/[DemoWWTP]/Controller:Global/TL_PLS202.XWL_OUT,,Boolean
0,Devices/[DemoWWTP]/Controller:Global/TL_PLS202.TWL_OUT,,Boolean
0,Devices/[DemoWWTP]/Controller:Global/TL_PLS202.TANK_DIAMETER,,Float
0,Devices/[DemoWWTP]/Controller:Global/TL_PLS202.TANK_HEIGHT,,Float
0,Devices/[DemoWWTP]/Controller:Global/TL_PLS202.ERROR,,Boolean
0,Devices/[DemoWWTP]/Controller:Global/TL_PLS202.TANK_AREA_OUT,,Int32
0,Devices/[DemoWWTP]/Controller:Global/TL_PLS202.CURRENT_VOLUME_TOTAL_OUT,,Int32
0,Devices/[DemoWWTP]/Controller:Global/TL_PLS202.VOLUME_ABOVE_LWL_OUT,,Int32
0,Devices/[DemoWWTP]/Controller:Global/TL_PLS202.VOLUME_BELOW_HWL_OUT,,Int32
0,Devices/[DemoWWTP]/Controller:Global/TL_PLS202.FILL_PERCENTAGE_OUT,,Int32
0,Devices/[DemoWWTP]/Controller:Global/TL_PLS301.EnableIn,,Boolean
0,Devices/[DemoWWTP]/Controller:Global/TL_PLS301.EnableOut,,Boolean
0,Devices/[DemoWWTP]/Controller:Global/TL_PLS301.INPUT_PV,,Float
0,Devices/[DemoWWTP]/Controller:Global/TL_PLS301.OWL_SP,,Int32
0,Devices/[DemoWWTP]/Controller:Global/TL_PLS301.HWL_SP,,Int32
0,Devices/[DemoWWTP]/Controller:Global/TL_PLS301.MWL_SP,,Int32
0,Devices/[DemoWWTP]/Controller:Global/TL_PLS301.LWL_SP,,Int32
0,Devices/[DemoWWTP]/Controller:Global/TL_PLS301.XWL_SP,,Int32
0,Devices/[DemoWWTP]/Controller:Global/TL_PLS301.TWL_SP,,Int32
0,Devices/[DemoWWTP]/Controller:Global/TL_PLS301.OWL_OUT,,Boolean
0,Devices/[DemoWWTP]/Controller:Global/TL_PLS301.HWL_OUT,,Boolean
0,Devices/[DemoWWTP]/Controller:Global/TL_PLS301.MWL_OUT,,Boolean
0,Devices/[DemoWWTP]/Controller:Global/TL_PLS301.LWL_OUT,,Boolean
0,Devices/[DemoWWTP]/Controller:Global/TL_PLS301.XWL_OUT,,Boolean
0,Devices/[DemoWWTP]/Controller:Global/TL_PLS301.TWL_OUT,,Boolean
0,Devices/[DemoWWTP]/Controller:Global/TL_PLS301.TANK_DIAMETER,,Float
0,Devices/[DemoWWTP]/Controller:Global/TL_PLS301.TANK_HEIGHT,,Float
0,Devices/[DemoWWTP]/Controller:Global/TL_PLS301.ERROR,,Boolean
0,Devices/[DemoWWTP]/Controller:Global/TL_PLS301.TANK_AREA_OUT,,Int32
0,Devices/[DemoWWTP]/Controller:Global/TL_PLS301.CURRENT_VOLUME_TOTAL_OUT,,Int32
0,Devices/[DemoWWTP]/Controller:Global/TL_PLS301.VOLUME_ABOVE_LWL_OUT,,Int32
0,Devices/[DemoWWTP]/Controller:Global/TL_PLS301.VOLUME_BELOW_HWL_OUT,,Int32
0,Devices/[DemoWWTP]/Controller:Global/TL_PLS301.FILL_PERCENTAGE_OUT,,Int32
0,Devices/[DemoWWTP]/Controller:Global/TL_PLS401.EnableIn,,Boolean
0,Devices/[DemoWWTP]/Controller:Global/TL_PLS401.EnableOut,,Boolean
0,Devices/[DemoWWTP]/Controller:Global/TL_PLS401.INPUT_PV,,Float
0,Devices/[DemoWWTP]/Controller:Global/TL_PLS401.OWL_SP,,Int32
0,Devices/[DemoWWTP]/Controller:Global/TL_PLS401.HWL_SP,,Int32
0,Devices/[DemoWWTP]/Controller:Global/TL_PLS401.MWL_SP,,Int32
0,Devices/[DemoWWTP]/Controller:Global/TL_PLS401.LWL_SP,,Int32
0,Devices/[DemoWWTP]/Controller:Global/TL_PLS401.XWL_SP,,Int32
0,Devices/[DemoWWTP]/Controller:Global/TL_PLS401.TWL_SP,,Int32
0,Devices/[DemoWWTP]/Controller:Global/TL_PLS401.OWL_OUT,,Boolean
0,Devices/[DemoWWTP]/Controller:Global/TL_PLS401.HWL_OUT,,Boolean
0,Devices/[DemoWWTP]/Controller:Global/TL_PLS401.MWL_OUT,,Boolean
0,Devices/[DemoWWTP]/Controller:Global/TL_PLS401.LWL_OUT,,Boolean
0,Devices/[DemoWWTP]/Controller:Global/TL_PLS401.XWL_OUT,,Boolean
0,Devices/[DemoWWTP]/Controller:Global/TL_PLS401.TWL_OUT,,Boolean
0,Devices/[DemoWWTP]/Controller:Global/TL_PLS401.TANK_DIAMETER,,Float
0,Devices/[DemoWWTP]/Controller:Global/TL_PLS401.TANK_HEIGHT,,Float
0,Devices/[DemoWWTP]/Controller:Global/TL_PLS401.ERROR,,Boolean
0,Devices/[DemoWWTP]/Controller:Global/TL_PLS401.TANK_AREA_OUT,,Int32
0,Devices/[DemoWWTP]/Controller:Global/TL_PLS401.CURRENT_VOLUME_TOTAL_OUT,,Int32
0,Devices/[DemoWWTP]/Controller:Global/TL_PLS401.VOLUME_ABOVE_LWL_OUT,,Int32
0,Devices/[DemoWWTP]/Controller:Global/TL_PLS401.VOLUME_BELOW_HWL_OUT,,Int32
0,Devices/[DemoWWTP]/Controller:Global/TL_PLS401.FILL_PERCENTAGE_OUT,,Int32
0,Devices/[DemoWWTP]/Controller:Global/TL_ULS201.EnableIn,,Boolean
0,Devices/[DemoWWTP]/Controller:Global/TL_ULS201.EnableOut,,Boolean
0,Devices/[DemoWWTP]/Controller:Global/TL_ULS201.INPUT_PV,,Float
0,Devices/[DemoWWTP]/Controller:Global/TL_ULS201.OWL_SP,,Int32
0,Devices/[DemoWWTP]/Controller:Global/TL_ULS201.HWL_SP,,Int32
0,Devices/[DemoWWTP]/Controller:Global/TL_ULS201.MWL_SP,,Int32
0,Devices/[DemoWWTP]/Controller:Global/TL_ULS201.LWL_SP,,Int32
0,Devices/[DemoWWTP]/Controller:Global/TL_ULS201.XWL_SP,,Int32
0,Devices/[DemoWWTP]/Controller:Global/TL_ULS201.TWL_SP,,Int32
0,Devices/[DemoWWTP]/Controller:Global/TL_ULS201.OWL_OUT,,Boolean
0,Devices/[DemoWWTP]/Controller:Global/TL_ULS201.HWL_OUT,,Boolean
0,Devices/[DemoWWTP]/Controller:Global/TL_ULS201.MWL_OUT,,Boolean
0,Devices/[DemoWWTP]/Controller:Global/TL_ULS201.LWL_OUT,,Boolean
0,Devices/[DemoWWTP]/Controller:Global/TL_ULS201.XWL_OUT,,Boolean
0,Devices/[DemoWWTP]/Controller:Global/TL_ULS201.TWL_OUT,,Boolean
0,Devices/[DemoWWTP]/Controller:Global/TL_ULS201.TANK_DIAMETER,,Float
0,Devices/[DemoWWTP]/Controller:Global/TL_ULS201.TANK_HEIGHT,,Float
0,Devices/[DemoWWTP]/Controller:Global/TL_ULS201.ERROR,,Boolean
0,Devices/[DemoWWTP]/Controller:Global/TL_ULS201.TANK_AREA_OUT,,Int32
0,Devices/[DemoWWTP]/Controller:Global/TL_ULS201.CURRENT_VOLUME_TOTAL_OUT,,Int32
0,Devices/[DemoWWTP]/Controller:Global/TL_ULS201.VOLUME_ABOVE_LWL_OUT,,Int32
0,Devices/[DemoWWTP]/Controller:Global/TL_ULS201.VOLUME_BELOW_HWL_OUT,,Int32
0,Devices/[DemoWWTP]/Controller:Global/TL_ULS201.FILL_PERCENTAGE_OUT,,Int32
0,Devices/[DemoWWTP]/Controller:Global/TRANSFER_PUMPS_RUN_REQUEST,,Boolean
0,Devices/[DemoWWTP]/Controller:Global/TUP301.EnableIn,,Boolean
0,Devices/[DemoWWTP]/Controller:Global/TUP301.EnableOut,,Boolean
0,Devices/[DemoWWTP]/Controller:Global/TUP301.PV_SOURCE,,Float
0,Devices/[DemoWWTP]/Controller:Global/TUP301.STATUS_SOURCE,,Int16
0,Devices/[DemoWWTP]/Controller:Global/TUP301.UNITS_SOURCE,,Int16
0,Devices/[DemoWWTP]/Controller:Global/TUP301.PV,,Float
0,Devices/[DemoWWTP]/Controller:Global/TUP301.PROBE_STATUS,,Int16
0,Devices/[DemoWWTP]/Controller:Global/TUP301.PROBE_UNITS,,Int16
0,Devices/[DemoWWTP]/Controller:Global/TUP301.PROBE_WD_LOWER_SP,,Float
0,Devices/[DemoWWTP]/Controller:Global/TUP301.PROBE_WD_UPPER_SP,,Float
0,Devices/[DemoWWTP]/Controller:Global/TUP301.PROBE_HEALTHY,,Boolean
0,Devices/[DemoWWTP]/Controller:Global/TUP301.PROBE_EN,,Boolean
0,Devices/[DemoWWTP]/Controller:Global/TUP301.PROBE_WARNING,,Boolean
0,Devices/[DemoWWTP]/Controller:Global/TUP301_STATUS,,String
0,Devices/[DemoWWTP]/Controller:Global/TUP302.EnableIn,,Boolean
0,Devices/[DemoWWTP]/Controller:Global/TUP302.EnableOut,,Boolean
0,Devices/[DemoWWTP]/Controller:Global/TUP302.PV_SOURCE,,Float
0,Devices/[DemoWWTP]/Controller:Global/TUP302.STATUS_SOURCE,,Int16
0,Devices/[DemoWWTP]/Controller:Global/TUP302.UNITS_SOURCE,,Int16
0,Devices/[DemoWWTP]/Controller:Global/TUP302.PV,,Float
0,Devices/[DemoWWTP]/Controller:Global/TUP302.PROBE_STATUS,,Int16
0,Devices/[DemoWWTP]/Controller:Global/TUP302.PROBE_UNITS,,Int16
0,Devices/[DemoWWTP]/Controller:Global/TUP302.PROBE_WD_LOWER_SP,,Float
0,Devices/[DemoWWTP]/Controller:Global/TUP302.PROBE_WD_UPPER_SP,,Float
0,Devices/[DemoWWTP]/Controller:Global/TUP302.PROBE_HEALTHY,,Boolean
0,Devices/[DemoWWTP]/Controller:Global/TUP302.PROBE_EN,,Boolean
0,Devices/[DemoWWTP]/Controller:Global/TUP302.PROBE_WARNING,,Boolean
0,Devices/[DemoWWTP]/Controller:Global/TUP302_STATUS,,String
0,Devices/[DemoWWTP]/Controller:Global/ULS101_AI.EnableIn,,Boolean
0,Devices/[DemoWWTP]/Controller:Global/ULS101_AI.EnableOut,,Boolean
0,Devices/[DemoWWTP]/Controller:Global/ULS101_AI.Raw,,Int16
0,Devices/[DemoWWTP]/Controller:Global/ULS101_AI.RawMin,,Int16
0,Devices/[DemoWWTP]/Controller:Global/ULS101_AI.RawMax,,Int16
0,Devices/[DemoWWTP]/Controller:Global/ULS101_AI.EngMin,,Float
0,Devices/[DemoWWTP]/Controller:Global/ULS101_AI.EngMax,,Float
0,Devices/[DemoWWTP]/Controller:Global/ULS101_AI.AI_Ext,,Boolean
0,Devices/[DemoWWTP]/Controller:Global/ULS101_AI.AI_En,,Boolean
0,Devices/[DemoWWTP]/Controller:Global/ULS101_AI.Sim,,Boolean
0,Devices/[DemoWWTP]/Controller:Global/ULS101_AI.Reset,,Boolean
0,Devices/[DemoWWTP]/Controller:Global/ULS101_AI.Scaled,,Float
0,Devices/[DemoWWTP]/Controller:Global/ULS101_AI.PV,,Float
0,Devices/[DemoWWTP]/Controller:Global/ULS101_AI.AvgCntSP,,Int32
0,Devices/[DemoWWTP]/Controller:Global/ULS101_AI.ResetPB,,Boolean
0,Devices/[DemoWWTP]/Controller:Global/ULS101_AI.HiHi_En,,Boolean
0,Devices/[DemoWWTP]/Controller:Global/ULS101_AI.Hi_En,,Boolean
0,Devices/[DemoWWTP]/Controller:Global/ULS101_AI.Lo_En,,Boolean
0,Devices/[DemoWWTP]/Controller:Global/ULS101_AI.LoLo_En,,Boolean
0,Devices/[DemoWWTP]/Controller:Global/ULS101_AI.HiHi_ASP,,Float
0,Devices/[DemoWWTP]/Controller:Global/ULS101_AI.Hi_ASP,,Float
0,Devices/[DemoWWTP]/Controller:Global/ULS101_AI.Lo_ASP,,Float
0,Devices/[DemoWWTP]/Controller:Global/ULS101_AI.LoLo_ASP,,Float
0,Devices/[DemoWWTP]/Controller:Global/ULS101_AI.TxFlt_Time,,Float
0,Devices/[DemoWWTP]/Controller:Global/ULS101_AI.HiHi_Time,,Float
0,Devices/[DemoWWTP]/Controller:Global/ULS101_AI.Hi_Time,,Float
0,Devices/[DemoWWTP]/Controller:Global/ULS101_AI.Lo_Time,,Float
0,Devices/[DemoWWTP]/Controller:Global/ULS101_AI.LoLo_Time,,Float
0,Devices/[DemoWWTP]/Controller:Global/ULS101_AI.Avail,,Boolean
0,Devices/[DemoWWTP]/Controller:Global/ULS101_AI.Alarms,,Int16
0,Devices/[DemoWWTP]/Controller:Global/ULS101_AI.Fault,,Boolean
0,Devices/[DemoWWTP]/Controller:Global/ULS101_AI.TxFlt,,Boolean
0,Devices/[DemoWWTP]/Controller:Global/ULS101_AI.HiHi,,Boolean
0,Devices/[DemoWWTP]/Controller:Global/ULS101_AI.Hi,,Boolean
0,Devices/[DemoWWTP]/Controller:Global/ULS101_AI.Lo,,Boolean
0,Devices/[DemoWWTP]/Controller:Global/ULS101_AI.LoLo,,Boolean
0,Devices/[DemoWWTP]/Controller:Global/ULS101_AI.FQ_Wrn,,Boolean
0,Devices/[DemoWWTP]/Controller:Global/ULS101_AI.Sim_Alm_En,,Boolean
0,Devices/[DemoWWTP]/Controller:Global/ULS101_AI.ExtReset,,Boolean
0,Devices/[DemoWWTP]/Controller:Global/ULS101_AI.Latch_Time,,Float
0,Devices/[DemoWWTP]/Controller:Global/ULS101_AI.RecordStats,,Boolean
0,Devices/[DemoWWTP]/Controller:Global/ULS101_AI.ResetStats,,Boolean
0,Devices/[DemoWWTP]/Controller:Global/ULS101_AI.RecMin,,Float
0,Devices/[DemoWWTP]/Controller:Global/ULS101_AI.RecMax,,Float
0,Devices/[DemoWWTP]/Controller:Global/ULS101_AI.RecAvg,,Float
0,Devices/[DemoWWTP]/Controller:Global/ULS101_AI.RecMinPrev,,Float
0,Devices/[DemoWWTP]/Controller:Global/ULS101_AI.RecMaxPrev,,Float
0,Devices/[DemoWWTP]/Controller:Global/ULS101_AI.RecAvgPrev,,Float
0,Devices/[DemoWWTP]/Controller:Global/ULS201_AI.EnableIn,,Boolean
0,Devices/[DemoWWTP]/Controller:Global/ULS201_AI.EnableOut,,Boolean
0,Devices/[DemoWWTP]/Controller:Global/ULS201_AI.Raw,,Int16
0,Devices/[DemoWWTP]/Controller:Global/ULS201_AI.RawMin,,Int16
0,Devices/[DemoWWTP]/Controller:Global/ULS201_AI.RawMax,,Int16
0,Devices/[DemoWWTP]/Controller:Global/ULS201_AI.EngMin,,Float
0,Devices/[DemoWWTP]/Controller:Global/ULS201_AI.EngMax,,Float
0,Devices/[DemoWWTP]/Controller:Global/ULS201_AI.AI_Ext,,Boolean
0,Devices/[DemoWWTP]/Controller:Global/ULS201_AI.AI_En,,Boolean
0,Devices/[DemoWWTP]/Controller:Global/ULS201_AI.Sim,,Boolean
0,Devices/[DemoWWTP]/Controller:Global/ULS201_AI.Reset,,Boolean
0,Devices/[DemoWWTP]/Controller:Global/ULS201_AI.Scaled,,Float
0,Devices/[DemoWWTP]/Controller:Global/ULS201_AI.PV,,Float
0,Devices/[DemoWWTP]/Controller:Global/ULS201_AI.AvgCntSP,,Int32
0,Devices/[DemoWWTP]/Controller:Global/ULS201_AI.ResetPB,,Boolean
0,Devices/[DemoWWTP]/Controller:Global/ULS201_AI.HiHi_En,,Boolean
0,Devices/[DemoWWTP]/Controller:Global/ULS201_AI.Hi_En,,Boolean
0,Devices/[DemoWWTP]/Controller:Global/ULS201_AI.Lo_En,,Boolean
0,Devices/[DemoWWTP]/Controller:Global/ULS201_AI.LoLo_En,,Boolean
0,Devices/[DemoWWTP]/Controller:Global/ULS201_AI.HiHi_ASP,,Float
0,Devices/[DemoWWTP]/Controller:Global/ULS201_AI.Hi_ASP,,Float
0,Devices/[DemoWWTP]/Controller:Global/ULS201_AI.Lo_ASP,,Float
0,Devices/[DemoWWTP]/Controller:Global/ULS201_AI.LoLo_ASP,,Float
0,Devices/[DemoWWTP]/Controller:Global/ULS201_AI.TxFlt_Time,,Float
0,Devices/[DemoWWTP]/Controller:Global/ULS201_AI.HiHi_Time,,Float
0,Devices/[DemoWWTP]/Controller:Global/ULS201_AI.Hi_Time,,Float
0,Devices/[DemoWWTP]/Controller:Global/ULS201_AI.Lo_Time,,Float
0,Devices/[DemoWWTP]/Controller:Global/ULS201_AI.LoLo_Time,,Float
0,Devices/[DemoWWTP]/Controller:Global/ULS201_AI.Avail,,Boolean
0,Devices/[DemoWWTP]/Controller:Global/ULS201_AI.Alarms,,Int16
0,Devices/[DemoWWTP]/Controller:Global/ULS201_AI.Fault,,Boolean
0,Devices/[DemoWWTP]/Controller:Global/ULS201_AI.TxFlt,,Boolean
0,Devices/[DemoWWTP]/Controller:Global/ULS201_AI.HiHi,,Boolean
0,Devices/[DemoWWTP]/Controller:Global/ULS201_AI.Hi,,Boolean
0,Devices/[DemoWWTP]/Controller:Global/ULS201_AI.Lo,,Boolean
0,Devices/[DemoWWTP]/Controller:Global/ULS201_AI.LoLo,,Boolean
0,Devices/[DemoWWTP]/Controller:Global/ULS201_AI.FQ_Wrn,,Boolean
0,Devices/[DemoWWTP]/Controller:Global/ULS201_AI.Sim_Alm_En,,Boolean
0,Devices/[DemoWWTP]/Controller:Global/ULS201_AI.ExtReset,,Boolean
0,Devices/[DemoWWTP]/Controller:Global/ULS201_AI.Latch_Time,,Float
0,Devices/[DemoWWTP]/Controller:Global/ULS201_AI.RecordStats,,Boolean
0,Devices/[DemoWWTP]/Controller:Global/ULS201_AI.ResetStats,,Boolean
0,Devices/[DemoWWTP]/Controller:Global/ULS201_AI.RecMin,,Float
0,Devices/[DemoWWTP]/Controller:Global/ULS201_AI.RecMax,,Float
0,Devices/[DemoWWTP]/Controller:Global/ULS201_AI.RecAvg,,Float
0,Devices/[DemoWWTP]/Controller:Global/ULS201_AI.RecMinPrev,,Float
0,Devices/[DemoWWTP]/Controller:Global/ULS201_AI.RecMaxPrev,,Float
0,Devices/[DemoWWTP]/Controller:Global/ULS201_AI.RecAvgPrev,,Float
0,Devices/[DemoWWTP]/Controller:Global/ULS202_AI.EnableIn,,Boolean
0,Devices/[DemoWWTP]/Controller:Global/ULS202_AI.EnableOut,,Boolean
0,Devices/[DemoWWTP]/Controller:Global/ULS202_AI.Raw,,Int16
0,Devices/[DemoWWTP]/Controller:Global/ULS202_AI.RawMin,,Int16
0,Devices/[DemoWWTP]/Controller:Global/ULS202_AI.RawMax,,Int16
0,Devices/[DemoWWTP]/Controller:Global/ULS202_AI.EngMin,,Float
0,Devices/[DemoWWTP]/Controller:Global/ULS202_AI.EngMax,,Float
0,Devices/[DemoWWTP]/Controller:Global/ULS202_AI.AI_Ext,,Boolean
0,Devices/[DemoWWTP]/Controller:Global/ULS202_AI.AI_En,,Boolean
0,Devices/[DemoWWTP]/Controller:Global/ULS202_AI.Sim,,Boolean
0,Devices/[DemoWWTP]/Controller:Global/ULS202_AI.Reset,,Boolean
0,Devices/[DemoWWTP]/Controller:Global/ULS202_AI.Scaled,,Float
0,Devices/[DemoWWTP]/Controller:Global/ULS202_AI.PV,,Float
0,Devices/[DemoWWTP]/Controller:Global/ULS202_AI.AvgCntSP,,Int32
0,Devices/[DemoWWTP]/Controller:Global/ULS202_AI.ResetPB,,Boolean
0,Devices/[DemoWWTP]/Controller:Global/ULS202_AI.HiHi_En,,Boolean
0,Devices/[DemoWWTP]/Controller:Global/ULS202_AI.Hi_En,,Boolean
0,Devices/[DemoWWTP]/Controller:Global/ULS202_AI.Lo_En,,Boolean
0,Devices/[DemoWWTP]/Controller:Global/ULS202_AI.LoLo_En,,Boolean
0,Devices/[DemoWWTP]/Controller:Global/ULS202_AI.HiHi_ASP,,Float
0,Devices/[DemoWWTP]/Controller:Global/ULS202_AI.Hi_ASP,,Float
0,Devices/[DemoWWTP]/Controller:Global/ULS202_AI.Lo_ASP,,Float
0,Devices/[DemoWWTP]/Controller:Global/ULS202_AI.LoLo_ASP,,Float
0,Devices/[DemoWWTP]/Controller:Global/ULS202_AI.TxFlt_Time,,Float
0,Devices/[DemoWWTP]/Controller:Global/ULS202_AI.HiHi_Time,,Float
0,Devices/[DemoWWTP]/Controller:Global/ULS202_AI.Hi_Time,,Float
0,Devices/[DemoWWTP]/Controller:Global/ULS202_AI.Lo_Time,,Float
0,Devices/[DemoWWTP]/Controller:Global/ULS202_AI.LoLo_Time,,Float
0,Devices/[DemoWWTP]/Controller:Global/ULS202_AI.Avail,,Boolean
0,Devices/[DemoWWTP]/Controller:Global/ULS202_AI.Alarms,,Int16
0,Devices/[DemoWWTP]/Controller:Global/ULS202_AI.Fault,,Boolean
0,Devices/[DemoWWTP]/Controller:Global/ULS202_AI.TxFlt,,Boolean
0,Devices/[DemoWWTP]/Controller:Global/ULS202_AI.HiHi,,Boolean
0,Devices/[DemoWWTP]/Controller:Global/ULS202_AI.Hi,,Boolean
0,Devices/[DemoWWTP]/Controller:Global/ULS202_AI.Lo,,Boolean
0,Devices/[DemoWWTP]/Controller:Global/ULS202_AI.LoLo,,Boolean
0,Devices/[DemoWWTP]/Controller:Global/ULS202_AI.FQ_Wrn,,Boolean
0,Devices/[DemoWWTP]/Controller:Global/ULS202_AI.Sim_Alm_En,,Boolean
0,Devices/[DemoWWTP]/Controller:Global/ULS202_AI.ExtReset,,Boolean
0,Devices/[DemoWWTP]/Controller:Global/ULS202_AI.Latch_Time,,Float
0,Devices/[DemoWWTP]/Controller:Global/ULS202_AI.RecordStats,,Boolean
0,Devices/[DemoWWTP]/Controller:Global/ULS202_AI.ResetStats,,Boolean
0,Devices/[DemoWWTP]/Controller:Global/ULS202_AI.RecMin,,Float
0,Devices/[DemoWWTP]/Controller:Global/ULS202_AI.RecMax,,Float
0,Devices/[DemoWWTP]/Controller:Global/ULS202_AI.RecAvg,,Float
0,Devices/[DemoWWTP]/Controller:Global/ULS202_AI.RecMinPrev,,Float
0,Devices/[DemoWWTP]/Controller:Global/ULS202_AI.RecMaxPrev,,Float
0,Devices/[DemoWWTP]/Controller:Global/ULS202_AI.RecAvgPrev,,Float
0,Devices/[DemoWWTP]/Controller:Global/ULS203_AI.EnableIn,,Boolean
0,Devices/[DemoWWTP]/Controller:Global/ULS203_AI.EnableOut,,Boolean
0,Devices/[DemoWWTP]/Controller:Global/ULS203_AI.Raw,,Int16
0,Devices/[DemoWWTP]/Controller:Global/ULS203_AI.RawMin,,Int16
0,Devices/[DemoWWTP]/Controller:Global/ULS203_AI.RawMax,,Int16
0,Devices/[DemoWWTP]/Controller:Global/ULS203_AI.EngMin,,Float
0,Devices/[DemoWWTP]/Controller:Global/ULS203_AI.EngMax,,Float
0,Devices/[DemoWWTP]/Controller:Global/ULS203_AI.AI_Ext,,Boolean
0,Devices/[DemoWWTP]/Controller:Global/ULS203_AI.AI_En,,Boolean
0,Devices/[DemoWWTP]/Controller:Global/ULS203_AI.Sim,,Boolean
0,Devices/[DemoWWTP]/Controller:Global/ULS203_AI.Reset,,Boolean
0,Devices/[DemoWWTP]/Controller:Global/ULS203_AI.Scaled,,Float
0,Devices/[DemoWWTP]/Controller:Global/ULS203_AI.PV,,Float
0,Devices/[DemoWWTP]/Controller:Global/ULS203_AI.AvgCntSP,,Int32
0,Devices/[DemoWWTP]/Controller:Global/ULS203_AI.ResetPB,,Boolean
0,Devices/[DemoWWTP]/Controller:Global/ULS203_AI.HiHi_En,,Boolean
0,Devices/[DemoWWTP]/Controller:Global/ULS203_AI.Hi_En,,Boolean
0,Devices/[DemoWWTP]/Controller:Global/ULS203_AI.Lo_En,,Boolean
0,Devices/[DemoWWTP]/Controller:Global/ULS203_AI.LoLo_En,,Boolean
0,Devices/[DemoWWTP]/Controller:Global/ULS203_AI.HiHi_ASP,,Float
0,Devices/[DemoWWTP]/Controller:Global/ULS203_AI.Hi_ASP,,Float
0,Devices/[DemoWWTP]/Controller:Global/ULS203_AI.Lo_ASP,,Float
0,Devices/[DemoWWTP]/Controller:Global/ULS203_AI.LoLo_ASP,,Float
0,Devices/[DemoWWTP]/Controller:Global/ULS203_AI.TxFlt_Time,,Float
0,Devices/[DemoWWTP]/Controller:Global/ULS203_AI.HiHi_Time,,Float
0,Devices/[DemoWWTP]/Controller:Global/ULS203_AI.Hi_Time,,Float
0,Devices/[DemoWWTP]/Controller:Global/ULS203_AI.Lo_Time,,Float
0,Devices/[DemoWWTP]/Controller:Global/ULS203_AI.LoLo_Time,,Float
0,Devices/[DemoWWTP]/Controller:Global/ULS203_AI.Avail,,Boolean
0,Devices/[DemoWWTP]/Controller:Global/ULS203_AI.Alarms,,Int16
0,Devices/[DemoWWTP]/Controller:Global/ULS203_AI.Fault,,Boolean
0,Devices/[DemoWWTP]/Controller:Global/ULS203_AI.TxFlt,,Boolean
0,Devices/[DemoWWTP]/Controller:Global/ULS203_AI.HiHi,,Boolean
0,Devices/[DemoWWTP]/Controller:Global/ULS203_AI.Hi,,Boolean
0,Devices/[DemoWWTP]/Controller:Global/ULS203_AI.Lo,,Boolean
0,Devices/[DemoWWTP]/Controller:Global/ULS203_AI.LoLo,,Boolean
0,Devices/[DemoWWTP]/Controller:Global/ULS203_AI.FQ_Wrn,,Boolean
0,Devices/[DemoWWTP]/Controller:Global/ULS203_AI.Sim_Alm_En,,Boolean
0,Devices/[DemoWWTP]/Controller:Global/ULS203_AI.ExtReset,,Boolean
0,Devices/[DemoWWTP]/Controller:Global/ULS203_AI.Latch_Time,,Float
0,Devices/[DemoWWTP]/Controller:Global/ULS203_AI.RecordStats,,Boolean
0,Devices/[DemoWWTP]/Controller:Global/ULS203_AI.ResetStats,,Boolean
0,Devices/[DemoWWTP]/Controller:Global/ULS203_AI.RecMin,,Float
0,Devices/[DemoWWTP]/Controller:Global/ULS203_AI.RecMax,,Float
0,Devices/[DemoWWTP]/Controller:Global/ULS203_AI.RecAvg,,Float
0,Devices/[DemoWWTP]/Controller:Global/ULS203_AI.RecMinPrev,,Float
0,Devices/[DemoWWTP]/Controller:Global/ULS203_AI.RecMaxPrev,,Float
0,Devices/[DemoWWTP]/Controller:Global/ULS203_AI.RecAvgPrev,,Float
0,Devices/[DemoWWTP]/Controller:Global/ULS401.EnableIn,,Boolean
0,Devices/[DemoWWTP]/Controller:Global/ULS401.EnableOut,,Boolean
0,Devices/[DemoWWTP]/Controller:Global/ULS401.INPUT_PV,,Float
0,Devices/[DemoWWTP]/Controller:Global/ULS401.OWL_SP,,Int32
0,Devices/[DemoWWTP]/Controller:Global/ULS401.HWL_SP,,Int32
0,Devices/[DemoWWTP]/Controller:Global/ULS401.MWL_SP,,Int32
0,Devices/[DemoWWTP]/Controller:Global/ULS401.LWL_SP,,Int32
0,Devices/[DemoWWTP]/Controller:Global/ULS401.XWL_SP,,Int32
0,Devices/[DemoWWTP]/Controller:Global/ULS401.TWL_SP,,Int32
0,Devices/[DemoWWTP]/Controller:Global/ULS401.OWL_OUT,,Boolean
0,Devices/[DemoWWTP]/Controller:Global/ULS401.HWL_OUT,,Boolean
0,Devices/[DemoWWTP]/Controller:Global/ULS401.MWL_OUT,,Boolean
0,Devices/[DemoWWTP]/Controller:Global/ULS401.LWL_OUT,,Boolean
0,Devices/[DemoWWTP]/Controller:Global/ULS401.XWL_OUT,,Boolean
0,Devices/[DemoWWTP]/Controller:Global/ULS401.TWL_OUT,,Boolean
0,Devices/[DemoWWTP]/Controller:Global/ULS401.TANK_DIAMETER,,Float
0,Devices/[DemoWWTP]/Controller:Global/ULS401.TANK_HEIGHT,,Float
0,Devices/[DemoWWTP]/Controller:Global/ULS401.ERROR,,Boolean
0,Devices/[DemoWWTP]/Controller:Global/ULS401.TANK_AREA_OUT,,Int32
0,Devices/[DemoWWTP]/Controller:Global/ULS401.CURRENT_VOLUME_TOTAL_OUT,,Int32
0,Devices/[DemoWWTP]/Controller:Global/ULS401.VOLUME_ABOVE_LWL_OUT,,Int32
0,Devices/[DemoWWTP]/Controller:Global/ULS401.VOLUME_BELOW_HWL_OUT,,Int32
0,Devices/[DemoWWTP]/Controller:Global/ULS401.FILL_PERCENTAGE_OUT,,Int32
0,Devices/[DemoWWTP]/Controller:Global/ULS401_AI.EnableIn,,Boolean
0,Devices/[DemoWWTP]/Controller:Global/ULS401_AI.EnableOut,,Boolean
0,Devices/[DemoWWTP]/Controller:Global/ULS401_AI.Raw,,Int16
0,Devices/[DemoWWTP]/Controller:Global/ULS401_AI.RawMin,,Int16
0,Devices/[DemoWWTP]/Controller:Global/ULS401_AI.RawMax,,Int16
0,Devices/[DemoWWTP]/Controller:Global/ULS401_AI.EngMin,,Float
0,Devices/[DemoWWTP]/Controller:Global/ULS401_AI.EngMax,,Float
0,Devices/[DemoWWTP]/Controller:Global/ULS401_AI.AI_Ext,,Boolean
0,Devices/[DemoWWTP]/Controller:Global/ULS401_AI.AI_En,,Boolean
0,Devices/[DemoWWTP]/Controller:Global/ULS401_AI.Sim,,Boolean
0,Devices/[DemoWWTP]/Controller:Global/ULS401_AI.Reset,,Boolean
0,Devices/[DemoWWTP]/Controller:Global/ULS401_AI.Scaled,,Float
0,Devices/[DemoWWTP]/Controller:Global/ULS401_AI.PV,,Float
0,Devices/[DemoWWTP]/Controller:Global/ULS401_AI.AvgCntSP,,Int32
0,Devices/[DemoWWTP]/Controller:Global/ULS401_AI.ResetPB,,Boolean
0,Devices/[DemoWWTP]/Controller:Global/ULS401_AI.HiHi_En,,Boolean
0,Devices/[DemoWWTP]/Controller:Global/ULS401_AI.Hi_En,,Boolean
0,Devices/[DemoWWTP]/Controller:Global/ULS401_AI.Lo_En,,Boolean
0,Devices/[DemoWWTP]/Controller:Global/ULS401_AI.LoLo_En,,Boolean
0,Devices/[DemoWWTP]/Controller:Global/ULS401_AI.HiHi_ASP,,Float
0,Devices/[DemoWWTP]/Controller:Global/ULS401_AI.Hi_ASP,,Float
0,Devices/[DemoWWTP]/Controller:Global/ULS401_AI.Lo_ASP,,Float
0,Devices/[DemoWWTP]/Controller:Global/ULS401_AI.LoLo_ASP,,Float
0,Devices/[DemoWWTP]/Controller:Global/ULS401_AI.TxFlt_Time,,Float
0,Devices/[DemoWWTP]/Controller:Global/ULS401_AI.HiHi_Time,,Float
0,Devices/[DemoWWTP]/Controller:Global/ULS401_AI.Hi_Time,,Float
0,Devices/[DemoWWTP]/Controller:Global/ULS401_AI.Lo_Time,,Float
0,Devices/[DemoWWTP]/Controller:Global/ULS401_AI.LoLo_Time,,Float
0,Devices/[DemoWWTP]/Controller:Global/ULS401_AI.Avail,,Boolean
0,Devices/[DemoWWTP]/Controller:Global/ULS401_AI.Alarms,,Int16
0,Devices/[DemoWWTP]/Controller:Global/ULS401_AI.Fault,,Boolean
0,Devices/[DemoWWTP]/Controller:Global/ULS401_AI.TxFlt,,Boolean
0,Devices/[DemoWWTP]/Controller:Global/ULS401_AI.HiHi,,Boolean
0,Devices/[DemoWWTP]/Controller:Global/ULS401_AI.Hi,,Boolean
0,Devices/[DemoWWTP]/Controller:Global/ULS401_AI.Lo,,Boolean
0,Devices/[DemoWWTP]/Controller:Global/ULS401_AI.LoLo,,Boolean
0,Devices/[DemoWWTP]/Controller:Global/ULS401_AI.FQ_Wrn,,Boolean
0,Devices/[DemoWWTP]/Controller:Global/ULS401_AI.Sim_Alm_En,,Boolean
0,Devices/[DemoWWTP]/Controller:Global/ULS401_AI.ExtReset,,Boolean
0,Devices/[DemoWWTP]/Controller:Global/ULS401_AI.Latch_Time,,Float
0,Devices/[DemoWWTP]/Controller:Global/ULS401_AI.RecordStats,,Boolean
0,Devices/[DemoWWTP]/Controller:Global/ULS401_AI.ResetStats,,Boolean
0,Devices/[DemoWWTP]/Controller:Global/ULS401_AI.RecMin,,Float
0,Devices/[DemoWWTP]/Controller:Global/ULS401_AI.RecMax,,Float
0,Devices/[DemoWWTP]/Controller:Global/ULS401_AI.RecAvg,,Float
0,Devices/[DemoWWTP]/Controller:Global/ULS401_AI.RecMinPrev,,Float
0,Devices/[DemoWWTP]/Controller:Global/ULS401_AI.RecMaxPrev,,Float
0,Devices/[DemoWWTP]/Controller:Global/ULS401_AI.RecAvgPrev,,Float
0,Devices/[DemoWWTP]/Controller:Global/ULS402.EnableIn,,Boolean
0,Devices/[DemoWWTP]/Controller:Global/ULS402.EnableOut,,Boolean
0,Devices/[DemoWWTP]/Controller:Global/ULS402.INPUT_PV,,Float
0,Devices/[DemoWWTP]/Controller:Global/ULS402.OWL_SP,,Int32
0,Devices/[DemoWWTP]/Controller:Global/ULS402.HWL_SP,,Int32
0,Devices/[DemoWWTP]/Controller:Global/ULS402.MWL_SP,,Int32
0,Devices/[DemoWWTP]/Controller:Global/ULS402.LWL_SP,,Int32
0,Devices/[DemoWWTP]/Controller:Global/ULS402.XWL_SP,,Int32
0,Devices/[DemoWWTP]/Controller:Global/ULS402.TWL_SP,,Int32
0,Devices/[DemoWWTP]/Controller:Global/ULS402.OWL_OUT,,Boolean
0,Devices/[DemoWWTP]/Controller:Global/ULS402.HWL_OUT,,Boolean
0,Devices/[DemoWWTP]/Controller:Global/ULS402.MWL_OUT,,Boolean
0,Devices/[DemoWWTP]/Controller:Global/ULS402.LWL_OUT,,Boolean
0,Devices/[DemoWWTP]/Controller:Global/ULS402.XWL_OUT,,Boolean
0,Devices/[DemoWWTP]/Controller:Global/ULS402.TWL_OUT,,Boolean
0,Devices/[DemoWWTP]/Controller:Global/ULS402.TANK_DIAMETER,,Float
0,Devices/[DemoWWTP]/Controller:Global/ULS402.TANK_HEIGHT,,Float
0,Devices/[DemoWWTP]/Controller:Global/ULS402.ERROR,,Boolean
0,Devices/[DemoWWTP]/Controller:Global/ULS402.TANK_AREA_OUT,,Int32
0,Devices/[DemoWWTP]/Controller:Global/ULS402.CURRENT_VOLUME_TOTAL_OUT,,Int32
0,Devices/[DemoWWTP]/Controller:Global/ULS402.VOLUME_ABOVE_LWL_OUT,,Int32
0,Devices/[DemoWWTP]/Controller:Global/ULS402.VOLUME_BELOW_HWL_OUT,,Int32
0,Devices/[DemoWWTP]/Controller:Global/ULS402.FILL_PERCENTAGE_OUT,,Int32
0,Devices/[DemoWWTP]/Controller:Global/ULS402_AI.EnableIn,,Boolean
0,Devices/[DemoWWTP]/Controller:Global/ULS402_AI.EnableOut,,Boolean
0,Devices/[DemoWWTP]/Controller:Global/ULS402_AI.Raw,,Int16
0,Devices/[DemoWWTP]/Controller:Global/ULS402_AI.RawMin,,Int16
0,Devices/[DemoWWTP]/Controller:Global/ULS402_AI.RawMax,,Int16
0,Devices/[DemoWWTP]/Controller:Global/ULS402_AI.EngMin,,Float
0,Devices/[DemoWWTP]/Controller:Global/ULS402_AI.EngMax,,Float
0,Devices/[DemoWWTP]/Controller:Global/ULS402_AI.AI_Ext,,Boolean
0,Devices/[DemoWWTP]/Controller:Global/ULS402_AI.AI_En,,Boolean
0,Devices/[DemoWWTP]/Controller:Global/ULS402_AI.Sim,,Boolean
0,Devices/[DemoWWTP]/Controller:Global/ULS402_AI.Reset,,Boolean
0,Devices/[DemoWWTP]/Controller:Global/ULS402_AI.Scaled,,Float
0,Devices/[DemoWWTP]/Controller:Global/ULS402_AI.PV,,Float
0,Devices/[DemoWWTP]/Controller:Global/ULS402_AI.AvgCntSP,,Int32
0,Devices/[DemoWWTP]/Controller:Global/ULS402_AI.ResetPB,,Boolean
0,Devices/[DemoWWTP]/Controller:Global/ULS402_AI.HiHi_En,,Boolean
0,Devices/[DemoWWTP]/Controller:Global/ULS402_AI.Hi_En,,Boolean
0,Devices/[DemoWWTP]/Controller:Global/ULS402_AI.Lo_En,,Boolean
0,Devices/[DemoWWTP]/Controller:Global/ULS402_AI.LoLo_En,,Boolean
0,Devices/[DemoWWTP]/Controller:Global/ULS402_AI.HiHi_ASP,,Float
0,Devices/[DemoWWTP]/Controller:Global/ULS402_AI.Hi_ASP,,Float
0,Devices/[DemoWWTP]/Controller:Global/ULS402_AI.Lo_ASP,,Float
0,Devices/[DemoWWTP]/Controller:Global/ULS402_AI.LoLo_ASP,,Float
0,Devices/[DemoWWTP]/Controller:Global/ULS402_AI.TxFlt_Time,,Float
0,Devices/[DemoWWTP]/Controller:Global/ULS402_AI.HiHi_Time,,Float
0,Devices/[DemoWWTP]/Controller:Global/ULS402_AI.Hi_Time,,Float
0,Devices/[DemoWWTP]/Controller:Global/ULS402_AI.Lo_Time,,Float
0,Devices/[DemoWWTP]/Controller:Global/ULS402_AI.LoLo_Time,,Float
0,Devices/[DemoWWTP]/Controller:Global/ULS402_AI.Avail,,Boolean
0,Devices/[DemoWWTP]/Controller:Global/ULS402_AI.Alarms,,Int16
0,Devices/[DemoWWTP]/Controller:Global/ULS402_AI.Fault,,Boolean
0,Devices/[DemoWWTP]/Controller:Global/ULS402_AI.TxFlt,,Boolean
0,Devices/[DemoWWTP]/Controller:Global/ULS402_AI.HiHi,,Boolean
0,Devices/[DemoWWTP]/Controller:Global/ULS402_AI.Hi,,Boolean
0,Devices/[DemoWWTP]/Controller:Global/ULS402_AI.Lo,,Boolean
0,Devices/[DemoWWTP]/Controller:Global/ULS402_AI.LoLo,,Boolean
0,Devices/[DemoWWTP]/Controller:Global/ULS402_AI.FQ_Wrn,,Boolean
0,Devices/[DemoWWTP]/Controller:Global/ULS402_AI.Sim_Alm_En,,Boolean
0,Devices/[DemoWWTP]/Controller:Global/ULS402_AI.ExtReset,,Boolean
0,Devices/[DemoWWTP]/Controller:Global/ULS402_AI.Latch_Time,,Float
0,Devices/[DemoWWTP]/Controller:Global/ULS402_AI.RecordStats,,Boolean
0,Devices/[DemoWWTP]/Controller:Global/ULS402_AI.ResetStats,,Boolean
0,Devices/[DemoWWTP]/Controller:Global/ULS402_AI.RecMin,,Float
0,Devices/[DemoWWTP]/Controller:Global/ULS402_AI.RecMax,,Float
0,Devices/[DemoWWTP]/Controller:Global/ULS402_AI.RecAvg,,Float
0,Devices/[DemoWWTP]/Controller:Global/ULS402_AI.RecMinPrev,,Float
0,Devices/[DemoWWTP]/Controller:Global/ULS402_AI.RecMaxPrev,,Float
0,Devices/[DemoWWTP]/Controller:Global/ULS402_AI.RecAvgPrev,,Float
0,Devices/[DemoWWTP]/Controller:Global/ULS403.EnableIn,,Boolean
0,Devices/[DemoWWTP]/Controller:Global/ULS403.EnableOut,,Boolean
0,Devices/[DemoWWTP]/Controller:Global/ULS403.INPUT_PV,,Float
0,Devices/[DemoWWTP]/Controller:Global/ULS403.OWL_SP,,Int32
0,Devices/[DemoWWTP]/Controller:Global/ULS403.HWL_SP,,Int32
0,Devices/[DemoWWTP]/Controller:Global/ULS403.MWL_SP,,Int32
0,Devices/[DemoWWTP]/Controller:Global/ULS403.LWL_SP,,Int32
0,Devices/[DemoWWTP]/Controller:Global/ULS403.XWL_SP,,Int32
0,Devices/[DemoWWTP]/Controller:Global/ULS403.TWL_SP,,Int32
0,Devices/[DemoWWTP]/Controller:Global/ULS403.OWL_OUT,,Boolean
0,Devices/[DemoWWTP]/Controller:Global/ULS403.HWL_OUT,,Boolean
0,Devices/[DemoWWTP]/Controller:Global/ULS403.MWL_OUT,,Boolean
0,Devices/[DemoWWTP]/Controller:Global/ULS403.LWL_OUT,,Boolean
0,Devices/[DemoWWTP]/Controller:Global/ULS403.XWL_OUT,,Boolean
0,Devices/[DemoWWTP]/Controller:Global/ULS403.TWL_OUT,,Boolean
0,Devices/[DemoWWTP]/Controller:Global/ULS403.TANK_DIAMETER,,Float
0,Devices/[DemoWWTP]/Controller:Global/ULS403.TANK_HEIGHT,,Float
0,Devices/[DemoWWTP]/Controller:Global/ULS403.ERROR,,Boolean
0,Devices/[DemoWWTP]/Controller:Global/ULS403.TANK_AREA_OUT,,Int32
0,Devices/[DemoWWTP]/Controller:Global/ULS403.CURRENT_VOLUME_TOTAL_OUT,,Int32
0,Devices/[DemoWWTP]/Controller:Global/ULS403.VOLUME_ABOVE_LWL_OUT,,Int32
0,Devices/[DemoWWTP]/Controller:Global/ULS403.VOLUME_BELOW_HWL_OUT,,Int32
0,Devices/[DemoWWTP]/Controller:Global/ULS403.FILL_PERCENTAGE_OUT,,Int32
0,Devices/[DemoWWTP]/Controller:Global/ULS403_AI.EnableIn,,Boolean
0,Devices/[DemoWWTP]/Controller:Global/ULS403_AI.EnableOut,,Boolean
0,Devices/[DemoWWTP]/Controller:Global/ULS403_AI.Raw,,Int16
0,Devices/[DemoWWTP]/Controller:Global/ULS403_AI.RawMin,,Int16
0,Devices/[DemoWWTP]/Controller:Global/ULS403_AI.RawMax,,Int16
0,Devices/[DemoWWTP]/Controller:Global/ULS403_AI.EngMin,,Float
0,Devices/[DemoWWTP]/Controller:Global/ULS403_AI.EngMax,,Float
0,Devices/[DemoWWTP]/Controller:Global/ULS403_AI.AI_Ext,,Boolean
0,Devices/[DemoWWTP]/Controller:Global/ULS403_AI.AI_En,,Boolean
0,Devices/[DemoWWTP]/Controller:Global/ULS403_AI.Sim,,Boolean
0,Devices/[DemoWWTP]/Controller:Global/ULS403_AI.Reset,,Boolean
0,Devices/[DemoWWTP]/Controller:Global/ULS403_AI.Scaled,,Float
0,Devices/[DemoWWTP]/Controller:Global/ULS403_AI.PV,,Float
0,Devices/[DemoWWTP]/Controller:Global/ULS403_AI.AvgCntSP,,Int32
0,Devices/[DemoWWTP]/Controller:Global/ULS403_AI.ResetPB,,Boolean
0,Devices/[DemoWWTP]/Controller:Global/ULS403_AI.HiHi_En,,Boolean
0,Devices/[DemoWWTP]/Controller:Global/ULS403_AI.Hi_En,,Boolean
0,Devices/[DemoWWTP]/Controller:Global/ULS403_AI.Lo_En,,Boolean
0,Devices/[DemoWWTP]/Controller:Global/ULS403_AI.LoLo_En,,Boolean
0,Devices/[DemoWWTP]/Controller:Global/ULS403_AI.HiHi_ASP,,Float
0,Devices/[DemoWWTP]/Controller:Global/ULS403_AI.Hi_ASP,,Float
0,Devices/[DemoWWTP]/Controller:Global/ULS403_AI.Lo_ASP,,Float
0,Devices/[DemoWWTP]/Controller:Global/ULS403_AI.LoLo_ASP,,Float
0,Devices/[DemoWWTP]/Controller:Global/ULS403_AI.TxFlt_Time,,Float
0,Devices/[DemoWWTP]/Controller:Global/ULS403_AI.HiHi_Time,,Float
0,Devices/[DemoWWTP]/Controller:Global/ULS403_AI.Hi_Time,,Float
0,Devices/[DemoWWTP]/Controller:Global/ULS403_AI.Lo_Time,,Float
0,Devices/[DemoWWTP]/Controller:Global/ULS403_AI.LoLo_Time,,Float
0,Devices/[DemoWWTP]/Controller:Global/ULS403_AI.Avail,,Boolean
0,Devices/[DemoWWTP]/Controller:Global/ULS403_AI.Alarms,,Int16
0,Devices/[DemoWWTP]/Controller:Global/ULS403_AI.Fault,,Boolean
0,Devices/[DemoWWTP]/Controller:Global/ULS403_AI.TxFlt,,Boolean
0,Devices/[DemoWWTP]/Controller:Global/ULS403_AI.HiHi,,Boolean
0,Devices/[DemoWWTP]/Controller:Global/ULS403_AI.Hi,,Boolean
0,Devices/[DemoWWTP]/Controller:Global/ULS403_AI.Lo,,Boolean
0,Devices/[DemoWWTP]/Controller:Global/ULS403_AI.LoLo,,Boolean
0,Devices/[DemoWWTP]/Controller:Global/ULS403_AI.FQ_Wrn,,Boolean
0,Devices/[DemoWWTP]/Controller:Global/ULS403_AI.Sim_Alm_En,,Boolean
0,Devices/[DemoWWTP]/Controller:Global/ULS403_AI.ExtReset,,Boolean
0,Devices/[DemoWWTP]/Controller:Global/ULS403_AI.Latch_Time,,Float
0,Devices/[DemoWWTP]/Controller:Global/ULS403_AI.RecordStats,,Boolean
0,Devices/[DemoWWTP]/Controller:Global/ULS403_AI.ResetStats,,Boolean
0,Devices/[DemoWWTP]/Controller:Global/ULS403_AI.RecMin,,Float
0,Devices/[DemoWWTP]/Controller:Global/ULS403_AI.RecMax,,Float
0,Devices/[DemoWWTP]/Controller:Global/ULS403_AI.RecAvg,,Float
0,Devices/[DemoWWTP]/Controller:Global/ULS403_AI.RecMinPrev,,Float
0,Devices/[DemoWWTP]/Controller:Global/ULS403_AI.RecMaxPrev,,Float
0,Devices/[DemoWWTP]/Controller:Global/ULS403_AI.RecAvgPrev,,Float
0,Devices/[DemoWWTP]/Controller:Global/UPS_FAULT_FILTER.DN,,Boolean
0,Devices/[DemoWWTP]/Controller:Global/UPS_FAULT_FILTER.EN,,Boolean
0,Devices/[DemoWWTP]/Controller:Global/UPS_FAULT_FILTER.TT,,Boolean
0,Devices/[DemoWWTP]/Controller:Global/UPS_FAULT_FILTER.PRE,,Int32
0,Devices/[DemoWWTP]/Controller:Global/UPS_FAULT_FILTER.ACC,,Int32
0,Devices/[DemoWWTP]/Controller:Global/UV501_AI.EnableIn,,Boolean
0,Devices/[DemoWWTP]/Controller:Global/UV501_AI.EnableOut,,Boolean
0,Devices/[DemoWWTP]/Controller:Global/UV501_AI.Raw,,Int16
0,Devices/[DemoWWTP]/Controller:Global/UV501_AI.RawMin,,Int16
0,Devices/[DemoWWTP]/Controller:Global/UV501_AI.RawMax,,Int16
0,Devices/[DemoWWTP]/Controller:Global/UV501_AI.EngMin,,Float
0,Devices/[DemoWWTP]/Controller:Global/UV501_AI.EngMax,,Float
0,Devices/[DemoWWTP]/Controller:Global/UV501_AI.AI_Ext,,Boolean
0,Devices/[DemoWWTP]/Controller:Global/UV501_AI.AI_En,,Boolean
0,Devices/[DemoWWTP]/Controller:Global/UV501_AI.Sim,,Boolean
0,Devices/[DemoWWTP]/Controller:Global/UV501_AI.Reset,,Boolean
0,Devices/[DemoWWTP]/Controller:Global/UV501_AI.Scaled,,Float
0,Devices/[DemoWWTP]/Controller:Global/UV501_AI.PV,,Float
0,Devices/[DemoWWTP]/Controller:Global/UV501_AI.AvgCntSP,,Int32
0,Devices/[DemoWWTP]/Controller:Global/UV501_AI.ResetPB,,Boolean
0,Devices/[DemoWWTP]/Controller:Global/UV501_AI.HiHi_En,,Boolean
0,Devices/[DemoWWTP]/Controller:Global/UV501_AI.Hi_En,,Boolean
0,Devices/[DemoWWTP]/Controller:Global/UV501_AI.Lo_En,,Boolean
0,Devices/[DemoWWTP]/Controller:Global/UV501_AI.LoLo_En,,Boolean
0,Devices/[DemoWWTP]/Controller:Global/UV501_AI.HiHi_ASP,,Float
0,Devices/[DemoWWTP]/Controller:Global/UV501_AI.Hi_ASP,,Float
0,Devices/[DemoWWTP]/Controller:Global/UV501_AI.Lo_ASP,,Float
0,Devices/[DemoWWTP]/Controller:Global/UV501_AI.LoLo_ASP,,Float
0,Devices/[DemoWWTP]/Controller:Global/UV501_AI.TxFlt_Time,,Float
0,Devices/[DemoWWTP]/Controller:Global/UV501_AI.HiHi_Time,,Float
0,Devices/[DemoWWTP]/Controller:Global/UV501_AI.Hi_Time,,Float
0,Devices/[DemoWWTP]/Controller:Global/UV501_AI.Lo_Time,,Float
0,Devices/[DemoWWTP]/Controller:Global/UV501_AI.LoLo_Time,,Float
0,Devices/[DemoWWTP]/Controller:Global/UV501_AI.Avail,,Boolean
0,Devices/[DemoWWTP]/Controller:Global/UV501_AI.Alarms,,Int16
0,Devices/[DemoWWTP]/Controller:Global/UV501_AI.Fault,,Boolean
0,Devices/[DemoWWTP]/Controller:Global/UV501_AI.TxFlt,,Boolean
0,Devices/[DemoWWTP]/Controller:Global/UV501_AI.HiHi,,Boolean
0,Devices/[DemoWWTP]/Controller:Global/UV501_AI.Hi,,Boolean
0,Devices/[DemoWWTP]/Controller:Global/UV501_AI.Lo,,Boolean
0,Devices/[DemoWWTP]/Controller:Global/UV501_AI.LoLo,,Boolean
0,Devices/[DemoWWTP]/Controller:Global/UV501_AI.FQ_Wrn,,Boolean
0,Devices/[DemoWWTP]/Controller:Global/UV501_AI.Sim_Alm_En,,Boolean
0,Devices/[DemoWWTP]/Controller:Global/UV501_AI.ExtReset,,Boolean
0,Devices/[DemoWWTP]/Controller:Global/UV501_AI.Latch_Time,,Float
0,Devices/[DemoWWTP]/Controller:Global/UV501_AI.RecordStats,,Boolean
0,Devices/[DemoWWTP]/Controller:Global/UV501_AI.ResetStats,,Boolean
0,Devices/[DemoWWTP]/Controller:Global/UV501_AI.RecMin,,Float
0,Devices/[DemoWWTP]/Controller:Global/UV501_AI.RecMax,,Float
0,Devices/[DemoWWTP]/Controller:Global/UV501_AI.RecAvg,,Float
0,Devices/[DemoWWTP]/Controller:Global/UV501_AI.RecMinPrev,,Float
0,Devices/[DemoWWTP]/Controller:Global/UV501_AI.RecMaxPrev,,Float
0,Devices/[DemoWWTP]/Controller:Global/UV501_AI.RecAvgPrev,,Float
0,Devices/[DemoWWTP]/Controller:Global/UV501_CCP.EnableIn,,Boolean
0,Devices/[DemoWWTP]/Controller:Global/UV501_CCP.EnableOut,,Boolean
0,Devices/[DemoWWTP]/Controller:Global/UV501_CCP.START_UP_SP,,Int32
0,Devices/[DemoWWTP]/Controller:Global/UV501_CCP.CCP_SP1_REJECT,,Float
0,Devices/[DemoWWTP]/Controller:Global/UV501_CCP.CCP_SP_SP1_PRESET,,Int32
0,Devices/[DemoWWTP]/Controller:Global/UV501_CCP.CCP_SP2_REJECT,,Float
0,Devices/[DemoWWTP]/Controller:Global/UV501_CCP.CCP_SP_SP2_PRESET,,Int32
0,Devices/[DemoWWTP]/Controller:Global/UV501_CCP.CCP_RESET_SP,,Float
0,Devices/[DemoWWTP]/Controller:Global/UV501_CCP.CCP_SP_RESET_PRESET,,Int32
0,Devices/[DemoWWTP]/Controller:Global/UV501_CCP.MEASURMENT_PV,,Float
0,Devices/[DemoWWTP]/Controller:Global/UV501_CCP.MEASUREMENT_FLT,,Boolean
0,Devices/[DemoWWTP]/Controller:Global/UV501_CCP.PUMP1_RUNNING,,Boolean
0,Devices/[DemoWWTP]/Controller:Global/UV501_CCP.PUMP2_RUNNING,,Boolean
0,Devices/[DemoWWTP]/Controller:Global/UV501_CCP.BYPASS_ACTIVE,,Boolean
0,Devices/[DemoWWTP]/Controller:Global/UV501_CCP.REJECT_VALVE_OPEN,,Boolean
0,Devices/[DemoWWTP]/Controller:Global/UV501_CCP.PASS_VALVE_OPEN,,Boolean
0,Devices/[DemoWWTP]/Controller:Global/UV501_CCP.CCP_REJECT,,Boolean
0,Devices/[DemoWWTP]/Controller:Global/UV501_CCP.LOGIC_INVERT,,Boolean
0,Devices/[DemoWWTP]/Controller:Global/WAS_TANK_ACC,,Int32
0,Devices/[DemoWWTP]/Controller:Global/WAS_TANK_ACC_MIN.DN,,Boolean
0,Devices/[DemoWWTP]/Controller:Global/WAS_TANK_ACC_MIN.EN,,Boolean
0,Devices/[DemoWWTP]/Controller:Global/WAS_TANK_ACC_MIN.TT,,Boolean
0,Devices/[DemoWWTP]/Controller:Global/WAS_TANK_ACC_MIN.PRE,,Int32
0,Devices/[DemoWWTP]/Controller:Global/WAS_TANK_ACC_MIN.ACC,,Int32
0,Devices/[DemoWWTP]/Controller:Global/WAS_TANK_FILLED_LEVEL,,Float
0,Devices/[DemoWWTP]/Controller:Global/WAS_TK_FILL.EnableIn,,Boolean
0,Devices/[DemoWWTP]/Controller:Global/WAS_TK_FILL.EnableOut,,Boolean
0,Devices/[DemoWWTP]/Controller:Global/WAS_TK_FILL.Raw,,Int16
0,Devices/[DemoWWTP]/Controller:Global/WAS_TK_FILL.RawMin,,Int16
0,Devices/[DemoWWTP]/Controller:Global/WAS_TK_FILL.RawMax,,Int16
0,Devices/[DemoWWTP]/Controller:Global/WAS_TK_FILL.EngMin,,Float
0,Devices/[DemoWWTP]/Controller:Global/WAS_TK_FILL.EngMax,,Float
0,Devices/[DemoWWTP]/Controller:Global/WAS_TK_FILL.Scaled,,Float
